{
"type": "FeatureCollection",
"name": "rawangenangan",
"crs": { "type": "name", "properties": { "name": "urn:ogc:def:crs:OGC:1.3:CRS84" } },
"features": [
{ "type": "Feature", "properties": { "GID_3": "IDN.11.35.1_1", "GID_0": "IDN", "COUNTRY": "Indonesia", "GID_1": "IDN.11_1", "NAME_1": "Jawa Timur", "NL_NAME_1": "NA", "GID_2": "IDN.11.35_1", "NAME_2": "Surabaya", "NL_NAME_2": "NA", "NAME_3": "Asemrowo", "VARNAME_3": "NA", "NL_NAME_3": "NA", "TYPE_3": "Kecamatan", "ENGTYPE_3": "Sub-district", "CC_3": "3578270", "HASC_3": "NA", "LULC2021": 85, "LULC2022": 85, "LULC2023": 84, "LULC2024": 84, "Kecamatan": "Asemrowo", "UFSI": 7135172014870000.0, "Kelas_Gena": "Tinggi", "n_titik_PU": 1, "Kelas_PU_2": "Rendah", "Validasi": "Tidak Match", "Risiko_DBD": "4.345.372.462.516.940", "Kelas_DBD": "Sedang", "Ranking": 4 }, "geometry": { "type": "MultiPolygon", "coordinates": [ [ [ [ 112.717697143000237, -7.245299815999942 ], [ 112.717720031000226, -7.24544000599991 ], [ 112.717727662000016, -7.245590209999932 ], [ 112.717742920000205, -7.245679853999945 ], [ 112.717742920000205, -7.245820045999949 ], [ 112.717712403000064, -7.245989798999915 ], [ 112.717689515000188, -7.24605989399987 ], [ 112.717628479000041, -7.246200083999952 ], [ 112.717590333000089, -7.246280191999972 ], [ 112.717559814000197, -7.246349810999959 ], [ 112.717498779000039, -7.246478080999907 ], [ 112.717453004000049, -7.246580123999934 ], [ 112.717407227000081, -7.246640203999846 ], [ 112.717330933000312, -7.246769904999894 ], [ 112.717277526000089, -7.246860026999911 ], [ 112.717231751000099, -7.246950148999929 ], [ 112.717178344000217, -7.24701976699987 ], [ 112.717117310000162, -7.247119903999931 ], [ 112.717079164000211, -7.247189997999953 ], [ 112.717033387000015, -7.247290134999957 ], [ 112.716979981000236, -7.247389793999957 ], [ 112.716926574000013, -7.247489928999869 ], [ 112.716888427000299, -7.247570037999935 ], [ 112.716842650000331, -7.24768018799989 ], [ 112.716781617000038, -7.247789859999955 ], [ 112.716720582000221, -7.247900007999874 ], [ 112.716667175000111, -7.248010157999943 ], [ 112.716613770000095, -7.24811983099994 ], [ 112.716567993000126, -7.248189926999885 ], [ 112.716529846000071, -7.248270034999962 ], [ 112.716468810000151, -7.248380182999938 ], [ 112.716407775000107, -7.248499868999943 ], [ 112.716377258000193, -7.248569964999888 ], [ 112.716346740000176, -7.248640059999957 ], [ 112.716316223000035, -7.248710155999959 ], [ 112.716293335000046, -7.248789786999964 ], [ 112.716247558000077, -7.248859882999909 ], [ 112.716217041000164, -7.248929976999932 ], [ 112.716186524000022, -7.249000071999944 ], [ 112.716140747000054, -7.249109744999885 ], [ 112.716102600000227, -7.249187468999935 ], [ 112.716056823000031, -7.249269961999914 ], [ 112.71602630700022, -7.249340057999916 ], [ 112.715988160000165, -7.249430179999933 ], [ 112.715950013000111, -7.249509810999939 ], [ 112.715896606000229, -7.249639986999966 ], [ 112.715873718000125, -7.249715327999979 ], [ 112.715843201000325, -7.249839781999981 ], [ 112.715789796000081, -7.249989985999889 ], [ 112.715812682000205, -7.250385761999951 ], [ 112.715827943000136, -7.250675200999922 ], [ 112.715843201000325, -7.251116751999973 ], [ 112.715858459000174, -7.251371860999939 ], [ 112.715873718000125, -7.251617907999957 ], [ 112.715881348000039, -7.251790045999883 ], [ 112.715835571000071, -7.252068042999952 ], [ 112.715789796000081, -7.252310751999971 ], [ 112.715583801000207, -7.253109931999916 ], [ 112.715339660000154, -7.25403976399997 ], [ 112.715316772000051, -7.25414371599993 ], [ 112.715080260000036, -7.255067348999887 ], [ 112.714996339000095, -7.255300044999956 ], [ 112.71489715600012, -7.255670069999951 ], [ 112.714851379000152, -7.256020068999931 ], [ 112.714859010000168, -7.256143091999888 ], [ 112.714729309000177, -7.256340025999918 ], [ 112.714622498000153, -7.256299971999908 ], [ 112.714340210000046, -7.256110190999948 ], [ 112.714012145000197, -7.255899905999854 ], [ 112.713905335000049, -7.255877016999932 ], [ 112.713729859000068, -7.255839824999953 ], [ 112.713623047000169, -7.255780219999963 ], [ 112.713493348000156, -7.255599975999928 ], [ 112.713249207000104, -7.255330085999958 ], [ 112.713020324000126, -7.255169868999928 ], [ 112.712928772000168, -7.255143642999883 ], [ 112.712852478000059, -7.255119800999978 ], [ 112.712722777000067, -7.255090236999933 ], [ 112.712692261000029, -7.255000113999927 ], [ 112.712585448000027, -7.254669189999959 ], [ 112.712448119000101, -7.25425004899995 ], [ 112.712387084000056, -7.254139899999871 ], [ 112.71231079100005, -7.254016399999955 ], [ 112.712432861000025, -7.25397920599994 ], [ 112.713066101000095, -7.253820417999918 ], [ 112.712928772000168, -7.253559112999881 ], [ 112.7128829950002, -7.253475666999975 ], [ 112.712493896000069, -7.253502367999886 ], [ 112.712036133000083, -7.253510950999896 ], [ 112.711723328000062, -7.25341415399987 ], [ 112.711387635000051, -7.253157614999964 ], [ 112.711181640000177, -7.252998828999978 ], [ 112.710990906, -7.25276899399995 ], [ 112.710922241000162, -7.252550600999939 ], [ 112.710983276000093, -7.252177238999934 ], [ 112.710586547000048, -7.252150534999942 ], [ 112.710525512000117, -7.252271652999923 ], [ 112.710464477000073, -7.252398013999937 ], [ 112.710372925000115, -7.252548217999902 ], [ 112.710227966000161, -7.252795694999975 ], [ 112.710037231000115, -7.253078460999973 ], [ 112.709930419000102, -7.253237723999916 ], [ 112.709808350000117, -7.253427026999873 ], [ 112.709297179000146, -7.253495215999919 ], [ 112.709030152000196, -7.253530024999975 ], [ 112.708900451000204, -7.253550052999913 ], [ 112.70870208700012, -7.253535746999887 ], [ 112.708686828000168, -7.253767490999962 ], [ 112.708450317000029, -7.253798484999948 ], [ 112.708129882000094, -7.253921984999977 ], [ 112.707855224000127, -7.25409841599992 ], [ 112.707496642000137, -7.254213333999928 ], [ 112.707260131000339, -7.254230974999871 ], [ 112.706954957000107, -7.254213333999928 ], [ 112.706581117000155, -7.254213333999928 ], [ 112.706237793000128, -7.254240034999896 ], [ 112.705970763000096, -7.254398822999974 ], [ 112.705726624000022, -7.254503249999914 ], [ 112.705657959000291, -7.254531383999961 ], [ 112.70537567100007, -7.254681585999947 ], [ 112.705032349000021, -7.254719732999888 ], [ 112.704811096000299, -7.254743575999896 ], [ 112.704360963000113, -7.254734515999871 ], [ 112.70397949200003, -7.254681585999947 ], [ 112.703582764000089, -7.25477027799991 ], [ 112.702552796000191, -7.25487613699994 ], [ 112.702247619000218, -7.254986762999977 ], [ 112.702262879000045, -7.254901408999899 ], [ 112.702262879000045, -7.254821776999904 ], [ 112.70231628400029, -7.254310607999969 ], [ 112.7023239130001, -7.254163263999942 ], [ 112.702362061000258, -7.253804206999916 ], [ 112.7023010260001, -7.253745554999966 ], [ 112.702217102000077, -7.253663062999976 ], [ 112.702056885000047, -7.253587244999892 ], [ 112.701972961000024, -7.253573416999927 ], [ 112.701904298000159, -7.253539084999829 ], [ 112.70179748500027, -7.25353193199993 ], [ 112.701683045000209, -7.253539084999829 ], [ 112.701576232000207, -7.253573416999927 ], [ 112.701454162, -7.253621578999969 ], [ 112.701370240000188, -7.253711222999925 ], [ 112.70124816900011, -7.253731726999945 ], [ 112.701156615000173, -7.253628253999921 ], [ 112.701156615000173, -7.253497599999946 ], [ 112.701194762000227, -7.253428459999895 ], [ 112.701301575000116, -7.253345965999927 ], [ 112.701377868000122, -7.253291130999912 ], [ 112.701545716000169, -7.253173827999888 ], [ 112.701545716000169, -7.253033638999909 ], [ 112.701522827000076, -7.252940653999872 ], [ 112.701408387000015, -7.252870082999891 ], [ 112.70130920500003, -7.252844809999942 ], [ 112.701187134000179, -7.252735614999949 ], [ 112.701065063000101, -7.252630709999892 ], [ 112.700958251000088, -7.25255012599996 ], [ 112.700874329000271, -7.252460956999869 ], [ 112.700798036000265, -7.252379892999841 ], [ 112.700622558000305, -7.252079963999961 ], [ 112.700531006, -7.251790045999883 ], [ 112.700485229000037, -7.251538275999906 ], [ 112.700340272000062, -7.251258849999886 ], [ 112.700241090000191, -7.250926494999931 ], [ 112.700218201000212, -7.250713347999977 ], [ 112.700180054000157, -7.250526903999912 ], [ 112.700149536000254, -7.250354290999951 ], [ 112.700218201000212, -7.250274181999941 ], [ 112.700271606000229, -7.250167846999943 ], [ 112.700378419000117, -7.250114439999891 ], [ 112.700553894000109, -7.250074862999895 ], [ 112.700721740000176, -7.250061511999945 ], [ 112.7008056640002, -7.250034332999917 ], [ 112.700881957000206, -7.250008106999871 ], [ 112.700973511000143, -7.249954699999819 ], [ 112.701103210000156, -7.249853609999889 ], [ 112.701232911000147, -7.249768732999883 ], [ 112.701400757000101, -7.249635696999974 ], [ 112.701591491000272, -7.249502657999869 ], [ 112.701599121000072, -7.249356268999975 ], [ 112.701553344000104, -7.249083518999953 ], [ 112.701438904000042, -7.248857020999935 ], [ 112.701301575000116, -7.248737334999873 ], [ 112.701141357000211, -7.248737334999873 ], [ 112.700996398000029, -7.24877738899994 ], [ 112.700851441000168, -7.248857020999935 ], [ 112.700614930000029, -7.248843669999928 ], [ 112.700294495000094, -7.248993396999936 ], [ 112.700164794000102, -7.24920987999991 ], [ 112.699851989000081, -7.249341963999939 ], [ 112.699684144000116, -7.24929285099995 ], [ 112.699363709000181, -7.249193190999961 ], [ 112.699150086000031, -7.249243258999911 ], [ 112.698867798000038, -7.249243258999911 ], [ 112.698654175000115, -7.249359606999974 ], [ 112.698333740000294, -7.249526023999977 ], [ 112.698249817000033, -7.24972534099993 ], [ 112.698249817000033, -7.249891756999943 ], [ 112.698287963000325, -7.250058173999946 ], [ 112.698402404000149, -7.250141142999951 ], [ 112.698585510000157, -7.250274181999941 ], [ 112.698783874000014, -7.250357627999961 ], [ 112.698898315000065, -7.250490664999916 ], [ 112.698951722000061, -7.250706671999865 ], [ 112.698753357000101, -7.250956058999975 ], [ 112.698699950000218, -7.251122473999885 ], [ 112.698402404000149, -7.251305579999951 ], [ 112.69812011800002, -7.251388548999955 ], [ 112.697853088000102, -7.251421927999957 ], [ 112.69754028300008, -7.251222133999875 ], [ 112.697250367000265, -7.25088977799993 ], [ 112.697006226000099, -7.250407217999964 ], [ 112.696929932000103, -7.250271796999925 ], [ 112.696807861000252, -7.250024794999945 ], [ 112.696708679000039, -7.249875067999881 ], [ 112.69648742600009, -7.24982500099992 ], [ 112.696006774000011, -7.249875067999881 ], [ 112.695793151000316, -7.249742031999972 ], [ 112.695701599000017, -7.249489307999966 ], [ 112.695655823000152, -7.249376296999912 ], [ 112.695610046000184, -7.249076842999898 ], [ 112.695610046000184, -7.248893736999946 ], [ 112.695724488000224, -7.248710630999824 ], [ 112.695739746000072, -7.248544692999928 ], [ 112.695693969000104, -7.24834489899996 ], [ 112.695487977000084, -7.248112200999969 ], [ 112.695182800000225, -7.247895240999924 ], [ 112.695045471000071, -7.248078823999947 ], [ 112.695007324000017, -7.248178480999911 ], [ 112.695205689000204, -7.248627661999876 ], [ 112.695404053000061, -7.248893736999946 ], [ 112.695526124000025, -7.249359606999974 ], [ 112.695594787000118, -7.249514103999957 ], [ 112.69550323500016, -7.24957704499991 ], [ 112.695243836000031, -7.249720572999877 ], [ 112.6941452020003, -7.250469683999881 ], [ 112.693702698000152, -7.250761509999961 ], [ 112.692619323000258, -7.251476287999935 ], [ 112.692276001000096, -7.251616954999974 ], [ 112.692047119000335, -7.252739904999942 ], [ 112.691841034000049, -7.252769994999937 ], [ 112.691596985000047, -7.252900122999961 ], [ 112.691401459000076, -7.252985326999919 ], [ 112.69132232700008, -7.253019809999955 ], [ 112.691146851000099, -7.253089903999978 ], [ 112.691021203000219, -7.25310560999992 ], [ 112.691009522000058, -7.253107069999942 ], [ 112.690189735000104, -7.252958162999903 ], [ 112.688789087000032, -7.252703747999874 ], [ 112.688080000000127, -7.252575 ], [ 112.687992267000027, -7.252963356999885 ], [ 112.687873720000084, -7.252942532999953 ], [ 112.687545777000082, -7.252884863999952 ], [ 112.68750469500003, -7.252874243999884 ], [ 112.687354047000213, -7.252835297999923 ], [ 112.687206558000184, -7.252797173999966 ], [ 112.687185490000161, -7.25279175999998 ], [ 112.686935247000179, -7.25272806299995 ], [ 112.686874389000081, -7.252917765999939 ], [ 112.686759948000145, -7.253341197999873 ], [ 112.686607361000029, -7.253263471999958 ], [ 112.686331799000186, -7.253148949999968 ], [ 112.686138875000211, -7.254103971999939 ], [ 112.686070313000187, -7.254443779999974 ], [ 112.685951233000083, -7.255033969999943 ], [ 112.686149597000167, -7.255125521999901 ], [ 112.686386108000079, -7.255249976999892 ], [ 112.686302184000056, -7.255851745999962 ], [ 112.686172486000032, -7.256730078999965 ], [ 112.686111450000112, -7.257060049999893 ], [ 112.686069533000136, -7.257201146999932 ], [ 112.686058000000116, -7.25724 ], [ 112.685127000000193, -7.25699 ], [ 112.684608, -7.256850000999862 ], [ 112.68379877100017, -7.25654953399993 ], [ 112.683705322000037, -7.25651404599995 ], [ 112.683643896000035, -7.256490762999874 ], [ 112.683563233000086, -7.256460188999938 ], [ 112.683174133000193, -7.2563214299999 ], [ 112.683113558000059, -7.256299976999912 ], [ 112.683082172000127, -7.256288860999973 ], [ 112.68301391500006, -7.256264684999906 ], [ 112.682922363000102, -7.256229875999963 ], [ 112.682258607000108, -7.25601005599998 ], [ 112.681274414000086, -7.25563573799991 ], [ 112.681320191000054, -7.255519867999851 ], [ 112.681571960000042, -7.25461006199987 ], [ 112.681587218000232, -7.25443982999991 ], [ 112.681762696000192, -7.253970144999869 ], [ 112.681991577000076, -7.253190040999925 ], [ 112.682151795000323, -7.252409934999946 ], [ 112.682250977000194, -7.251669882999977 ], [ 112.682243347000053, -7.251007555999877 ], [ 112.682228088000329, -7.249999998999897 ], [ 112.682174683000085, -7.249859809999975 ], [ 112.681907653000053, -7.249859809999975 ], [ 112.681480408000084, -7.249829768999973 ], [ 112.680412293000131, -7.24973010899987 ], [ 112.67957305900029, -7.249639986999966 ], [ 112.678962708000199, -7.249579906999884 ], [ 112.67836761500007, -7.249499797999931 ], [ 112.678047180000249, -7.249430179999933 ], [ 112.677597046000187, -7.249259948999963 ], [ 112.676887513000111, -7.24902009799996 ], [ 112.677001953000058, -7.248660086999905 ], [ 112.677398682000103, -7.247525215999872 ], [ 112.677467345000196, -7.24732017599996 ], [ 112.677619935000166, -7.246819972999958 ], [ 112.677688598000032, -7.246600149999892 ], [ 112.677780152000196, -7.246369838999954 ], [ 112.677825927000185, -7.246192930999939 ], [ 112.677612304000149, -7.246099948999927 ], [ 112.676651002000199, -7.245739936999939 ], [ 112.675483704000044, -7.245409963999919 ], [ 112.674812316000157, -7.245220184999937 ], [ 112.674148560000049, -7.245039938999867 ], [ 112.673851013000103, -7.245039938999867 ], [ 112.673919679000051, -7.24484062199997 ], [ 112.674003601000095, -7.244609831999981 ], [ 112.674140929000259, -7.244050024999922 ], [ 112.67426300000011, -7.243509769999889 ], [ 112.674369812000123, -7.242859839999937 ], [ 112.674392701000102, -7.242727278999894 ], [ 112.674430848000043, -7.24249982799995 ], [ 112.674537658000304, -7.242199897999967 ], [ 112.674980164000203, -7.241590022999958 ], [ 112.675086976000102, -7.241429804999939 ], [ 112.675163270000212, -7.241179942999963 ], [ 112.675201416000164, -7.240809915999876 ], [ 112.675209045000202, -7.240359782999974 ], [ 112.675270080000018, -7.239250182999967 ], [ 112.675453186000027, -7.238220214999956 ], [ 112.675460816000168, -7.238049983999872 ], [ 112.675483704000044, -7.237790106999967 ], [ 112.675193786000023, -7.237760065999964 ], [ 112.674949647000062, -7.237730026999884 ], [ 112.674758911000026, -7.237699984999892 ], [ 112.674606324000138, -7.237679958999934 ], [ 112.674491883000201, -7.237659930999939 ], [ 112.674392701000102, -7.23763990499998 ], [ 112.674240112, -7.237619876999929 ], [ 112.67410278300008, -7.237589834999937 ], [ 112.67395782500023, -7.237569808999979 ], [ 112.673828125000114, -7.237549780999871 ], [ 112.673698426000328, -7.23753023199987 ], [ 112.673568725000337, -7.23752021699994 ], [ 112.67343902600021, -7.237510203999932 ], [ 112.673316956, -7.237500190999981 ], [ 112.673202515000071, -7.237500190999981 ], [ 112.673080445000096, -7.237500190999981 ], [ 112.672996521000073, -7.237500190999981 ], [ 112.672889710000049, -7.237500190999981 ], [ 112.672813415000064, -7.237500190999981 ], [ 112.672737121000068, -7.237500190999981 ], [ 112.672653197000045, -7.237500190999981 ], [ 112.672531129000163, -7.237490177999916 ], [ 112.67244720500014, -7.237470149999979 ], [ 112.672279357000093, -7.237440107999873 ], [ 112.672203064000087, -7.237430094999922 ], [ 112.672050476000095, -7.237380027999961 ], [ 112.67192840600012, -7.23734998599997 ], [ 112.671836854000162, -7.237329959999897 ], [ 112.671752930000139, -7.237319944999967 ], [ 112.671669006000116, -7.237299918999895 ], [ 112.671562196000195, -7.237279890999957 ], [ 112.671417237000014, -7.237430094999922 ], [ 112.671089172000052, -7.238009929999976 ], [ 112.670989989000191, -7.238210201999891 ], [ 112.670913696000184, -7.238510130999941 ], [ 112.670860291000054, -7.238669872999935 ], [ 112.670738220000203, -7.23881006199997 ], [ 112.67057800200007, -7.23893976099987 ], [ 112.670387268000127, -7.239130019999891 ], [ 112.670059203000051, -7.239540098999896 ], [ 112.669982910000044, -7.23968982599996 ], [ 112.669990540000185, -7.239779947999921 ], [ 112.670013428000061, -7.239880084999982 ], [ 112.670021056000223, -7.240159987999959 ], [ 112.669967651000093, -7.240660190999961 ], [ 112.669731140000181, -7.241769790999911 ], [ 112.669677735000278, -7.241869925999936 ], [ 112.668777466000165, -7.24158000999995 ], [ 112.668487549000019, -7.241489887999933 ], [ 112.667877198000042, -7.241340160999812 ], [ 112.667800902000181, -7.241360186999941 ], [ 112.667739869000343, -7.241479872999889 ], [ 112.667709350000223, -7.24162006399996 ], [ 112.667587280000021, -7.242149828999914 ], [ 112.667518616000052, -7.242209910999918 ], [ 112.667427062000115, -7.242219924999972 ], [ 112.667259217000037, -7.242169856999965 ], [ 112.667091369000332, -7.242149828999914 ], [ 112.666931152000302, -7.24222993799998 ], [ 112.66658783000014, -7.242380141999945 ], [ 112.666267395000204, -7.242199897999967 ], [ 112.665969849000135, -7.242020129999958 ], [ 112.665870667000036, -7.241650104999962 ], [ 112.665718079000044, -7.241030215999899 ], [ 112.665657044000227, -7.240709780999964 ], [ 112.665618897000172, -7.240489958999888 ], [ 112.665481568000132, -7.240009783999938 ], [ 112.665397644000109, -7.239850043999979 ], [ 112.665191650000111, -7.23960018199989 ], [ 112.664916992000144, -7.239480018999927 ], [ 112.664642334000291, -7.239309787999957 ], [ 112.664428712000017, -7.23912000699994 ], [ 112.664237975000106, -7.239009856999928 ], [ 112.664001464000194, -7.23893976099987 ], [ 112.663757325, -7.238900183999874 ], [ 112.663650513000221, -7.23889017099998 ], [ 112.662788392000039, -7.23877000799996 ], [ 112.662399292000146, -7.238609789999941 ], [ 112.661781310000038, -7.238409995999916 ], [ 112.661262513000111, -7.238170146999892 ], [ 112.661209106000115, -7.238080024999874 ], [ 112.660972595000317, -7.237830160999977 ], [ 112.66081237700007, -7.237619876999929 ], [ 112.660682679000161, -7.237569808999979 ], [ 112.660598755000137, -7.237450122999974 ], [ 112.660606385000051, -7.237249851999934 ], [ 112.660606385000051, -7.237170219999939 ], [ 112.660583496000186, -7.237030028999868 ], [ 112.660537719000217, -7.236959932999923 ], [ 112.660469056000011, -7.236859797999898 ], [ 112.660392760000036, -7.236790179999844 ], [ 112.660331727000084, -7.236720083999899 ], [ 112.66027069200004, -7.236649990999979 ], [ 112.660240173000147, -7.236559866999869 ], [ 112.660232545000213, -7.23643016799997 ], [ 112.660240173000147, -7.236289976999956 ], [ 112.66027069200004, -7.236199854999938 ], [ 112.66031646700003, -7.236070155999926 ], [ 112.660362244000225, -7.235990047999962 ], [ 112.66043090900007, -7.235919951999961 ], [ 112.660522461000028, -7.235859870999946 ], [ 112.660598755000137, -7.235809801999892 ], [ 112.660682679000161, -7.235779762999925 ], [ 112.660766602000081, -7.235750198999938 ], [ 112.66084289600019, -7.235730170999886 ], [ 112.660926820000213, -7.235700128999952 ], [ 112.661071777000188, -7.235670089999871 ], [ 112.661163331000125, -7.235670089999871 ], [ 112.66124725300017, -7.235670089999871 ], [ 112.661331177000193, -7.235690115999944 ], [ 112.661460877000081, -7.235710143999938 ], [ 112.661590576000208, -7.235750198999938 ], [ 112.661758424000027, -7.235799788999941 ], [ 112.661842346000071, -7.235819816999935 ], [ 112.661918639000078, -7.235829829999943 ], [ 112.662002563000101, -7.235849855999845 ], [ 112.662170411000147, -7.235869883999897 ], [ 112.662330628000177, -7.235889910999958 ], [ 112.662399292000146, -7.235849855999845 ], [ 112.662437438000097, -7.235760211999889 ], [ 112.662467957000104, -7.235670089999871 ], [ 112.662498474000017, -7.235599993999926 ], [ 112.662528992000034, -7.235519885999963 ], [ 112.662551879000034, -7.235439776999954 ], [ 112.662590028000295, -7.235320090999949 ], [ 112.662628175, -7.235179899999935 ], [ 112.662666321000302, -7.235040187999971 ], [ 112.662696838000102, -7.234940050999967 ], [ 112.662719727000081, -7.234869956999944 ], [ 112.66274261500007, -7.234739778999938 ], [ 112.662750243, -7.234640121999917 ], [ 112.662750243, -7.234529971999962 ], [ 112.662719727000081, -7.234449862999895 ], [ 112.662689210000167, -7.234350203999952 ], [ 112.662651061000133, -7.234280109999816 ], [ 112.662612914000078, -7.234210013999871 ], [ 112.662528992000034, -7.234129904999975 ], [ 112.66246032700019, -7.234049796999955 ], [ 112.662399292000146, -7.233980177999968 ], [ 112.66230011000016, -7.23385000199994 ], [ 112.662208558000202, -7.233729838999921 ], [ 112.662162781, -7.233610152999972 ], [ 112.662147522000282, -7.233469961999901 ], [ 112.662178039000082, -7.233349798999939 ], [ 112.662208558000202, -7.233260154999869 ], [ 112.662261963000105, -7.233160017999865 ], [ 112.662330628000177, -7.233059882999839 ], [ 112.662376403000167, -7.232989786999894 ], [ 112.662437438000097, -7.232920168999897 ], [ 112.662513732000207, -7.232840059999944 ], [ 112.66259765600023, -7.232739924999919 ], [ 112.662872314000083, -7.232079981999959 ], [ 112.662872314000083, -7.231910228999936 ], [ 112.662712096000064, -7.23160981999996 ], [ 112.662467957000104, -7.231180189999918 ], [ 112.662002563000101, -7.23073005599997 ], [ 112.661697388000334, -7.23043012699992 ], [ 112.661422729000265, -7.229899881999927 ], [ 112.661300660000052, -7.229609965999941 ], [ 112.661239625, -7.229060172999937 ], [ 112.66124725300017, -7.228940009999917 ], [ 112.661422729000265, -7.228600023999945 ], [ 112.661567688000105, -7.228370189999964 ], [ 112.661712647000058, -7.228240011999901 ], [ 112.661941528000284, -7.228109835999874 ], [ 112.662170411000147, -7.228040217999933 ], [ 112.662857056, -7.228030204999868 ], [ 112.663162232000218, -7.227989196999943 ], [ 112.663360596000075, -7.227920054999913 ], [ 112.663497925000229, -7.227819919999888 ], [ 112.66364288300008, -7.227670192999938 ], [ 112.663757325, -7.227429866999955 ], [ 112.663818360000164, -7.227099895999913 ], [ 112.663871765000067, -7.22645664099997 ], [ 112.663871765000067, -7.226230144999874 ], [ 112.663803100000109, -7.2258601179999 ], [ 112.663726806000227, -7.225426672999959 ], [ 112.663681029000031, -7.225180148999868 ], [ 112.663742065000179, -7.224994181999932 ], [ 112.663909912000122, -7.224749565999957 ], [ 112.6640319830002, -7.224609851999958 ], [ 112.664085388000217, -7.224208354999917 ], [ 112.664077758000076, -7.223979949999944 ], [ 112.66397857600009, -7.223750113999927 ], [ 112.663940429000036, -7.223680017999925 ], [ 112.663848877000078, -7.223539828999947 ], [ 112.663787842000147, -7.223430156999939 ], [ 112.663772583000195, -7.223350047999872 ], [ 112.663742065000179, -7.22326993899992 ], [ 112.663726806000227, -7.223110198999962 ], [ 112.663742065000179, -7.223020076999944 ], [ 112.663787842000147, -7.222869872999922 ], [ 112.663818360000164, -7.222799776999921 ], [ 112.663856507000219, -7.222720145999972 ], [ 112.663932801000101, -7.222589969999945 ], [ 112.663970948000156, -7.222519873999943 ], [ 112.6640319830002, -7.222430229999873 ], [ 112.664077758000076, -7.222370146999879 ], [ 112.664169312000013, -7.222280024999975 ], [ 112.664222717000143, -7.222229957999957 ], [ 112.664306641000167, -7.222189902999901 ], [ 112.66439056500019, -7.222189902999901 ], [ 112.664466858000196, -7.222199915999852 ], [ 112.664550782000219, -7.222229957999957 ], [ 112.664642334000291, -7.222280024999975 ], [ 112.664726258000087, -7.222340105999876 ], [ 112.664848329000051, -7.222439764999876 ], [ 112.664916992000144, -7.22249984799987 ], [ 112.664978027000075, -7.222539901999937 ], [ 112.665100098000153, -7.222620010999947 ], [ 112.665168762, -7.222670077999851 ], [ 112.665283204000048, -7.222710132999964 ], [ 112.665390014000195, -7.222730158999923 ], [ 112.665466308000077, -7.222750186999974 ], [ 112.665649414000086, -7.222730158999923 ], [ 112.665733338000109, -7.222720145999972 ], [ 112.665878297000177, -7.222680090999972 ], [ 112.666000366000048, -7.222640036999962 ], [ 112.666099548000034, -7.22260999599996 ], [ 112.666183471000181, -7.222579956999937 ], [ 112.666259765000063, -7.222549914999945 ], [ 112.666343689000087, -7.222509860999935 ], [ 112.666419983000196, -7.222469806999868 ], [ 112.666488648000154, -7.222420214999943 ], [ 112.666549683000085, -7.222370146999879 ], [ 112.666610719, -7.222320079999918 ], [ 112.666656494000108, -7.222259998999959 ], [ 112.666709901000218, -7.222209929999963 ], [ 112.666809083000089, -7.22209978199993 ], [ 112.666862488000106, -7.22204017599995 ], [ 112.66692352300015, -7.221960067999873 ], [ 112.66696929800014, -7.221889971999872 ], [ 112.667022706000239, -7.22182989099997 ], [ 112.667068481000229, -7.221759795999958 ], [ 112.667106629000045, -7.22169017799996 ], [ 112.667160035000165, -7.221620081999902 ], [ 112.667221070000096, -7.221509933999869 ], [ 112.66728210500014, -7.221409796999922 ], [ 112.667350769000109, -7.221280097999966 ], [ 112.667396546000077, -7.221149921999938 ], [ 112.667442323000046, -7.221059797999942 ], [ 112.667488098000035, -7.220980166999937 ], [ 112.667526244000214, -7.220910070999878 ], [ 112.66761016800001, -7.220789909999894 ], [ 112.667678834000185, -7.220719813999949 ], [ 112.667732239000088, -7.220660208999902 ], [ 112.667778016000057, -7.220600128999934 ], [ 112.667861938000101, -7.220520019999924 ], [ 112.667976380000141, -7.220409869999969 ], [ 112.668037416000175, -7.220359802999894 ], [ 112.668136598000046, -7.220290183999907 ], [ 112.668212891000053, -7.22023010199996 ], [ 112.668312073000038, -7.220160007999823 ], [ 112.668373109000186, -7.22010993899994 ], [ 112.668502808000312, -7.220220088999895 ], [ 112.668663025000342, -7.220310210999969 ], [ 112.668876648000037, -7.220369815999959 ], [ 112.669197083000086, -7.220409869999969 ], [ 112.669403077000084, -7.220449923999979 ], [ 112.670173646000194, -7.220900057999927 ], [ 112.670387268000127, -7.22103977199987 ], [ 112.670967103000066, -7.221310137999922 ], [ 112.671127320000096, -7.221399783999971 ], [ 112.671226502000081, -7.221499918999939 ], [ 112.671257019000222, -7.221610068999894 ], [ 112.67101287800017, -7.222249983999973 ], [ 112.670959473000153, -7.222370146999879 ], [ 112.670997620000321, -7.222439764999876 ], [ 112.671119690000296, -7.222519873999943 ], [ 112.671203614000319, -7.222539901999937 ], [ 112.671302796000191, -7.222459792999928 ], [ 112.671470642000031, -7.222219944999893 ], [ 112.671577454000158, -7.222080230999893 ], [ 112.67165374800004, -7.222030162999943 ], [ 112.672172547000287, -7.222089765999954 ], [ 112.672317504000148, -7.22213983599994 ], [ 112.672477722000053, -7.222219944999893 ], [ 112.672622681, -7.222239970999965 ], [ 112.672828675, -7.222229957999957 ], [ 112.673049926000317, -7.222340105999876 ], [ 112.673347472000046, -7.22249984799987 ], [ 112.673622132000105, -7.222640036999962 ], [ 112.673896790000072, -7.222760199999925 ], [ 112.674148560000049, -7.222879885999873 ], [ 112.674667359000296, -7.223030089999952 ], [ 112.67489624000018, -7.223030089999952 ], [ 112.675483704000044, -7.22332000699987 ], [ 112.675598145000208, -7.223400114999947 ], [ 112.675949097000171, -7.223690033999958 ], [ 112.676162719000217, -7.223820209999872 ], [ 112.676406860000043, -7.223909853999942 ], [ 112.67662811300022, -7.22391986699995 ], [ 112.67698669500021, -7.223849773999916 ], [ 112.677146912000012, -7.223800181999934 ], [ 112.677276611000025, -7.223700046999966 ], [ 112.677352905000134, -7.223599909999962 ], [ 112.677322388000107, -7.222849846999964 ], [ 112.677421570000206, -7.222199915999852 ], [ 112.677650451000204, -7.220809935999966 ], [ 112.677742005000141, -7.220379828999967 ], [ 112.677780152000196, -7.220280168999977 ], [ 112.677856446000078, -7.22023010199996 ], [ 112.677932739000084, -7.22023010199996 ], [ 112.677932739000084, -7.220590113999947 ], [ 112.677902221000068, -7.220819948999974 ], [ 112.677902221000068, -7.221179960999905 ], [ 112.677963256000112, -7.221310137999922 ], [ 112.678131104000272, -7.221469879999916 ], [ 112.678253174000247, -7.221529959999941 ], [ 112.678352356000119, -7.221539972999949 ], [ 112.678428650000228, -7.221509933999869 ], [ 112.678497314000197, -7.221350191999875 ], [ 112.678840637000121, -7.221099852999942 ], [ 112.679206849000025, -7.221159934999946 ], [ 112.680030823000152, -7.221380232999877 ], [ 112.680152893000127, -7.221449850999875 ], [ 112.680229187, -7.221529959999941 ], [ 112.680259704000036, -7.221809862999976 ], [ 112.68023681700015, -7.222050189999891 ], [ 112.680107116000158, -7.222430229999873 ], [ 112.680030823000152, -7.22265004999997 ], [ 112.680023193000238, -7.222990035999942 ], [ 112.680053711000141, -7.223120211999969 ], [ 112.680107116000158, -7.22317027999992 ], [ 112.680366516000163, -7.223400114999947 ], [ 112.680633546000195, -7.223559854999905 ], [ 112.681457520000208, -7.223820209999872 ], [ 112.681823730000133, -7.223949908999941 ], [ 112.681922912000118, -7.224219798999911 ], [ 112.681968689000087, -7.224299906999875 ], [ 112.682106018000013, -7.224361894999959 ], [ 112.682411194000224, -7.224500178999904 ], [ 112.682670594000342, -7.224579810999955 ], [ 112.68290710500014, -7.224609851999958 ], [ 112.683151244000328, -7.224629877999973 ], [ 112.683692932000213, -7.224810123999816 ], [ 112.683937073000038, -7.22489023199995 ], [ 112.684860229000037, -7.225259779999874 ], [ 112.68530273500005, -7.225389957999937 ], [ 112.685829162, -7.225490092999962 ], [ 112.68609619200015, -7.225490092999962 ], [ 112.686172486000032, -7.225470064999968 ], [ 112.686271668000018, -7.225409983999953 ], [ 112.686317445000213, -7.224969863999888 ], [ 112.686347961000024, -7.224730014999921 ], [ 112.686416627000085, -7.224460124999894 ], [ 112.686470032000102, -7.224359989999869 ], [ 112.68663787800017, -7.224229811999919 ], [ 112.687843324000028, -7.223879814999918 ], [ 112.687988281000116, -7.223810196999921 ], [ 112.68814849800026, -7.223619937999899 ], [ 112.688217164000093, -7.223519800999895 ], [ 112.688392640000075, -7.223420142999828 ], [ 112.688720703000058, -7.223350047999872 ], [ 112.689010621000079, -7.223299979999922 ], [ 112.689170838000109, -7.22332000699987 ], [ 112.689262390000067, -7.223360060999937 ], [ 112.689483643000017, -7.223360060999937 ], [ 112.68978119000019, -7.223420142999828 ], [ 112.690071106, -7.223470210999949 ], [ 112.690353394000113, -7.223579883999889 ], [ 112.690559386000132, -7.223619937999899 ], [ 112.691238403000057, -7.223599909999962 ], [ 112.691406251000103, -7.223569869999949 ], [ 112.691513061000023, -7.223499774999937 ], [ 112.691612243000236, -7.223360060999937 ], [ 112.691802979000045, -7.223259925999969 ], [ 112.691917420000209, -7.223259925999969 ], [ 112.692016602000081, -7.223410127999955 ], [ 112.692062379000049, -7.2234802239999 ], [ 112.692161561000034, -7.223490236999965 ], [ 112.692298890000302, -7.223390101999939 ], [ 112.692306518, -7.22326993899992 ], [ 112.692489624000132, -7.223239897999918 ], [ 112.692741394000109, -7.223199842999975 ], [ 112.692947388000107, -7.223060131999944 ], [ 112.693046570000206, -7.223030089999952 ], [ 112.693122864000088, -7.223420142999828 ], [ 112.693153380000126, -7.223619937999899 ], [ 112.693283081000118, -7.223710059999917 ], [ 112.693458557000099, -7.223700046999966 ], [ 112.693679810000162, -7.223629950999964 ], [ 112.693817139000089, -7.22358989699984 ], [ 112.694053650000228, -7.223629950999964 ], [ 112.694190979000268, -7.223670004999974 ], [ 112.694412232000218, -7.223639963999972 ], [ 112.694946289000086, -7.223529815999939 ], [ 112.695053101000212, -7.223499774999937 ], [ 112.695182800000225, -7.223308562999932 ], [ 112.695236205000242, -7.223219871999959 ], [ 112.695343018000131, -7.223169803999895 ], [ 112.69544983000003, -7.223169803999895 ], [ 112.695556640000063, -7.223219871999959 ], [ 112.69571685800031, -7.223370073999945 ], [ 112.695808410000041, -7.223410127999955 ], [ 112.696296692000146, -7.223080157999959 ], [ 112.696456910000052, -7.222869872999922 ], [ 112.696533203000058, -7.22278976399997 ], [ 112.696731568000246, -7.222700119999956 ], [ 112.696876525000107, -7.22265004999997 ], [ 112.696907044000227, -7.222290037999926 ], [ 112.69776153600003, -7.222137450999924 ], [ 112.698356629000159, -7.222030162999943 ], [ 112.698516846000189, -7.222010134999948 ], [ 112.698593140000071, -7.222280024999975 ], [ 112.698776246000307, -7.222239970999965 ], [ 112.69940948600015, -7.221990108999876 ], [ 112.699501038000108, -7.222020147999899 ], [ 112.699623108000083, -7.222109794999938 ], [ 112.699836731, -7.22209978199993 ], [ 112.700393677000079, -7.22186994599997 ], [ 112.700683593000122, -7.221809862999976 ], [ 112.701843262000239, -7.221509933999869 ], [ 112.702247619000218, -7.221380232999877 ], [ 112.702491760000044, -7.221350191999875 ], [ 112.702621459000056, -7.221302031999812 ], [ 112.703529359000072, -7.220960140999921 ], [ 112.703987121000068, -7.220870016999925 ], [ 112.704208373000256, -7.220829962999915 ], [ 112.704612732000101, -7.220729827999889 ], [ 112.704788208000195, -7.220729827999889 ], [ 112.704963684000177, -7.220809935999966 ], [ 112.70520782500023, -7.220980166999937 ], [ 112.70549011300011, -7.22107982599988 ], [ 112.705558777000078, -7.221169947999897 ], [ 112.705467225, -7.221199988999956 ], [ 112.705299377000074, -7.221240043999899 ], [ 112.705291749000025, -7.221469879999916 ], [ 112.705497741000045, -7.221749782999893 ], [ 112.705619812000123, -7.221940039999936 ], [ 112.705680847000053, -7.22217988999995 ], [ 112.705726624000022, -7.222380159999943 ], [ 112.705810546000066, -7.222630023999898 ], [ 112.7058486950001, -7.223219871999959 ], [ 112.706031799000016, -7.224750040999879 ], [ 112.706237793000128, -7.224760055999923 ], [ 112.706230163000214, -7.224899767999943 ], [ 112.706230163000214, -7.225019930999963 ], [ 112.706222535000165, -7.225150106999877 ], [ 112.706222535000165, -7.225269794999917 ], [ 112.706207275000111, -7.225389957999937 ], [ 112.706207275000111, -7.225510118999978 ], [ 112.706199646000073, -7.225590227999874 ], [ 112.706199646000073, -7.225689887999977 ], [ 112.706199646000073, -7.225790023999878 ], [ 112.706199646000073, -7.225880145999952 ], [ 112.706199646000073, -7.22595977799989 ], [ 112.706207275000111, -7.226069927999959 ], [ 112.706222535000165, -7.22617006299987 ], [ 112.706237793000128, -7.226260183999955 ], [ 112.706260682000334, -7.226339817999929 ], [ 112.706283570000096, -7.226429939999889 ], [ 112.706298829000048, -7.226510047999966 ], [ 112.706352234000065, -7.22664022399988 ], [ 112.706398011000033, -7.226739883999869 ], [ 112.706466674000012, -7.226850031999845 ], [ 112.706520081, -7.226910114999953 ], [ 112.706596375000117, -7.226990222999973 ], [ 112.706687927000075, -7.227069854999911 ], [ 112.706748962000233, -7.227129934999823 ], [ 112.706809998000153, -7.227190017999931 ], [ 112.706871033000084, -7.227260112999943 ], [ 112.706932068000128, -7.227350234999903 ], [ 112.706962585000042, -7.227419852999901 ], [ 112.706993104000048, -7.227489946999924 ], [ 112.70700836200001, -7.227570055999934 ], [ 112.707031250000114, -7.227650164999943 ], [ 112.707038879000152, -7.227729797999871 ], [ 112.707061767000141, -7.227859973999898 ], [ 112.707077025000103, -7.227990149999926 ], [ 112.707077025000103, -7.228069781999977 ], [ 112.707077025000103, -7.228199957999891 ], [ 112.707077025000103, -7.228330135999897 ], [ 112.707092286000034, -7.228459834999967 ], [ 112.707092286000034, -7.228610038999875 ], [ 112.707092286000034, -7.228690147999941 ], [ 112.707092286000034, -7.228789804999849 ], [ 112.707092286000034, -7.228889941999967 ], [ 112.707092286000034, -7.228984831999981 ], [ 112.707092286000034, -7.22911977799987 ], [ 112.707092286000034, -7.22922992599996 ], [ 112.707092286000034, -7.229350088999922 ], [ 112.707092286000034, -7.229459761999919 ], [ 112.707092286000034, -7.22955989899998 ], [ 112.707092286000034, -7.229660033999892 ], [ 112.707092286000034, -7.229740141999969 ], [ 112.707092286000034, -7.229819773999964 ], [ 112.707092286000034, -7.229969977999872 ], [ 112.707092286000034, -7.230070112999897 ], [ 112.707099914000196, -7.230209826999896 ], [ 112.707130433000088, -7.230340002999924 ], [ 112.707153321000078, -7.230410098999869 ], [ 112.707229615000301, -7.230529783999941 ], [ 112.707290650000118, -7.230599879999943 ], [ 112.707382202000076, -7.230639933999896 ], [ 112.707458496000186, -7.230669975999888 ], [ 112.707580566000161, -7.230700014999968 ], [ 112.707702637000011, -7.230700014999968 ], [ 112.707832336000024, -7.230669975999888 ], [ 112.707946778000064, -7.230639933999896 ], [ 112.708076477000077, -7.230599879999943 ], [ 112.7081527710003, -7.230589866999935 ], [ 112.70826721100002, -7.230579851999892 ], [ 112.708389282000098, -7.230585573999917 ], [ 112.708511352000073, -7.230599879999943 ], [ 112.708641053000065, -7.230619905999902 ], [ 112.708724975000223, -7.230637073999901 ], [ 112.708877564000318, -7.230611800999952 ], [ 112.708969116000048, -7.230596064999929 ], [ 112.709114075000116, -7.230639933999896 ], [ 112.709243774000242, -7.230709552999883 ], [ 112.709358215000066, -7.230771540999967 ], [ 112.709571839000091, -7.230876922999869 ], [ 112.709648133000087, -7.23097467499997 ], [ 112.709770204000279, -7.231122493999919 ], [ 112.709892272000047, -7.231274603999907 ], [ 112.709953308000195, -7.231351852999978 ], [ 112.710021973000039, -7.231431960999942 ], [ 112.710113525000224, -7.231530665999969 ], [ 112.710266112000113, -7.231797218999816 ], [ 112.710289001000092, -7.231904028999963 ], [ 112.710311889000081, -7.231986522999932 ], [ 112.710342408000201, -7.232095717999925 ], [ 112.710350036000136, -7.232314585999973 ], [ 112.709907533000205, -7.23233556699995 ], [ 112.709625244000222, -7.232251644999906 ], [ 112.709403992000034, -7.232272147999936 ], [ 112.709320068000011, -7.232392310999955 ], [ 112.709251404000042, -7.232448576999957 ], [ 112.709114075000116, -7.232538700999953 ], [ 112.708969116000048, -7.232707976999961 ], [ 112.708900451000204, -7.232798097999932 ], [ 112.708854676000215, -7.232858180999926 ], [ 112.70878601000004, -7.232953547999898 ], [ 112.708465575000105, -7.233407973999931 ], [ 112.708381654000164, -7.233627318999879 ], [ 112.708343507000109, -7.233717440999953 ], [ 112.70831298800033, -7.233812807999868 ], [ 112.708305358000075, -7.234059809999962 ], [ 112.70831298800033, -7.234166144999961 ], [ 112.70831298800033, -7.234334467999872 ], [ 112.708305358000075, -7.234446524999896 ], [ 112.708122254000045, -7.235258102999978 ], [ 112.708030700000108, -7.235522270999979 ], [ 112.708007812000119, -7.235605716999885 ], [ 112.707946778000064, -7.235821724999937 ], [ 112.707969665000064, -7.236222743999974 ], [ 112.707977295000205, -7.236318587999904 ], [ 112.708084107000104, -7.236465454999973 ], [ 112.708190917000138, -7.236610888999905 ], [ 112.708389282000098, -7.236616611999978 ], [ 112.708465575000105, -7.2366170869999 ], [ 112.708648681000113, -7.236575126999981 ], [ 112.708824157000095, -7.236534117999952 ], [ 112.709053040000072, -7.236439228999927 ], [ 112.709289551000211, -7.236366272999931 ], [ 112.709480285000041, -7.236260889999926 ], [ 112.709579467000026, -7.236205577999954 ], [ 112.709777832000213, -7.236066818999916 ], [ 112.710014343000012, -7.235942839999893 ], [ 112.710144044000117, -7.235878466999964 ], [ 112.710472107000214, -7.235737800999971 ], [ 112.710586547000048, -7.235735892999912 ], [ 112.710769653000284, -7.235730647999901 ], [ 112.710968017000027, -7.23577308699987 ], [ 112.71107483000003, -7.235857485999929 ], [ 112.711174012000129, -7.236053942999945 ], [ 112.711204529000042, -7.236153602999934 ], [ 112.711219787000232, -7.236249922999889 ], [ 112.7112655640002, -7.236497401999941 ], [ 112.71128845200019, -7.236868380999908 ], [ 112.711296081000114, -7.237012385999947 ], [ 112.711311341000169, -7.237142561999974 ], [ 112.711357116000158, -7.237390995999817 ], [ 112.711242675000221, -7.237896441999965 ], [ 112.71107483000003, -7.237995146999879 ], [ 112.710990906, -7.238031387999968 ], [ 112.710853577000307, -7.238086222999868 ], [ 112.710723876000316, -7.23809766699992 ], [ 112.710464477000073, -7.238137245999894 ], [ 112.71021270700021, -7.238054274999968 ], [ 112.710098267000035, -7.237925528999881 ], [ 112.709999085000163, -7.237811087999944 ], [ 112.709930419000102, -7.237733363999894 ], [ 112.70986938600015, -7.237662790999934 ], [ 112.709632873000032, -7.237531184999966 ], [ 112.709518432000095, -7.237488269999972 ], [ 112.709403992000034, -7.237443445999872 ], [ 112.709251404000042, -7.237481116999902 ], [ 112.709175111000036, -7.23754835099993 ], [ 112.709114075000116, -7.237642287999904 ], [ 112.709251404000042, -7.237861155999894 ], [ 112.709327698000266, -7.23794793999997 ], [ 112.709419250000224, -7.238046645999873 ], [ 112.709579467000026, -7.23821782999994 ], [ 112.709602356000119, -7.238463878999937 ], [ 112.709617614000081, -7.238649844999941 ], [ 112.709571839000091, -7.238973616999942 ], [ 112.709663391000049, -7.239228724999975 ], [ 112.709701538000104, -7.239292621999937 ], [ 112.709823609000182, -7.239517212999942 ], [ 112.70988464400034, -7.239609241999858 ], [ 112.710014343000012, -7.239799022999932 ], [ 112.710098267000035, -7.239902018999942 ], [ 112.710205079000161, -7.240026951999937 ], [ 112.710289001000092, -7.240124225999921 ], [ 112.71033477800006, -7.240184306999936 ], [ 112.710449218, -7.24025010999992 ], [ 112.710632324000017, -7.24034166399997 ], [ 112.710784912, -7.240420339999901 ], [ 112.710861205000015, -7.24042749299997 ], [ 112.711029053000061, -7.240477084999895 ], [ 112.711120605000019, -7.240484712999887 ], [ 112.711296081000114, -7.24049472899992 ], [ 112.711418151000089, -7.240502833999869 ], [ 112.711532594000118, -7.240531444999931 ], [ 112.711631776000104, -7.240554808999946 ], [ 112.7117538440001, -7.240602493999972 ], [ 112.711891173000026, -7.240675449999969 ], [ 112.712028504000045, -7.240723609999975 ], [ 112.712135315000182, -7.24075794099997 ], [ 112.712326049000126, -7.240808010999899 ], [ 112.712432861000025, -7.240836141999921 ], [ 112.712654114000202, -7.240841387999922 ], [ 112.712768554000036, -7.240770816999941 ], [ 112.71280670100009, -7.240900039999872 ], [ 112.712997437000013, -7.240651605999972 ], [ 112.713363647000165, -7.240170000999967 ], [ 112.71354675300006, -7.23993062999989 ], [ 112.713691712000013, -7.239739895999833 ], [ 112.71374511800002, -7.239817141999936 ], [ 112.713638305000018, -7.239994524999929 ], [ 112.713348389000316, -7.240417479999962 ], [ 112.713287354000158, -7.240564821999953 ], [ 112.713233948000038, -7.240646837999975 ], [ 112.713211060000049, -7.240740299999914 ], [ 112.713119506000112, -7.241062164999903 ], [ 112.713088989000198, -7.241189955999971 ], [ 112.713111878000063, -7.241402148999953 ], [ 112.713798523000037, -7.242831230999968 ], [ 112.713874816000043, -7.243009088999941 ], [ 112.714202881, -7.24299097099987 ], [ 112.714469909000059, -7.242976664999958 ], [ 112.714508056000113, -7.242911338999932 ], [ 112.71459961000005, -7.242745398999887 ], [ 112.714698792000036, -7.242702484999882 ], [ 112.714851379000152, -7.242694853999978 ], [ 112.715026855000133, -7.242760657999838 ], [ 112.715263366000045, -7.242885112999943 ], [ 112.715629578000176, -7.242950438999969 ], [ 112.71638488900021, -7.242893218999882 ], [ 112.716590881000229, -7.242877005999958 ], [ 112.716949463000219, -7.242839812999875 ], [ 112.717002868000122, -7.242919921999942 ], [ 112.717071533000194, -7.243040084999961 ], [ 112.717109680000021, -7.243110178999871 ], [ 112.717147827000076, -7.243189811999969 ], [ 112.717178344000217, -7.243269920999978 ], [ 112.71720886200012, -7.243340014999887 ], [ 112.717239379000034, -7.243420122999964 ], [ 112.717269898000154, -7.243549823999956 ], [ 112.717292786000144, -7.243629932999909 ], [ 112.717315675000123, -7.243752001999951 ], [ 112.717346191000161, -7.243859768999926 ], [ 112.717361450000112, -7.243939874999967 ], [ 112.717391968000129, -7.24401998399992 ], [ 112.717407227000081, -7.244100569999944 ], [ 112.717437743000119, -7.244229793999978 ], [ 112.717468262000011, -7.244349956999883 ], [ 112.717491150000342, -7.244420049999974 ], [ 112.717521667000142, -7.244550228999913 ], [ 112.717552186000034, -7.244669913999871 ], [ 112.717582702000072, -7.244790076999948 ], [ 112.717620849000014, -7.244929788999968 ], [ 112.71764373800022, -7.245011805999923 ], [ 112.717658996000068, -7.245129107999958 ], [ 112.717689515000188, -7.245210169999893 ], [ 112.717697143000237, -7.245299815999942 ] ] ] ] } },
{ "type": "Feature", "properties": { "GID_3": "IDN.11.35.2_1", "GID_0": "IDN", "COUNTRY": "Indonesia", "GID_1": "IDN.11_1", "NAME_1": "Jawa Timur", "NL_NAME_1": "NA", "GID_2": "IDN.11.35_1", "NAME_2": "Surabaya", "NL_NAME_2": "NA", "NAME_3": "Benowo", "VARNAME_3": "NA", "NL_NAME_3": "NA", "TYPE_3": "Kecamatan", "ENGTYPE_3": "Sub-district", "CC_3": "3578280", "HASC_3": "NA", "LULC2021": 44, "LULC2022": 42, "LULC2023": 42, "LULC2024": 42, "Kecamatan": "Benowo", "UFSI": 5869378367370000.0, "Kelas_Gena": "Sedang", "n_titik_PU": 5, "Kelas_PU_2": "Sedang", "Validasi": "Match", "Risiko_DBD": "358.780.014.483.452", "Kelas_DBD": "Rendah", "Ranking": 20 }, "geometry": { "type": "MultiPolygon", "coordinates": [ [ [ [ 112.637397767000039, -7.221879954999906 ], [ 112.637385297000037, -7.221876685999916 ], [ 112.637283001000128, -7.22185 ], [ 112.636780000000158, -7.22176 ], [ 112.636275999000077, -7.22158 ], [ 112.63575, -7.221390000999975 ], [ 112.635698931000093, -7.221385226999928 ], [ 112.635642999000083, -7.221379998999964 ], [ 112.635619814000052, -7.221233711999844 ], [ 112.635559001000047, -7.220849999999871 ], [ 112.635553738000112, -7.220823685999846 ], [ 112.635528677000025, -7.220700339999951 ], [ 112.635457607000035, -7.220775456999945 ], [ 112.635405999000227, -7.22083 ], [ 112.635239067000043, -7.221007050999901 ], [ 112.635208000000262, -7.22104 ], [ 112.635053187000153, -7.220982661999926 ], [ 112.634910733000083, -7.220930153999973 ], [ 112.634871450000105, -7.220952926999871 ], [ 112.63477299900012, -7.22101 ], [ 112.634406999000021, -7.221210000999918 ], [ 112.63438740100014, -7.221226645999877 ], [ 112.634148001000085, -7.22143 ], [ 112.634000875000311, -7.221642072999941 ], [ 112.633926392000149, -7.221749782999893 ], [ 112.633911132000094, -7.222330092999869 ], [ 112.633926392000149, -7.22260999599996 ], [ 112.633949281000127, -7.222740173999966 ], [ 112.633931578000215, -7.222786455999881 ], [ 112.633903767000106, -7.222859888999835 ], [ 112.633742251000058, -7.222784416999957 ], [ 112.633369287000278, -7.222610134999968 ], [ 112.633278778000204, -7.222689141999979 ], [ 112.633140999000034, -7.222810000999971 ], [ 112.63301963400022, -7.222889152999926 ], [ 112.632957, -7.222930000999952 ], [ 112.632689999000036, -7.223069998999961 ], [ 112.63257513800022, -7.223110607999956 ], [ 112.632492, -7.223140000999933 ], [ 112.632270999000184, -7.22315 ], [ 112.632141844000103, -7.223124372999962 ], [ 112.632019, -7.223099998999885 ], [ 112.632000875000017, -7.223069326999905 ], [ 112.631889000000115, -7.22288 ], [ 112.631851001000086, -7.222810000999971 ], [ 112.631317000000195, -7.22254 ], [ 112.630825531000141, -7.222310221999919 ], [ 112.630546999000217, -7.22218 ], [ 112.630141193000213, -7.221954550999953 ], [ 112.630043001000217, -7.221900000999881 ], [ 112.62983700000018, -7.22176 ], [ 112.629723000000126, -7.22185 ], [ 112.629648467000038, -7.221953698999926 ], [ 112.629608155000142, -7.222010134999948 ], [ 112.629562378000173, -7.222159861999899 ], [ 112.62953920800021, -7.2223499239999 ], [ 112.62953200100003, -7.222409998999979 ], [ 112.629507503000013, -7.222665608999932 ], [ 112.629462999000225, -7.22312999899998 ], [ 112.629410643000142, -7.223212667999974 ], [ 112.629387, -7.223249998999961 ], [ 112.629220418000273, -7.223171738999952 ], [ 112.629089, -7.223110000999895 ], [ 112.629046274000075, -7.223089195999876 ], [ 112.628822, -7.222979998999904 ], [ 112.628036000000179, -7.22252 ], [ 112.627869001000136, -7.22252 ], [ 112.627632001000052, -7.222499998999979 ], [ 112.62744109800019, -7.222519989999967 ], [ 112.627220106000323, -7.222629950999817 ], [ 112.627258, -7.22246 ], [ 112.627182001000278, -7.22176 ], [ 112.627112999000133, -7.2211 ], [ 112.627151001000016, -7.2207 ], [ 112.627102513000068, -7.220507214999941 ], [ 112.627067566000164, -7.220369815999959 ], [ 112.627006531, -7.220139979999942 ], [ 112.626739503000067, -7.21979999399997 ], [ 112.626663148000034, -7.219698247999872 ], [ 112.626709894000214, -7.21951246499998 ], [ 112.62677765, -7.219242572999917 ], [ 112.626937867000152, -7.218642234999891 ], [ 112.626944254000023, -7.218586542999901 ], [ 112.626968001000023, -7.218376000999911 ], [ 112.626977305000082, -7.218319011999881 ], [ 112.626984000000334, -7.218277998999952 ], [ 112.627011375000052, -7.218193860999918 ], [ 112.627051999000059, -7.21806900099989 ], [ 112.627048559000059, -7.217855690999954 ], [ 112.627044677000072, -7.217634677999968 ], [ 112.627038369000161, -7.217478368999878 ], [ 112.627029001000096, -7.21725700099995 ], [ 112.626981151000223, -7.216951843999937 ], [ 112.626976014000206, -7.216919421999933 ], [ 112.62693357500018, -7.216736212999933 ], [ 112.62686899900018, -7.216458 ], [ 112.62694880700019, -7.216289709999955 ], [ 112.627007000000276, -7.216166998999938 ], [ 112.627092910000101, -7.215997196999979 ], [ 112.627220000000193, -7.215745998999978 ], [ 112.627586, -7.214949 ], [ 112.62767, -7.214754000999903 ], [ 112.628082001000166, -7.213598998999885 ], [ 112.628067000000101, -7.213289 ], [ 112.628043999000056, -7.212697998999943 ], [ 112.627998, -7.212353 ], [ 112.627964091000194, -7.212222844999928 ], [ 112.627929687, -7.212091922999889 ], [ 112.627890194000202, -7.212029116999929 ], [ 112.627861, -7.211983000999965 ], [ 112.627776999000162, -7.211938 ], [ 112.626984000000334, -7.21196 ], [ 112.626060001000042, -7.211689 ], [ 112.625869994000027, -7.211618992999945 ], [ 112.625833279000062, -7.211580148999928 ], [ 112.625732001000074, -7.211473 ], [ 112.625671749000048, -7.211424639999962 ], [ 112.625580001000117, -7.211351 ], [ 112.625568361000205, -7.211304063999933 ], [ 112.625549001000195, -7.211226000999943 ], [ 112.625527264000084, -7.211060802999953 ], [ 112.625519001000043, -7.210998 ], [ 112.625557, -7.210807000999978 ], [ 112.625572907000219, -7.210692724999944 ], [ 112.625632999000231, -7.210261000999935 ], [ 112.625693999000077, -7.209947999999883 ], [ 112.625754999000037, -7.209746000999871 ], [ 112.625754999000037, -7.209597000999963 ], [ 112.625717000000122, -7.209484 ], [ 112.625656, -7.209354000999951 ], [ 112.625648218000151, -7.209286814999871 ], [ 112.625626000000238, -7.209095 ], [ 112.625649425, -7.208735305999937 ], [ 112.625671001000114, -7.208403999999859 ], [ 112.625679116000015, -7.208172185999956 ], [ 112.625686646000077, -7.207946775999972 ], [ 112.625261688000137, -7.207482778999918 ], [ 112.625053, -7.207255 ], [ 112.625038001, -7.207106 ], [ 112.625036211000065, -7.207053877999954 ], [ 112.62503099900016, -7.206902 ], [ 112.62503099900016, -7.206712 ], [ 112.625043639000069, -7.206628119999891 ], [ 112.625053, -7.206565999999839 ], [ 112.62507233600013, -7.206517344999895 ], [ 112.625084, -7.206487998999933 ], [ 112.625119522000091, -7.20642554099993 ], [ 112.625175, -7.206328 ], [ 112.625206852000019, -7.206197510999971 ], [ 112.625236510000036, -7.206074237999928 ], [ 112.62527465900007, -7.205555438999966 ], [ 112.625556945000085, -7.204142092999916 ], [ 112.625566141000036, -7.204093089999958 ], [ 112.625671001000114, -7.203531998999892 ], [ 112.625678996000033, -7.203317122999977 ], [ 112.628829999000232, -7.201541998999971 ], [ 112.629827357000181, -7.201225241999964 ], [ 112.631011963000105, -7.20084857899991 ], [ 112.634819031, -7.199635505999879 ], [ 112.637123107000207, -7.199206828999934 ], [ 112.637898556000096, -7.199063028999944 ], [ 112.639671, -7.198733998999899 ], [ 112.642461209000089, -7.1982786559999 ], [ 112.643653870000094, -7.198083876999931 ], [ 112.646362305000139, -7.197933673999955 ], [ 112.646558768000091, -7.197904510999933 ], [ 112.646728429000063, -7.197879085999944 ], [ 112.648574988000291, -7.197607001999927 ], [ 112.651283263000096, -7.196964740999874 ], [ 112.654182434000063, -7.196131704999971 ], [ 112.654457092000257, -7.196051595999904 ], [ 112.656887778000169, -7.196207693999952 ], [ 112.659172001000229, -7.196353998999882 ], [ 112.659149000000184, -7.195150000999945 ], [ 112.659843079000098, -7.194341909999935 ], [ 112.660132532000034, -7.19400651199993 ], [ 112.660346985000047, -7.193757533999928 ], [ 112.66149099900008, -7.19300299899993 ], [ 112.661612999000226, -7.193036998999901 ], [ 112.661713, -7.193051 ], [ 112.661804, -7.193065998999884 ], [ 112.661903000000166, -7.193080999999893 ], [ 112.661995000000275, -7.193095998999979 ], [ 112.662086000000158, -7.193110999999874 ], [ 112.662178000000154, -7.19312599899996 ], [ 112.662269999000046, -7.193141 ], [ 112.662360999000271, -7.193155998999885 ], [ 112.662460001000113, -7.193171 ], [ 112.662552001000108, -7.193183998999871 ], [ 112.662643001000333, -7.193195000999935 ], [ 112.662735001000101, -7.193205 ], [ 112.662818999000024, -7.193212998999968 ], [ 112.662895000000162, -7.193216998999958 ], [ 112.66305499900011, -7.193212998999968 ], [ 112.663063001000069, -7.193373000999884 ], [ 112.663307001000021, -7.193741999999872 ], [ 112.663742, -7.194111 ], [ 112.663840999000172, -7.19486 ], [ 112.663948, -7.196389000999943 ], [ 112.663773000000106, -7.198800000999938 ], [ 112.663322000000107, -7.199070000999939 ], [ 112.662933, -7.199319999999886 ], [ 112.66265100000021, -7.19951 ], [ 112.662437, -7.19962 ], [ 112.662117, -7.199800000999915 ], [ 112.661873000000128, -7.199980000999972 ], [ 112.661537114000225, -7.200139946999968 ], [ 112.661338807000106, -7.200240134999945 ], [ 112.661186217000022, -7.200310230999946 ], [ 112.661132812, -7.200389861999952 ], [ 112.661079407000102, -7.200819968999951 ], [ 112.66117095900006, -7.201039789999925 ], [ 112.661216736000029, -7.201159952999888 ], [ 112.66120147800018, -7.201290130999951 ], [ 112.661132812, -7.201419829999907 ], [ 112.66084289600019, -7.201620101999879 ], [ 112.660766602000081, -7.201670168999954 ], [ 112.660758972000167, -7.20241022099998 ], [ 112.660751342000026, -7.202939986999922 ], [ 112.660636902000192, -7.203479766999919 ], [ 112.660636902000192, -7.203670024999951 ], [ 112.660667420000209, -7.203889845999925 ], [ 112.660682679000161, -7.204490183999951 ], [ 112.660789489000081, -7.204669951999961 ], [ 112.660881043000018, -7.204780101999972 ], [ 112.660896301000093, -7.204860210999925 ], [ 112.660797119000222, -7.205339908999974 ], [ 112.660507203000179, -7.205689907999897 ], [ 112.660392760000036, -7.205870150999885 ], [ 112.66027069200004, -7.206170082999961 ], [ 112.660156249000124, -7.206649779999907 ], [ 112.660026550000111, -7.207139967999979 ], [ 112.660003662, -7.207349777999923 ], [ 112.660018920000198, -7.207689761999916 ], [ 112.660049439000318, -7.20778989799993 ], [ 112.660133363000341, -7.207859991999953 ], [ 112.660339355000019, -7.207866667999895 ], [ 112.660453796000297, -7.207870006999883 ], [ 112.660682679000161, -7.207809924999822 ], [ 112.660919190000072, -7.207739828999877 ], [ 112.661041260000047, -7.207729815999926 ], [ 112.661346435000041, -7.207839965999881 ], [ 112.661537171000191, -7.20795011599995 ], [ 112.662101745000314, -7.208529948999967 ], [ 112.662216186000137, -7.208690165999883 ], [ 112.662376403000167, -7.209109782999974 ], [ 112.662757873000032, -7.209730146999959 ], [ 112.662933349000014, -7.209990023999978 ], [ 112.663406371000065, -7.21093988399997 ], [ 112.663543700000332, -7.211229799999899 ], [ 112.663681029000031, -7.211520195999924 ], [ 112.663719178000292, -7.211659907999945 ], [ 112.663833619000116, -7.212059973999942 ], [ 112.663940429000036, -7.212319850999961 ], [ 112.664039611000248, -7.212430000999973 ], [ 112.664421081000228, -7.212920188999874 ], [ 112.664558410000268, -7.213339805999965 ], [ 112.664611816000047, -7.21347999499983 ], [ 112.664886475000117, -7.213699817999895 ], [ 112.665122987000018, -7.213930128999948 ], [ 112.665290832000096, -7.214089870999942 ], [ 112.66541290300006, -7.214179992999902 ], [ 112.665603637000117, -7.214650152999923 ], [ 112.665657044000227, -7.214890003999869 ], [ 112.665718079000044, -7.215209960999971 ], [ 112.665832520000208, -7.215340136999885 ], [ 112.66629028400007, -7.215809821999926 ], [ 112.666488648000154, -7.215899943999943 ], [ 112.666358947000163, -7.216110228999923 ], [ 112.666313172000173, -7.216209887999923 ], [ 112.666313172000173, -7.216289996999876 ], [ 112.666389466000055, -7.216430185999968 ], [ 112.666442871000186, -7.216760158999875 ], [ 112.666458129000034, -7.217000007999843 ], [ 112.666633605000129, -7.216989994999892 ], [ 112.666763306000121, -7.216979979999962 ], [ 112.666870116000041, -7.217040061999967 ], [ 112.667091369000332, -7.217179775999966 ], [ 112.667213440000069, -7.217249869999932 ], [ 112.667266845000086, -7.217370032999895 ], [ 112.66734314100006, -7.217539787999897 ], [ 112.667503356000225, -7.217790126999944 ], [ 112.667556763000107, -7.217889784999898 ], [ 112.667617798000151, -7.217939853999951 ], [ 112.667678834000185, -7.218009947999917 ], [ 112.667793274000019, -7.218130110999823 ], [ 112.667877198000042, -7.21822976999988 ], [ 112.668022155000244, -7.218599794999932 ], [ 112.668037416000175, -7.218870162999963 ], [ 112.668029785000044, -7.219250200999966 ], [ 112.668113709000181, -7.219699858999945 ], [ 112.668182373000036, -7.219900130999974 ], [ 112.668289185000162, -7.220039844999917 ], [ 112.668373109000186, -7.22010993899994 ], [ 112.668312073000038, -7.220160007999823 ], [ 112.668212891000053, -7.22023010199996 ], [ 112.668136598000046, -7.220290183999907 ], [ 112.668037416000175, -7.220359802999894 ], [ 112.667976380000141, -7.220409869999969 ], [ 112.667861938000101, -7.220520019999924 ], [ 112.667778016000057, -7.220600128999934 ], [ 112.667732239000088, -7.220660208999902 ], [ 112.667678834000185, -7.220719813999949 ], [ 112.66761016800001, -7.220789909999894 ], [ 112.667526244000214, -7.220910070999878 ], [ 112.667488098000035, -7.220980166999937 ], [ 112.667442323000046, -7.221059797999942 ], [ 112.667396546000077, -7.221149921999938 ], [ 112.667350769000109, -7.221280097999966 ], [ 112.66728210500014, -7.221409796999922 ], [ 112.667221070000096, -7.221509933999869 ], [ 112.667160035000165, -7.221620081999902 ], [ 112.667106629000045, -7.22169017799996 ], [ 112.667068481000229, -7.221759795999958 ], [ 112.667022706000239, -7.22182989099997 ], [ 112.66696929800014, -7.221889971999872 ], [ 112.66692352300015, -7.221960067999873 ], [ 112.666862488000106, -7.22204017599995 ], [ 112.666809083000089, -7.22209978199993 ], [ 112.666709901000218, -7.222209929999963 ], [ 112.666656494000108, -7.222259998999959 ], [ 112.666610719, -7.222320079999918 ], [ 112.666549683000085, -7.222370146999879 ], [ 112.666488648000154, -7.222420214999943 ], [ 112.666419983000196, -7.222469806999868 ], [ 112.666343689000087, -7.222509860999935 ], [ 112.666259765000063, -7.222549914999945 ], [ 112.666183471000181, -7.222579956999937 ], [ 112.666099548000034, -7.22260999599996 ], [ 112.666000366000048, -7.222640036999962 ], [ 112.665878297000177, -7.222680090999972 ], [ 112.665733338000109, -7.222720145999972 ], [ 112.665649414000086, -7.222730158999923 ], [ 112.665466308000077, -7.222750186999974 ], [ 112.665390014000195, -7.222730158999923 ], [ 112.665283204000048, -7.222710132999964 ], [ 112.665168762, -7.222670077999851 ], [ 112.665100098000153, -7.222620010999947 ], [ 112.664978027000075, -7.222539901999937 ], [ 112.664916992000144, -7.22249984799987 ], [ 112.664848329000051, -7.222439764999876 ], [ 112.664726258000087, -7.222340105999876 ], [ 112.664642334000291, -7.222280024999975 ], [ 112.664550782000219, -7.222229957999957 ], [ 112.664466858000196, -7.222199915999852 ], [ 112.66439056500019, -7.222189902999901 ], [ 112.664306641000167, -7.222189902999901 ], [ 112.664222717000143, -7.222229957999957 ], [ 112.664169312000013, -7.222280024999975 ], [ 112.664077758000076, -7.222370146999879 ], [ 112.6640319830002, -7.222430229999873 ], [ 112.663970948000156, -7.222519873999943 ], [ 112.663932801000101, -7.222589969999945 ], [ 112.663856507000219, -7.222720145999972 ], [ 112.663818360000164, -7.222799776999921 ], [ 112.663787842000147, -7.222869872999922 ], [ 112.663742065000179, -7.223020076999944 ], [ 112.663726806000227, -7.223110198999962 ], [ 112.663742065000179, -7.22326993899992 ], [ 112.663772583000195, -7.223350047999872 ], [ 112.663787842000147, -7.223430156999939 ], [ 112.663848877000078, -7.223539828999947 ], [ 112.663940429000036, -7.223680017999925 ], [ 112.66397857600009, -7.223750113999927 ], [ 112.664077758000076, -7.223979949999944 ], [ 112.664085388000217, -7.224208354999917 ], [ 112.6640319830002, -7.224609851999958 ], [ 112.663909912000122, -7.224749565999957 ], [ 112.663742065000179, -7.224994181999932 ], [ 112.663681029000031, -7.225180148999868 ], [ 112.663726806000227, -7.225426672999959 ], [ 112.663803100000109, -7.2258601179999 ], [ 112.663871765000067, -7.226230144999874 ], [ 112.663871765000067, -7.22645664099997 ], [ 112.663818360000164, -7.227099895999913 ], [ 112.663757325, -7.227429866999955 ], [ 112.66364288300008, -7.227670192999938 ], [ 112.663497925000229, -7.227819919999888 ], [ 112.663360596000075, -7.227920054999913 ], [ 112.663162232000218, -7.227989196999943 ], [ 112.662857056, -7.228030204999868 ], [ 112.662170411000147, -7.228040217999933 ], [ 112.661941528000284, -7.228109835999874 ], [ 112.661712647000058, -7.228240011999901 ], [ 112.661567688000105, -7.228370189999964 ], [ 112.661422729000265, -7.228600023999945 ], [ 112.66124725300017, -7.228940009999917 ], [ 112.661239625, -7.229060172999937 ], [ 112.661300660000052, -7.229609965999941 ], [ 112.661422729000265, -7.229899881999927 ], [ 112.661697388000334, -7.23043012699992 ], [ 112.662002563000101, -7.23073005599997 ], [ 112.662467957000104, -7.231180189999918 ], [ 112.662712096000064, -7.23160981999996 ], [ 112.662872314000083, -7.231910228999936 ], [ 112.662872314000083, -7.232079981999959 ], [ 112.66259765600023, -7.232739924999919 ], [ 112.662513732000207, -7.232840059999944 ], [ 112.662437438000097, -7.232920168999897 ], [ 112.662376403000167, -7.232989786999894 ], [ 112.662330628000177, -7.233059882999839 ], [ 112.662261963000105, -7.233160017999865 ], [ 112.662208558000202, -7.233260154999869 ], [ 112.662178039000082, -7.233349798999939 ], [ 112.662147522000282, -7.233469961999901 ], [ 112.662162781, -7.233610152999972 ], [ 112.662208558000202, -7.233729838999921 ], [ 112.66230011000016, -7.23385000199994 ], [ 112.662399292000146, -7.233980177999968 ], [ 112.66246032700019, -7.234049796999955 ], [ 112.662528992000034, -7.234129904999975 ], [ 112.662612914000078, -7.234210013999871 ], [ 112.662651061000133, -7.234280109999816 ], [ 112.662689210000167, -7.234350203999952 ], [ 112.662719727000081, -7.234449862999895 ], [ 112.662750243, -7.234529971999962 ], [ 112.662750243, -7.234640121999917 ], [ 112.66274261500007, -7.234739778999938 ], [ 112.662719727000081, -7.234869956999944 ], [ 112.662696838000102, -7.234940050999967 ], [ 112.662666321000302, -7.235040187999971 ], [ 112.662628175, -7.235179899999935 ], [ 112.662590028000295, -7.235320090999949 ], [ 112.662551879000034, -7.235439776999954 ], [ 112.662528992000034, -7.235519885999963 ], [ 112.662498474000017, -7.235599993999926 ], [ 112.662467957000104, -7.235670089999871 ], [ 112.662437438000097, -7.235760211999889 ], [ 112.662399292000146, -7.235849855999845 ], [ 112.662330628000177, -7.235889910999958 ], [ 112.662170411000147, -7.235869883999897 ], [ 112.662002563000101, -7.235849855999845 ], [ 112.661918639000078, -7.235829829999943 ], [ 112.661842346000071, -7.235819816999935 ], [ 112.661758424000027, -7.235799788999941 ], [ 112.661590576000208, -7.235750198999938 ], [ 112.661460877000081, -7.235710143999938 ], [ 112.661331177000193, -7.235690115999944 ], [ 112.66124725300017, -7.235670089999871 ], [ 112.661163331000125, -7.235670089999871 ], [ 112.661071777000188, -7.235670089999871 ], [ 112.660926820000213, -7.235700128999952 ], [ 112.66084289600019, -7.235730170999886 ], [ 112.660766602000081, -7.235750198999938 ], [ 112.660682679000161, -7.235779762999925 ], [ 112.660598755000137, -7.235809801999892 ], [ 112.660522461000028, -7.235859870999946 ], [ 112.66043090900007, -7.235919951999961 ], [ 112.660362244000225, -7.235990047999962 ], [ 112.66031646700003, -7.236070155999926 ], [ 112.66027069200004, -7.236199854999938 ], [ 112.660240173000147, -7.236289976999956 ], [ 112.660232545000213, -7.23643016799997 ], [ 112.660240173000147, -7.236559866999869 ], [ 112.66027069200004, -7.236649990999979 ], [ 112.660331727000084, -7.236720083999899 ], [ 112.660392760000036, -7.236790179999844 ], [ 112.660469056000011, -7.236859797999898 ], [ 112.660537719000217, -7.236959932999923 ], [ 112.660583496000186, -7.237030028999868 ], [ 112.660606385000051, -7.237170219999939 ], [ 112.660606385000051, -7.237249851999934 ], [ 112.660461426000211, -7.237209796999934 ], [ 112.660377502000074, -7.237160204999896 ], [ 112.660232545000213, -7.237100124999927 ], [ 112.660110474000135, -7.237100124999927 ], [ 112.659973145000095, -7.237140178999937 ], [ 112.65985107500012, -7.237219809999942 ], [ 112.6597900390002, -7.237269877999893 ], [ 112.659683227000073, -7.237370014999954 ], [ 112.659622192000029, -7.237440107999873 ], [ 112.65955352800006, -7.237510203999932 ], [ 112.659507751000092, -7.237569808999979 ], [ 112.659439088000227, -7.237689971999941 ], [ 112.659400941000172, -7.237760065999964 ], [ 112.659347534000062, -7.237840174999917 ], [ 112.659317017000149, -7.237909792999915 ], [ 112.659248352000077, -7.238039970999978 ], [ 112.659217835000049, -7.238120079999931 ], [ 112.659202577000087, -7.238200187999951 ], [ 112.659179688000222, -7.238329886999963 ], [ 112.659187316000157, -7.238409995999916 ], [ 112.659202577000087, -7.238500117999934 ], [ 112.659210205000022, -7.238639831999933 ], [ 112.659217835000049, -7.238739966999958 ], [ 112.659233093000125, -7.238840103999962 ], [ 112.659217835000049, -7.238920211999869 ], [ 112.659217835000049, -7.239009856999928 ], [ 112.659187316000157, -7.23907995199994 ], [ 112.659103394000113, -7.239140032999956 ], [ 112.658988952000072, -7.239140032999956 ], [ 112.658828734000167, -7.239109993999932 ], [ 112.658706666000171, -7.239089964999948 ], [ 112.658569337000245, -7.239059923999946 ], [ 112.658493041000156, -7.239029884999979 ], [ 112.658386231, -7.238979814999936 ], [ 112.658332824000126, -7.238930224999876 ], [ 112.658233642000141, -7.238840103999962 ], [ 112.658157348000032, -7.238790033999919 ], [ 112.658081054000263, -7.238749979999966 ], [ 112.657989502000191, -7.238709926999945 ], [ 112.657836915000075, -7.238709926999945 ], [ 112.657638551000332, -7.238759994999953 ], [ 112.657531738000102, -7.238820074999921 ], [ 112.657470703000172, -7.238860129999978 ], [ 112.657386779000149, -7.238910196999939 ], [ 112.657318116000056, -7.238959788999921 ], [ 112.657257081000012, -7.239009856999928 ], [ 112.657180787000129, -7.23907995199994 ], [ 112.657119752000085, -7.239140032999956 ], [ 112.657020569000224, -7.239220141999965 ], [ 112.656959534000066, -7.239270208999869 ], [ 112.656898499000022, -7.239319800999965 ], [ 112.656829833000074, -7.23937988199998 ], [ 112.656761170000095, -7.239439963999871 ], [ 112.656677246000072, -7.23951005999993 ], [ 112.656608582000104, -7.239580153999952 ], [ 112.656532287000118, -7.239640235999957 ], [ 112.656448365000074, -7.239709853999898 ], [ 112.656372069000213, -7.239769934999913 ], [ 112.65630340600012, -7.239830016999917 ], [ 112.656242371000076, -7.239880084999982 ], [ 112.656181335000042, -7.239930151999943 ], [ 112.656120300000225, -7.239980219999893 ], [ 112.655998229000147, -7.240069865999942 ], [ 112.655906677000075, -7.240139961999887 ], [ 112.655822754000155, -7.24021005599991 ], [ 112.655731202000197, -7.240280150999922 ], [ 112.65567016600005, -7.240340231999937 ], [ 112.655601501000206, -7.240379810999912 ], [ 112.655517579000161, -7.240449903999945 ], [ 112.655448913000214, -7.240509986999939 ], [ 112.655387878000056, -7.2405600539999 ], [ 112.655288696000184, -7.240650175999917 ], [ 112.655166625000106, -7.240739822999956 ], [ 112.6550903320001, -7.240809915999876 ], [ 112.655006408000077, -7.240890024999942 ], [ 112.65489196700014, -7.240980148999938 ], [ 112.65480804400022, -7.241069792999895 ], [ 112.654739380000024, -7.241129875999889 ], [ 112.654663086000255, -7.241240023999978 ], [ 112.654602051000097, -7.241380214999936 ], [ 112.654548646000194, -7.241519926999956 ], [ 112.654502869000225, -7.24166011799997 ], [ 112.654479980000019, -7.24174022699998 ], [ 112.654457092000257, -7.241809844999921 ], [ 112.654449464000209, -7.241919992999897 ], [ 112.654441834000068, -7.242010116999893 ], [ 112.654418945000089, -7.242149828999914 ], [ 112.654418945000089, -7.24222993799998 ], [ 112.654418945000089, -7.242310045999943 ], [ 112.654418945000089, -7.242410182999947 ], [ 112.654418945000089, -7.24249982799995 ], [ 112.654418945000089, -7.242619990999913 ], [ 112.654441834000068, -7.24276018199987 ], [ 112.654441834000068, -7.242839812999875 ], [ 112.654449464000209, -7.242919921999942 ], [ 112.654457092000257, -7.243000030999838 ], [ 112.654472350000106, -7.243090152999912 ], [ 112.654479980000019, -7.243179796999868 ], [ 112.654487611000036, -7.243269920999978 ], [ 112.654502869000225, -7.243350027999952 ], [ 112.65451049700016, -7.243440151999948 ], [ 112.654518127000074, -7.243519782999954 ], [ 112.654533386000026, -7.243599891999907 ], [ 112.654533386000026, -7.24367999999987 ], [ 112.65454101600028, -7.243770121999944 ], [ 112.654548646000194, -7.243869781999933 ], [ 112.654556274000129, -7.243969916999959 ], [ 112.654571532000318, -7.244090079999978 ], [ 112.654586793000249, -7.24421978099997 ], [ 112.654602051000097, -7.244369982999956 ], [ 112.654617309000287, -7.244530199999872 ], [ 112.654632568000011, -7.244699955999977 ], [ 112.654647828000066, -7.244880198999965 ], [ 112.654670715000066, -7.245059966999918 ], [ 112.654693603000055, -7.245240210999896 ], [ 112.654701233000083, -7.245409963999919 ], [ 112.654716492000034, -7.24556016899993 ], [ 112.654739380000024, -7.245709895999937 ], [ 112.654747010000051, -7.245840071999964 ], [ 112.654769897000165, -7.24596023499987 ], [ 112.654777527000078, -7.246079920999932 ], [ 112.654800415000182, -7.246180057999936 ], [ 112.65480804400022, -7.246290207999948 ], [ 112.654823304000047, -7.246389864999912 ], [ 112.654838562, -7.246490001999916 ], [ 112.65484619200015, -7.246590136999941 ], [ 112.654861451000102, -7.246699809999882 ], [ 112.65486907900015, -7.246819972999958 ], [ 112.65489196700014, -7.246950148999929 ], [ 112.654899598000156, -7.247089862999928 ], [ 112.654922486000032, -7.247240066999893 ], [ 112.654937744000108, -7.247419832999981 ], [ 112.654960633000087, -7.247610091999888 ], [ 112.654983521000077, -7.247829914999954 ], [ 112.654998780000142, -7.24807977699993 ], [ 112.65502929600018, -7.248350143999915 ], [ 112.6550598150003, -7.248670101999949 ], [ 112.6550903320001, -7.249030113999879 ], [ 112.655128479000155, -7.249430179999933 ], [ 112.655166625000106, -7.249889850999978 ], [ 112.655250549000129, -7.250010011999962 ], [ 112.655227661000026, -7.250140190999957 ], [ 112.655189514000085, -7.250299930999972 ], [ 112.655158997000171, -7.250380038999936 ], [ 112.655128479000155, -7.250599859999909 ], [ 112.655120850000117, -7.250840185999891 ], [ 112.655181886000037, -7.25123977699991 ], [ 112.655181886000037, -7.251520157999948 ], [ 112.655120850000117, -7.251880169999879 ], [ 112.6550598150003, -7.252170085999978 ], [ 112.654861451000102, -7.253026007999892 ], [ 112.654830932000095, -7.253180025999939 ], [ 112.65473175000011, -7.253620146999936 ], [ 112.654624947000229, -7.254022119999888 ], [ 112.654597957000078, -7.254085744999941 ], [ 112.65454760700004, -7.254204466999965 ], [ 112.654540627000188, -7.254221437999888 ], [ 112.654533702000208, -7.254246889999934 ], [ 112.65450300100008, -7.25436 ], [ 112.654453497000077, -7.254545010999948 ], [ 112.654404000000113, -7.25473 ], [ 112.654670999000132, -7.25473 ], [ 112.654715107000015, -7.254743540999925 ], [ 112.654785157000106, -7.254764556999874 ], [ 112.655204772000161, -7.254785537999908 ], [ 112.655334473000153, -7.254797935999875 ], [ 112.655563354000151, -7.25487470499985 ], [ 112.655838012000117, -7.254897593999942 ], [ 112.655929566000054, -7.254914759999963 ], [ 112.656089783000084, -7.254947660999846 ], [ 112.656206074000011, -7.254949800999952 ], [ 112.656216967000091, -7.25495 ], [ 112.656287558000031, -7.254960767999933 ], [ 112.656598788000224, -7.255009653999934 ], [ 112.656763119000061, -7.255042750999962 ], [ 112.656898, -7.255069998999943 ], [ 112.657226500000093, -7.255175999999892 ], [ 112.657555000000116, -7.255282 ], [ 112.657625612000061, -7.255290534999972 ], [ 112.657646147000037, -7.255293008999899 ], [ 112.657615662000126, -7.255405424999879 ], [ 112.657585144000109, -7.255482195999946 ], [ 112.657966614000202, -7.255630015999884 ], [ 112.658241272000055, -7.255745887999979 ], [ 112.658370973000046, -7.255763530999957 ], [ 112.658874511000135, -7.25586652699991 ], [ 112.659347534000062, -7.255942819999916 ], [ 112.659782409000059, -7.25605392499989 ], [ 112.659873963000223, -7.25608396399997 ], [ 112.659942627000191, -7.256115435999902 ], [ 112.660018920000198, -7.256206989999953 ], [ 112.659980773000143, -7.256497858999921 ], [ 112.659965515000181, -7.256580352999947 ], [ 112.659927368000126, -7.256876945999977 ], [ 112.659889221000071, -7.257216452999955 ], [ 112.6597900390002, -7.258071899999948 ], [ 112.65977478100001, -7.25818776999995 ], [ 112.659591675000115, -7.259002207999856 ], [ 112.659515381, -7.259305477999874 ], [ 112.659400941000172, -7.259553908999919 ], [ 112.659454346000075, -7.259639262999883 ], [ 112.65956878600025, -7.259661673999972 ], [ 112.659652710000273, -7.259740352999927 ], [ 112.659698487000242, -7.259804248999956 ], [ 112.659820556000113, -7.259907722999969 ], [ 112.659843444000103, -7.259976386999881 ], [ 112.659683227000073, -7.260100364999857 ], [ 112.65955352800006, -7.260187148999933 ], [ 112.659492493000243, -7.260242461999951 ], [ 112.659309387, -7.260389327999974 ], [ 112.659202577000087, -7.260412691999932 ], [ 112.659103394000113, -7.260491370999944 ], [ 112.658996582000213, -7.260586737999972 ], [ 112.658927917000256, -7.260731696999869 ], [ 112.658889770000201, -7.260826586999883 ], [ 112.658889770000201, -7.260931968999898 ], [ 112.658813476000091, -7.260982035999973 ], [ 112.658790588000215, -7.261074065999935 ], [ 112.658958435000159, -7.261261938999951 ], [ 112.658866883000201, -7.261306285999979 ], [ 112.658897400000114, -7.261500834999936 ], [ 112.658966065000072, -7.261645794999936 ], [ 112.659065246000182, -7.261814117999961 ], [ 112.659126281000113, -7.262031077999893 ], [ 112.659202577000087, -7.262127399999883 ], [ 112.659362792000138, -7.262282371999902 ], [ 112.659622192000029, -7.262539863999905 ], [ 112.65941619900002, -7.262613294999937 ], [ 112.659339906000014, -7.262643336999929 ], [ 112.659103394000113, -7.262735365999902 ], [ 112.658943177000083, -7.262784002999922 ], [ 112.658653259000062, -7.26274442599987 ], [ 112.657608032000212, -7.262900828999932 ], [ 112.657440186000031, -7.26297902999994 ], [ 112.657310486000142, -7.263049602999956 ], [ 112.657035828000289, -7.263121128999956 ], [ 112.656555175000221, -7.263035296999931 ], [ 112.656455993, -7.263435840999875 ], [ 112.656280517000027, -7.263607501999957 ], [ 112.656097411000019, -7.263715743999967 ], [ 112.655609131000119, -7.263851165999938 ], [ 112.655441283000073, -7.264010905999953 ], [ 112.655364990000066, -7.264080046999879 ], [ 112.655326843000012, -7.264224527999943 ], [ 112.655235291000054, -7.264213084999881 ], [ 112.655204772000161, -7.264337538999939 ], [ 112.655067443, -7.264595030999942 ], [ 112.655052185000045, -7.264729021999926 ], [ 112.65502929600018, -7.264959334999901 ], [ 112.655021668000131, -7.265038965999906 ], [ 112.654975891000163, -7.265468120999969 ], [ 112.654747010000051, -7.265582561999963 ], [ 112.654136657000095, -7.265310763999935 ], [ 112.653617860000281, -7.265081882999937 ], [ 112.653060914000207, -7.264824390999934 ], [ 112.652519226000322, -7.264595030999942 ], [ 112.652359009000179, -7.264525889999902 ], [ 112.652160644000105, -7.264437675999886 ], [ 112.651931763000107, -7.264348028999962 ], [ 112.651947022000058, -7.26422023799995 ], [ 112.651931763000107, -7.264140128999884 ], [ 112.651771546000077, -7.26409006199998 ], [ 112.651580810000155, -7.26405000699998 ], [ 112.651489258000197, -7.263989924999976 ], [ 112.651451111000142, -7.263629912999932 ], [ 112.651390076000212, -7.263589858999921 ], [ 112.65135955900007, -7.263289928999882 ], [ 112.651496888000111, -7.262979984999902 ], [ 112.6515426630001, -7.262859821999825 ], [ 112.651412964000087, -7.262690065999891 ], [ 112.651367187, -7.262599944999977 ], [ 112.651382446000071, -7.262516497999911 ], [ 112.651412964000087, -7.262199877999933 ], [ 112.651092529000152, -7.261990070999957 ], [ 112.651077271000304, -7.261889933999953 ], [ 112.651092529000152, -7.261809824999887 ], [ 112.651191711000024, -7.261769770999933 ], [ 112.651351929000157, -7.261690138999938 ], [ 112.651489258000197, -7.261590004999903 ], [ 112.651771546000077, -7.261569975999862 ], [ 112.652137756000229, -7.261620043999926 ], [ 112.652229310000166, -7.26163005899997 ], [ 112.652313232000211, -7.26154994999996 ], [ 112.652343750000227, -7.261280059999933 ], [ 112.652381897000055, -7.261109829999953 ], [ 112.652442932000099, -7.260890006999887 ], [ 112.652458191000164, -7.260509966999905 ], [ 112.652435302000185, -7.26027631799991 ], [ 112.652366639000093, -7.260119915999951 ], [ 112.652343750000227, -7.260019778999947 ], [ 112.652351378000162, -7.259920118999958 ], [ 112.652770996000072, -7.25964021599998 ], [ 112.652717590000066, -7.259540080999955 ], [ 112.652557373000036, -7.259220123999967 ], [ 112.652519226000322, -7.259039877999953 ], [ 112.652549743000122, -7.258880137999881 ], [ 112.652587892000156, -7.258719919999919 ], [ 112.652557373000036, -7.25838994999998 ], [ 112.652503968000133, -7.258221148999951 ], [ 112.652450561000023, -7.258100032999891 ], [ 112.652297973000032, -7.257929800999932 ], [ 112.652252196000063, -7.257860182999934 ], [ 112.652236938000101, -7.257679938999956 ], [ 112.651977538000097, -7.257724285999814 ], [ 112.651466369000218, -7.25781011499987 ], [ 112.650932312000123, -7.257999896999877 ], [ 112.650703431000125, -7.258029937999879 ], [ 112.650238037, -7.258190154999966 ], [ 112.650047303000179, -7.258198260999961 ], [ 112.649818420000202, -7.258208750999927 ], [ 112.649749756, -7.258245467999927 ], [ 112.649696351000102, -7.258357525999884 ], [ 112.649444580000136, -7.258463857999971 ], [ 112.649299622000058, -7.258463857999971 ], [ 112.64894866900022, -7.258487701999911 ], [ 112.648818970000093, -7.258475780999902 ], [ 112.64854431200024, -7.258408545999941 ], [ 112.648155212, -7.258394717999863 ], [ 112.647720336000134, -7.258364200999893 ], [ 112.64711761500007, -7.258306980999976 ], [ 112.646965026000316, -7.258242607999875 ], [ 112.646644593000019, -7.258103846999973 ], [ 112.646636963000105, -7.257887363999885 ], [ 112.64662170500003, -7.257654189999869 ], [ 112.646507264000093, -7.257649897999954 ], [ 112.646423340000069, -7.257641314999944 ], [ 112.646209718000023, -7.25853538399997 ], [ 112.646110536000151, -7.258936882999933 ], [ 112.645950318000018, -7.259597300999872 ], [ 112.645256043000018, -7.259478090999949 ], [ 112.644973755000137, -7.259868143999938 ], [ 112.644721986000036, -7.259771823999927 ], [ 112.644523621000189, -7.259696482999914 ], [ 112.644447328000183, -7.260002134999979 ], [ 112.644233703000054, -7.259952067999905 ], [ 112.64397430300005, -7.259883879999961 ], [ 112.643432618000247, -7.259734152999954 ], [ 112.64334869400011, -7.25971221899988 ], [ 112.642974854000045, -7.259587287999921 ], [ 112.642448424, -7.259509086999969 ], [ 112.64213562000009, -7.259618281999849 ], [ 112.641632081000012, -7.259524822999936 ], [ 112.641136170000095, -7.259354589999873 ], [ 112.641120910000154, -7.259429930999886 ], [ 112.640907287000118, -7.259449958999937 ], [ 112.640747070000089, -7.25947999899995 ], [ 112.640617371000076, -7.259429930999886 ], [ 112.640388488000099, -7.259339808999812 ], [ 112.640167237000014, -7.259329795999975 ], [ 112.640007020000326, -7.259280203999936 ], [ 112.639808655000024, -7.259190081999918 ], [ 112.639671326000098, -7.259515761999978 ], [ 112.639610291000054, -7.25965023099991 ], [ 112.639572144000226, -7.259890079999934 ], [ 112.639541626000209, -7.260069845999908 ], [ 112.63949585100022, -7.260347365999962 ], [ 112.639419555000131, -7.260620116999974 ], [ 112.63932037300026, -7.260700225999926 ], [ 112.63910675000011, -7.260729788999981 ], [ 112.639038087000017, -7.260799884999926 ], [ 112.639007568000011, -7.261040210999965 ], [ 112.638954163000335, -7.261302948999969 ], [ 112.638809204000154, -7.26163005899997 ], [ 112.638740540000185, -7.261690138999938 ], [ 112.638679505000027, -7.261779785999977 ], [ 112.638610839000194, -7.261859892999951 ], [ 112.638313293000124, -7.261750221999932 ], [ 112.63778686600017, -7.261640071999977 ], [ 112.637222289000078, -7.261499880999907 ], [ 112.637016297000059, -7.262010096999973 ], [ 112.636886596000068, -7.262146948999884 ], [ 112.636772156, -7.262259960999927 ], [ 112.636680604000048, -7.262529848999975 ], [ 112.636619568000015, -7.26276016199995 ], [ 112.636528014000078, -7.263110160999929 ], [ 112.636459351000326, -7.263236998999957 ], [ 112.636367797000048, -7.263400076999915 ], [ 112.63613891600005, -7.263750075999951 ], [ 112.636222840000073, -7.263850210999976 ], [ 112.636337280000134, -7.263959883999973 ], [ 112.636421204000158, -7.26409006199998 ], [ 112.636390685000151, -7.26435995199995 ], [ 112.636161805000029, -7.264589785999874 ], [ 112.635910035000052, -7.264699935999943 ], [ 112.635551453000176, -7.264659880999886 ], [ 112.63506317100007, -7.264500140999928 ], [ 112.634757996000189, -7.26422023799995 ], [ 112.63459777900016, -7.264130115999933 ], [ 112.633926392000149, -7.264060019999931 ], [ 112.633399963000329, -7.263939856999912 ], [ 112.633033753000063, -7.263949869999976 ], [ 112.632797242000152, -7.264029978999929 ], [ 112.632812500000114, -7.263292788999934 ], [ 112.632720948000042, -7.262888907999923 ], [ 112.632682799, -7.262707709999916 ], [ 112.632331848000149, -7.261735915999907 ], [ 112.631881714000201, -7.26093244599997 ], [ 112.631820679000043, -7.260883808999949 ], [ 112.631683350000117, -7.26069784099991 ], [ 112.631507874000022, -7.260505198999965 ], [ 112.631706238000106, -7.260270117999937 ], [ 112.631858826000098, -7.260149954999974 ], [ 112.632202149000022, -7.259669779999911 ], [ 112.63230895900017, -7.259379863999925 ], [ 112.632408141000155, -7.258986472999879 ], [ 112.632385255000031, -7.258896827999934 ], [ 112.6323242200001, -7.258803843999942 ], [ 112.632240296000077, -7.258633613999905 ], [ 112.632186891000174, -7.258496284999978 ], [ 112.632110595000086, -7.258294582999838 ], [ 112.631935119000104, -7.257823942999948 ], [ 112.631881714000201, -7.257663725999976 ], [ 112.631729127000085, -7.257267951999893 ], [ 112.631370545000095, -7.256213664999962 ], [ 112.631324768000127, -7.256149769999922 ], [ 112.631278991000158, -7.256033896999838 ], [ 112.63121032700019, -7.255833149999944 ], [ 112.63105011000016, -7.255372523999938 ], [ 112.63101959100004, -7.255295752999871 ], [ 112.630859376000217, -7.254865646999974 ], [ 112.630599976000212, -7.254137037999897 ], [ 112.630531311000141, -7.253917217999913 ], [ 112.630493164000086, -7.253814697999871 ], [ 112.630493164000086, -7.253693103999979 ], [ 112.630859376000217, -7.252865790999977 ], [ 112.631072999000025, -7.252381800999899 ], [ 112.631362915000182, -7.251737594999895 ], [ 112.631278991000158, -7.251596450999955 ], [ 112.631233216000055, -7.251510142999905 ], [ 112.631401062, -7.25123977699991 ], [ 112.631668091000051, -7.250820159999932 ], [ 112.63173675500002, -7.250722407999945 ], [ 112.63173675500002, -7.250480173999961 ], [ 112.631950378000056, -7.250085830999922 ], [ 112.632102967000151, -7.249941348999869 ], [ 112.632286073000046, -7.249727248999932 ], [ 112.632438660000275, -7.249529836999898 ], [ 112.63250732400013, -7.249455928999851 ], [ 112.632560731000012, -7.249382494999963 ], [ 112.632644653000057, -7.249314784999967 ], [ 112.632720948000042, -7.249199866999959 ], [ 112.632736206000232, -7.249109744999885 ], [ 112.632751465000183, -7.249030113999879 ], [ 112.632766723000032, -7.248950004999926 ], [ 112.63278961200001, -7.248879908999982 ], [ 112.632812500000114, -7.248799799999915 ], [ 112.63282775800019, -7.248710155999959 ], [ 112.632858277000082, -7.248620031999963 ], [ 112.632888794000223, -7.248519896999937 ], [ 112.632911682000213, -7.248419761999912 ], [ 112.632942199000126, -7.248330115999977 ], [ 112.632957459000181, -7.248229980999952 ], [ 112.632987976000095, -7.248139856999956 ], [ 112.633010864000198, -7.248050212999885 ], [ 112.633056641000167, -7.247900007999874 ], [ 112.63308715800008, -7.247759818999953 ], [ 112.633110047000173, -7.247690200999955 ], [ 112.633140563000211, -7.247570037999935 ], [ 112.633171082000104, -7.247479915999975 ], [ 112.633186340000179, -7.247399806999965 ], [ 112.633209229000045, -7.24732017599996 ], [ 112.633232117000148, -7.247230051999964 ], [ 112.633247376000099, -7.247089862999928 ], [ 112.633270264000203, -7.24697494499992 ], [ 112.63346862800006, -7.246391772999971 ], [ 112.633567810000272, -7.246078014999966 ], [ 112.633644104000041, -7.245957851999947 ], [ 112.633712768, -7.245837211999913 ], [ 112.634033203000172, -7.245145320999882 ], [ 112.634109496000178, -7.244997976999969 ], [ 112.634307860000035, -7.244581699999969 ], [ 112.634216308000077, -7.244531630999973 ], [ 112.633079528000053, -7.243898867999974 ], [ 112.633018495000215, -7.243813513999896 ], [ 112.632011413000214, -7.243280886999969 ], [ 112.631782532000216, -7.243160247999924 ], [ 112.633453370000211, -7.239391803999979 ], [ 112.633567810000272, -7.239464282999961 ], [ 112.633689881, -7.239609241999858 ], [ 112.633979797000165, -7.239819526999952 ], [ 112.63420867800005, -7.24001169099995 ], [ 112.634361268000021, -7.240081309999937 ], [ 112.634498597000061, -7.239962100999833 ], [ 112.634559632000105, -7.239890097999933 ], [ 112.634590149000019, -7.239734649999946 ], [ 112.634605407000095, -7.239624022999919 ], [ 112.634605407000095, -7.23945188499988 ], [ 112.634620667000036, -7.23935556299989 ], [ 112.634681703000183, -7.238907813999901 ], [ 112.634750366000048, -7.238744735999887 ], [ 112.634819031, -7.238520620999907 ], [ 112.634872437000126, -7.238251685999955 ], [ 112.634956360000047, -7.237970827999902 ], [ 112.635009766000053, -7.237787723999929 ], [ 112.635032654000156, -7.237680911999973 ], [ 112.63506317100007, -7.237413406999963 ], [ 112.635025024000015, -7.237331389999952 ], [ 112.635070801000211, -7.237241743999903 ], [ 112.635108948000038, -7.237012862999961 ], [ 112.635139464000076, -7.236923216999912 ], [ 112.635215760000051, -7.236700533999965 ], [ 112.635269165000068, -7.23656034399994 ], [ 112.635360717000026, -7.236353396999959 ], [ 112.63542175300006, -7.236096381999971 ], [ 112.635528565000072, -7.235711096999978 ], [ 112.635581970000089, -7.23548221599998 ], [ 112.635566712000127, -7.23524284299998 ], [ 112.635566712000127, -7.235144614999911 ], [ 112.635261535000041, -7.235144614999911 ], [ 112.634651184000063, -7.234963893999975 ], [ 112.634452820000092, -7.234995840999943 ], [ 112.634353637000231, -7.234961986999906 ], [ 112.634269714000084, -7.2348599419999 ], [ 112.634338379000042, -7.233829973999946 ], [ 112.634338379000042, -7.233379839999941 ], [ 112.634429931000113, -7.23297023799995 ], [ 112.63452148500005, -7.232429980999939 ], [ 112.63452148500005, -7.232089994999967 ], [ 112.634506225000223, -7.23160981999996 ], [ 112.63453674300024, -7.231249807999973 ], [ 112.63456726000004, -7.230820177999874 ], [ 112.634582520000208, -7.229829788999893 ], [ 112.634628295000198, -7.229469776999963 ], [ 112.634719849000135, -7.22914981699995 ], [ 112.634902953000164, -7.228559969999935 ], [ 112.634902953000164, -7.228320120999967 ], [ 112.634887695000316, -7.2278900149999 ], [ 112.634803771000179, -7.22783994599996 ], [ 112.634643554000149, -7.227769851999938 ], [ 112.634368896000296, -7.227690218999896 ], [ 112.634368896000296, -7.227530000999877 ], [ 112.634422303000179, -7.227210043999946 ], [ 112.634742736000135, -7.226490019999972 ], [ 112.634788513000103, -7.22630977599988 ], [ 112.635070801000211, -7.22533988899994 ], [ 112.635208130000137, -7.224790094999946 ], [ 112.635391236000146, -7.224420069999951 ], [ 112.635459899000239, -7.224269865999872 ], [ 112.635612489000096, -7.224009990999946 ], [ 112.635879516000045, -7.223649978999902 ], [ 112.636077881, -7.223430156999939 ], [ 112.636238098000035, -7.223330021999914 ], [ 112.636428832000206, -7.223259925999969 ], [ 112.636573791000046, -7.223169803999895 ], [ 112.636871338000219, -7.222839831999863 ], [ 112.637062072000049, -7.222559927999953 ], [ 112.637397767000039, -7.221879954999906 ] ] ], [ [ [ 112.664383000000157, -7.196226 ], [ 112.664368000000195, -7.195561 ], [ 112.664299000000142, -7.194921 ], [ 112.664223000000106, -7.194137 ], [ 112.663902, -7.193778 ], [ 112.663589000000229, -7.193463 ], [ 112.663582000000133, -7.193139 ], [ 112.664040000000227, -7.192703999999878 ], [ 112.664612000000261, -7.192286 ], [ 112.665009, -7.192252 ], [ 112.665283, -7.192533 ], [ 112.665337, -7.192866 ], [ 112.665604000000144, -7.193071 ], [ 112.665672, -7.19319 ], [ 112.665840000000117, -7.19348 ], [ 112.666023000000109, -7.19385 ], [ 112.666054, -7.19418 ], [ 112.666039, -7.19448 ], [ 112.666031, -7.19467 ], [ 112.666138, -7.195239999999899 ], [ 112.666161000000216, -7.195579999999893 ], [ 112.666153, -7.1962 ], [ 112.666069000000221, -7.1965 ], [ 112.665375000000154, -7.196559 ], [ 112.664597, -7.196507 ], [ 112.664383000000157, -7.196226 ] ] ] ] } },
{ "type": "Feature", "properties": { "GID_3": "IDN.11.35.3_1", "GID_0": "IDN", "COUNTRY": "Indonesia", "GID_1": "IDN.11_1", "NAME_1": "Jawa Timur", "NL_NAME_1": "NA", "GID_2": "IDN.11.35_1", "NAME_2": "Surabaya", "NL_NAME_2": "NA", "NAME_3": "Bubutan", "VARNAME_3": "NA", "NL_NAME_3": "NA", "TYPE_3": "Kecamatan", "ENGTYPE_3": "Sub-district", "CC_3": "3578250", "HASC_3": "NA", "LULC2021": 97, "LULC2022": 97, "LULC2023": 97, "LULC2024": 97, "Kecamatan": "Bubutan", "UFSI": 6850830292280000.0, "Kelas_Gena": "Tinggi", "n_titik_PU": 8, "Kelas_PU_2": "Tinggi", "Validasi": "Match", "Risiko_DBD": "5.902.941.266.448.510", "Kelas_DBD": "Sedang", "Ranking": 10 }, "geometry": { "type": "MultiPolygon", "coordinates": [ [ [ [ 112.73365783600002, -7.255959987999915 ], [ 112.733306884000172, -7.255941389999975 ], [ 112.732902528000068, -7.255919933999905 ], [ 112.73282623200032, -7.255915163999873 ], [ 112.732681275, -7.255907057999934 ], [ 112.732337951000204, -7.255889892999903 ], [ 112.732246399000019, -7.255879878999963 ], [ 112.73213958700012, -7.255893229999913 ], [ 112.732002258000193, -7.255909918999976 ], [ 112.731536866000056, -7.256110190999948 ], [ 112.731201173000045, -7.256229875999963 ], [ 112.73098754800003, -7.256249903999958 ], [ 112.730682374000025, -7.256219862999956 ], [ 112.729949952000197, -7.256110190999948 ], [ 112.729797363000102, -7.256088733999945 ], [ 112.729530335000049, -7.256050109999933 ], [ 112.728759766000167, -7.256040096999925 ], [ 112.728378296000187, -7.256030081999938 ], [ 112.728233337, -7.25601005599998 ], [ 112.727798461000248, -7.255939959999978 ], [ 112.727676391000273, -7.255929946999913 ], [ 112.727111816000047, -7.255890369999975 ], [ 112.726676941000051, -7.255859850999911 ], [ 112.726409911000133, -7.255839824999953 ], [ 112.726310729000261, -7.255839824999953 ], [ 112.726081848000035, -7.255799770999829 ], [ 112.725967408000201, -7.256370067999853 ], [ 112.725852967000037, -7.256949901999974 ], [ 112.725646973000039, -7.257021902999952 ], [ 112.725234986000032, -7.257123947999958 ], [ 112.725013733000083, -7.257086275999939 ], [ 112.724838257000101, -7.257055759999901 ], [ 112.724555969000221, -7.257007121999891 ], [ 112.72438049300024, -7.256998538999881 ], [ 112.724090577000084, -7.256983755999897 ], [ 112.723739624000245, -7.256878851999943 ], [ 112.723144531000116, -7.256844042999887 ], [ 112.722763062000126, -7.25679015999998 ], [ 112.722618103000059, -7.256770610999865 ], [ 112.72193908700001, -7.256676196999933 ], [ 112.721809388000224, -7.256657600999915 ], [ 112.721191406000116, -7.256540775999952 ], [ 112.720611572000053, -7.256430147999936 ], [ 112.720451354000147, -7.256398676999822 ], [ 112.720275879000269, -7.256365774999949 ], [ 112.719802856000115, -7.25627279299988 ], [ 112.719467163000104, -7.256206989999953 ], [ 112.719261169000333, -7.256167887999823 ], [ 112.718627929000036, -7.255951880999874 ], [ 112.718200684000067, -7.255876063999835 ], [ 112.717826844000228, -7.255864618999965 ], [ 112.717575072000045, -7.255701063999936 ], [ 112.717376708000074, -7.255678176999879 ], [ 112.717140197000163, -7.255654811999932 ], [ 112.716804504000038, -7.255467890999967 ], [ 112.716590881000229, -7.255293369999947 ], [ 112.716346740000176, -7.255211352999879 ], [ 112.716117859000178, -7.25518607999993 ], [ 112.715980530000024, -7.255218982999907 ], [ 112.715873718000125, -7.255242824999925 ], [ 112.715736389000199, -7.255293369999947 ], [ 112.715370179000047, -7.255153177999887 ], [ 112.715179443000125, -7.255129813999929 ], [ 112.715080260000036, -7.255067348999887 ], [ 112.715316772000051, -7.25414371599993 ], [ 112.715339660000154, -7.25403976399997 ], [ 112.715583801000207, -7.253109931999916 ], [ 112.715789796000081, -7.252310751999971 ], [ 112.715835571000071, -7.252068042999952 ], [ 112.715881348000039, -7.251790045999883 ], [ 112.715873718000125, -7.251617907999957 ], [ 112.715858459000174, -7.251371860999939 ], [ 112.715843201000325, -7.251116751999973 ], [ 112.715827943000136, -7.250675200999922 ], [ 112.715812682000205, -7.250385761999951 ], [ 112.715789796000081, -7.249989985999889 ], [ 112.715843201000325, -7.249839781999981 ], [ 112.715873718000125, -7.249715327999979 ], [ 112.715896606000229, -7.249639986999966 ], [ 112.715950013000111, -7.249509810999939 ], [ 112.715988160000165, -7.249430179999933 ], [ 112.71602630700022, -7.249340057999916 ], [ 112.716056823000031, -7.249269961999914 ], [ 112.716102600000227, -7.249187468999935 ], [ 112.716140747000054, -7.249109744999885 ], [ 112.716186524000022, -7.249000071999944 ], [ 112.716217041000164, -7.248929976999932 ], [ 112.716247558000077, -7.248859882999909 ], [ 112.716293335000046, -7.248789786999964 ], [ 112.716316223000035, -7.248710155999959 ], [ 112.716346740000176, -7.248640059999957 ], [ 112.716377258000193, -7.248569964999888 ], [ 112.716407775000107, -7.248499868999943 ], [ 112.716468810000151, -7.248380182999938 ], [ 112.716529846000071, -7.248270034999962 ], [ 112.716567993000126, -7.248189926999885 ], [ 112.716613770000095, -7.24811983099994 ], [ 112.716667175000111, -7.248010157999943 ], [ 112.716720582000221, -7.247900007999874 ], [ 112.716781617000038, -7.247789859999955 ], [ 112.716842650000331, -7.24768018799989 ], [ 112.716888427000299, -7.247570037999935 ], [ 112.716926574000013, -7.247489928999869 ], [ 112.716979981000236, -7.247389793999957 ], [ 112.717033387000015, -7.247290134999957 ], [ 112.717079164000211, -7.247189997999953 ], [ 112.717117310000162, -7.247119903999931 ], [ 112.71764373800022, -7.247089862999928 ], [ 112.717903137000235, -7.247089862999928 ], [ 112.718109132000109, -7.247089862999928 ], [ 112.71833038300008, -7.247089862999928 ], [ 112.718437195000206, -7.247089862999928 ], [ 112.718902587000116, -7.247089862999928 ], [ 112.719360351000205, -7.247119903999931 ], [ 112.719673158000091, -7.247129916999938 ], [ 112.719833373000029, -7.247135639999954 ], [ 112.71996307400002, -7.247139929999889 ], [ 112.720176697000056, -7.247139929999889 ], [ 112.720329284000172, -7.247142314999905 ], [ 112.720520020000095, -7.247145174999957 ], [ 112.720886230000019, -7.247139929999889 ], [ 112.720901490000074, -7.246491909999918 ], [ 112.720916749000025, -7.245460033999962 ], [ 112.720909118, -7.245159624999928 ], [ 112.720901490000074, -7.244884966999905 ], [ 112.72089386000016, -7.244178770999952 ], [ 112.720886230000019, -7.24401998399992 ], [ 112.720878602000312, -7.243874071999926 ], [ 112.720870972000057, -7.243800162999946 ], [ 112.720848083000192, -7.24341869299991 ], [ 112.720840455000257, -7.243247507999968 ], [ 112.720832825000343, -7.243107318999932 ], [ 112.720832825000343, -7.243030069999918 ], [ 112.720802308000088, -7.24272966299992 ], [ 112.720787048000034, -7.24249124499994 ], [ 112.720771789000082, -7.24231052399989 ], [ 112.720726012000114, -7.241782663999913 ], [ 112.720710754000152, -7.241539954999894 ], [ 112.720687866000162, -7.241380689999971 ], [ 112.720687866000162, -7.241238593999924 ], [ 112.720649719000107, -7.240719793999972 ], [ 112.720550537000122, -7.239480018999927 ], [ 112.720527648000029, -7.239309787999957 ], [ 112.720520020000095, -7.239140032999956 ], [ 112.720489501000202, -7.238629818999925 ], [ 112.720443726000212, -7.23766994399989 ], [ 112.720458985000164, -7.236959932999923 ], [ 112.72048187300004, -7.236832141999912 ], [ 112.720550537000122, -7.236419677999891 ], [ 112.720581055000139, -7.236229895999941 ], [ 112.72059631400009, -7.236130236999941 ], [ 112.721290589000205, -7.236320017999844 ], [ 112.722068787000126, -7.236529827999959 ], [ 112.722259522000172, -7.236581324999975 ], [ 112.723037720000093, -7.236790179999844 ], [ 112.723114014000203, -7.236811637999949 ], [ 112.723533631, -7.236938476999967 ], [ 112.723640441000157, -7.236971378999897 ], [ 112.723800659000062, -7.237020015999917 ], [ 112.723968506, -7.237070560999939 ], [ 112.72408294700017, -7.237102506999918 ], [ 112.724426270000208, -7.237205504999906 ], [ 112.724746703000164, -7.237299918999895 ], [ 112.725128174000019, -7.237420081999915 ], [ 112.725440978000165, -7.23753023199987 ], [ 112.725769043000014, -7.23763990499998 ], [ 112.726058960000159, -7.237711428999944 ], [ 112.726211547000048, -7.237750052999957 ], [ 112.726448058000187, -7.237807749999945 ], [ 112.726432800000111, -7.237969874999919 ], [ 112.726402283000198, -7.238210201999891 ], [ 112.726379395000095, -7.238375663999932 ], [ 112.726348876000088, -7.238664627999924 ], [ 112.726287843000136, -7.239170073999958 ], [ 112.726348876000088, -7.23951005999993 ], [ 112.726463318000015, -7.239916801999925 ], [ 112.726509093000118, -7.240099907999934 ], [ 112.726745605000019, -7.240699767999956 ], [ 112.726852417000146, -7.240960120999887 ], [ 112.726913452000304, -7.241059779999944 ], [ 112.72697448700012, -7.241165637999927 ], [ 112.727203368, -7.241559980999966 ], [ 112.727294922000056, -7.241688251999904 ], [ 112.72753143400007, -7.242010116999893 ], [ 112.727622986000029, -7.242121219999945 ], [ 112.727760314000079, -7.24228000699992 ], [ 112.72791290400005, -7.242430209999952 ], [ 112.727981567000143, -7.242479801999934 ], [ 112.728080749000014, -7.24253988199996 ], [ 112.728294372000164, -7.242647169999941 ], [ 112.728782655000145, -7.242895603999898 ], [ 112.728965759000062, -7.24298620299993 ], [ 112.729324340000289, -7.243119716999956 ], [ 112.729827881000119, -7.243259905999935 ], [ 112.730178833000082, -7.243346214999974 ], [ 112.730400086000145, -7.243399619999934 ], [ 112.73098754800003, -7.243543623999869 ], [ 112.731338502000199, -7.243629932999909 ], [ 112.731704712000123, -7.243717669999967 ], [ 112.73206329300001, -7.243804453999871 ], [ 112.732223511000143, -7.243843555999888 ], [ 112.732589721000068, -7.243929861999959 ], [ 112.732879639000203, -7.244009017999929 ], [ 112.732986449, -7.244040011999971 ], [ 112.733245849000127, -7.244071005999899 ], [ 112.733581542000138, -7.244110107999916 ], [ 112.733779907000098, -7.244134901999928 ], [ 112.734153747000164, -7.244190216999925 ], [ 112.73453521700003, -7.244268892999912 ], [ 112.734741211000028, -7.244309901999941 ], [ 112.734893799000019, -7.244349956999883 ], [ 112.735511780000138, -7.244480132999911 ], [ 112.735870362000128, -7.244559763999916 ], [ 112.735977172000048, -7.244589805999908 ], [ 112.736122131000116, -7.244629859999975 ], [ 112.736648559000173, -7.244750022999938 ], [ 112.737060547000283, -7.244840144999955 ], [ 112.73718261800002, -7.244870185999957 ], [ 112.737358094000115, -7.244909762999953 ], [ 112.738227845000097, -7.245090006999931 ], [ 112.738380432000326, -7.245097636999844 ], [ 112.73857879600007, -7.245110034999868 ], [ 112.739067077000072, -7.24507999399998 ], [ 112.73918914800015, -7.24507999399998 ], [ 112.739501952000069, -7.24501228299988 ], [ 112.73992919900013, -7.244919775999961 ], [ 112.740798950000112, -7.244569776999867 ], [ 112.741363525000111, -7.244349956999883 ], [ 112.741790772000058, -7.244190216999925 ], [ 112.742126465000069, -7.24412012099998 ], [ 112.742202759000179, -7.24412012099998 ], [ 112.742507935000162, -7.244100092999929 ], [ 112.742591857000207, -7.244032381999887 ], [ 112.74267578100023, -7.244159220999904 ], [ 112.742721558000198, -7.244229793999978 ], [ 112.742797852000081, -7.244339943999933 ], [ 112.742851257000325, -7.244420049999974 ], [ 112.742889404000039, -7.24450015899987 ], [ 112.742927550000331, -7.244579791999968 ], [ 112.742988586000024, -7.244709968999928 ], [ 112.743011474000014, -7.24478483199988 ], [ 112.743019104000268, -7.244880198999965 ], [ 112.743026732000203, -7.244979858999955 ], [ 112.743041993000134, -7.245110034999868 ], [ 112.743041993000134, -7.245259761999932 ], [ 112.743041993000134, -7.245339870999885 ], [ 112.743041993000134, -7.245419978999962 ], [ 112.743026732000203, -7.245590209999932 ], [ 112.743019104000268, -7.245679853999945 ], [ 112.742988586000024, -7.245840071999964 ], [ 112.7429733270003, -7.245940208999912 ], [ 112.742942811000262, -7.246029852999868 ], [ 112.742912292000142, -7.246109961999935 ], [ 112.742881775000228, -7.246190070999887 ], [ 112.742843628000173, -7.246300220999956 ], [ 112.74281311000027, -7.246389864999912 ], [ 112.742782593000015, -7.246459960999914 ], [ 112.742736816000047, -7.246553897999888 ], [ 112.742683411000144, -7.24666976799989 ], [ 112.742652892000024, -7.246739863999892 ], [ 112.742607117000034, -7.246799945999896 ], [ 112.742553710000152, -7.246910093999873 ], [ 112.742523194000114, -7.246980189999931 ], [ 112.742462158000194, -7.247099875999936 ], [ 112.742431642000156, -7.247169970999892 ], [ 112.742370606000122, -7.247290134999957 ], [ 112.742309571000078, -7.247429847999967 ], [ 112.742271424000023, -7.247509954999941 ], [ 112.742240905000131, -7.247590063999894 ], [ 112.742187500000227, -7.247749805999888 ], [ 112.742141723000032, -7.247900007999874 ], [ 112.74210357700008, -7.247990129999891 ], [ 112.742057800000111, -7.248089789999881 ], [ 112.742012025, -7.248209952999957 ], [ 112.741928101000326, -7.248340128999871 ], [ 112.741867065000065, -7.248439788999974 ], [ 112.741798400000334, -7.24855995199988 ], [ 112.741729736000025, -7.248670101999949 ], [ 112.741653443000018, -7.248770236999974 ], [ 112.741600038000115, -7.248829841999907 ], [ 112.74154663000013, -7.248889921999933 ], [ 112.74146270700021, -7.249000071999944 ], [ 112.741401673000155, -7.249060152999959 ], [ 112.741287231000229, -7.249169824999967 ], [ 112.741188049000016, -7.249259948999963 ], [ 112.741104127000199, -7.24932432199995 ], [ 112.740997315000072, -7.249420166999926 ], [ 112.740898132000098, -7.249479769999937 ], [ 112.740829467000026, -7.249529836999898 ], [ 112.740768432000209, -7.249569891999954 ], [ 112.740669250000224, -7.249629973999959 ], [ 112.740592956000114, -7.249689101999934 ], [ 112.740463257000101, -7.249780178999856 ], [ 112.74034881700004, -7.249869822999813 ], [ 112.740188599000135, -7.249979972999938 ], [ 112.740074159000073, -7.250048636999963 ], [ 112.739830017000145, -7.250194072999818 ], [ 112.739601134000054, -7.250327586999958 ], [ 112.739509582000323, -7.250380038999936 ], [ 112.739334107000104, -7.250474453999914 ], [ 112.738983155000028, -7.250679968999975 ], [ 112.738861084000177, -7.250745773999881 ], [ 112.73879241900022, -7.250782965999974 ], [ 112.738670348000028, -7.250850200999935 ], [ 112.738502503000063, -7.250959873999932 ], [ 112.738403321000192, -7.251016138999887 ], [ 112.738258361000135, -7.251100062999967 ], [ 112.738052369000116, -7.25123977699991 ], [ 112.737808228000063, -7.251430033999952 ], [ 112.737602233000189, -7.251638412999966 ], [ 112.737419129000159, -7.251910208999959 ], [ 112.737373352000191, -7.252009867999959 ], [ 112.73731994700006, -7.252140044999976 ], [ 112.737266540000178, -7.252286433999927 ], [ 112.737251282000216, -7.252379892999841 ], [ 112.737243651000199, -7.252530097999909 ], [ 112.737258912000129, -7.252620219999926 ], [ 112.737335205000136, -7.252884863999952 ], [ 112.737380982000104, -7.253049849999911 ], [ 112.737510681000231, -7.253419876999885 ], [ 112.737564086000134, -7.253589151999961 ], [ 112.737594605000027, -7.253674983999872 ], [ 112.737663269000109, -7.253970144999869 ], [ 112.737693787000126, -7.254169939999883 ], [ 112.737739562000115, -7.254640101999883 ], [ 112.737792969000111, -7.254930019999961 ], [ 112.737831116000052, -7.25503635299998 ], [ 112.737922668000124, -7.255239961999962 ], [ 112.738121032000208, -7.255459784999914 ], [ 112.738403321000192, -7.255579947999934 ], [ 112.738632201000087, -7.255640030999928 ], [ 112.738952636000249, -7.255690097999889 ], [ 112.739860534000059, -7.255720136999969 ], [ 112.74033355600011, -7.255710123999961 ], [ 112.740997315000072, -7.255720136999969 ], [ 112.741180421000081, -7.255712986999924 ], [ 112.741523742000027, -7.255700110999953 ], [ 112.741867065000065, -7.255710123999961 ], [ 112.742210389000093, -7.255740165999953 ], [ 112.742759705000026, -7.255806445999951 ], [ 112.742698669000106, -7.255906105999941 ], [ 112.742622376000099, -7.255995749999954 ], [ 112.742561340000066, -7.256042479999905 ], [ 112.742469788000108, -7.256100177999883 ], [ 112.742401123000036, -7.256130693999921 ], [ 112.742317199000013, -7.25614023199995 ], [ 112.742111207000221, -7.256120205999935 ], [ 112.74143982000021, -7.256080150999935 ], [ 112.741020203000176, -7.256080150999935 ], [ 112.739646911000023, -7.256110190999948 ], [ 112.739448547000165, -7.256100177999883 ], [ 112.737991334000071, -7.256030081999938 ], [ 112.73750305100009, -7.255939959999978 ], [ 112.737243651000199, -7.255859850999911 ], [ 112.737022401000104, -7.255790232999914 ], [ 112.736213683000074, -7.255819796999958 ], [ 112.735801696000181, -7.255829809999909 ], [ 112.735046386000022, -7.255849837999961 ], [ 112.734786986000017, -7.255830286999867 ], [ 112.734420776000093, -7.255874633999895 ], [ 112.734298706000118, -7.255883216999962 ], [ 112.733963013000107, -7.255949972999929 ], [ 112.73365783600002, -7.255959987999915 ] ] ] ] } },
{ "type": "Feature", "properties": { "GID_3": "IDN.11.35.4_1", "GID_0": "IDN", "COUNTRY": "Indonesia", "GID_1": "IDN.11_1", "NAME_1": "Jawa Timur", "NL_NAME_1": "NA", "GID_2": "IDN.11.35_1", "NAME_2": "Surabaya", "NL_NAME_2": "NA", "NAME_3": "Bulak", "VARNAME_3": "NA", "NL_NAME_3": "NA", "TYPE_3": "Kecamatan", "ENGTYPE_3": "Sub-district", "CC_3": "3578211", "HASC_3": "NA", "LULC2021": 65, "LULC2022": 65, "LULC2023": 65, "LULC2024": 65, "Kecamatan": "Bulak", "UFSI": 6198952056429999.0, "Kelas_Gena": "Sedang", "n_titik_PU": 0, "Kelas_PU_2": "Rendah", "Validasi": "Tidak Match", "Risiko_DBD": "30.620.712.095.636.300", "Kelas_DBD": "Rendah", "Ranking": 16 }, "geometry": { "type": "MultiPolygon", "coordinates": [ [ [ [ 112.791442969000059, -7.251220726999918 ], [ 112.79150390600023, -7.250993727999969 ], [ 112.791725159000293, -7.251034736999941 ], [ 112.792633057000103, -7.251206874999923 ], [ 112.792663573000141, -7.250899790999938 ], [ 112.792686462, -7.250539778999894 ], [ 112.792709350000109, -7.250289917999908 ], [ 112.792747497000164, -7.250020026999891 ], [ 112.792800902000067, -7.249360083999932 ], [ 112.792808533000084, -7.249189853999951 ], [ 112.792831421000187, -7.24860000599989 ], [ 112.792823791000046, -7.248263834999875 ], [ 112.792282105000027, -7.24807977699993 ], [ 112.792152404000035, -7.24807977699993 ], [ 112.791557311000133, -7.248031138999977 ], [ 112.79057312000009, -7.247950077999974 ], [ 112.790336609000178, -7.247930049999979 ], [ 112.789749146000304, -7.247849940999913 ], [ 112.789260864000084, -7.247805118999963 ], [ 112.788940429000149, -7.247779844999968 ], [ 112.788658143000021, -7.247700213999963 ], [ 112.787376403000053, -7.247588633999953 ], [ 112.787208557000326, -7.247578142999885 ], [ 112.785995483000193, -7.247504234999838 ], [ 112.785575866000158, -7.24747848599992 ], [ 112.784141541000054, -7.247391699999923 ], [ 112.78284454300001, -7.24728012099996 ], [ 112.782997130000126, -7.245817182999872 ], [ 112.783012391000057, -7.245635509999943 ], [ 112.782897948000141, -7.245644569999968 ], [ 112.783203125000227, -7.244199751999872 ], [ 112.783493041000042, -7.242813586999944 ], [ 112.783592223000255, -7.242394447999914 ], [ 112.783592223000255, -7.241274357999941 ], [ 112.783500671000184, -7.239497661999962 ], [ 112.783462524000129, -7.238823889999878 ], [ 112.783447266000053, -7.23801517499993 ], [ 112.783660889000089, -7.23669147499993 ], [ 112.784042100000079, -7.23511974999991 ], [ 112.783889921000195, -7.235079803999895 ], [ 112.783790588000102, -7.235099792999961 ], [ 112.783401489000084, -7.235070228999973 ], [ 112.782997130000126, -7.23502015999992 ], [ 112.782707214000084, -7.234974859999909 ], [ 112.782546997000281, -7.234949588999939 ], [ 112.782470703000058, -7.234940050999967 ], [ 112.782272339000087, -7.234930037999959 ], [ 112.782051086000024, -7.234920024999894 ], [ 112.781913757000098, -7.234896183999979 ], [ 112.781768798000144, -7.234869479999929 ], [ 112.781585694000228, -7.234837530999926 ], [ 112.781280517000141, -7.234825132999958 ], [ 112.781219482000097, -7.234994410999946 ], [ 112.781051636000143, -7.235399722999887 ], [ 112.780944824000017, -7.235678672999882 ], [ 112.780830384000069, -7.235710143999938 ], [ 112.780639647000044, -7.23573493799995 ], [ 112.780471802000079, -7.235682010999881 ], [ 112.78038025, -7.235677717999977 ], [ 112.780303954000033, -7.235643385999879 ], [ 112.780273438000222, -7.235540866999941 ], [ 112.780189514000199, -7.235477445999948 ], [ 112.780067443000121, -7.235383033999938 ], [ 112.779998780000028, -7.235322475999908 ], [ 112.77995300300006, -7.235262393999903 ], [ 112.779945374000022, -7.235149382999964 ], [ 112.779960633000201, -7.235068321999904 ], [ 112.779998780000028, -7.234987257999876 ], [ 112.7800903320001, -7.234886645999893 ], [ 112.780166625000106, -7.23485517499995 ], [ 112.780227661000026, -7.234802246999948 ], [ 112.780303954000033, -7.234703539999941 ], [ 112.780303954000033, -7.234611510999969 ], [ 112.780273438000222, -7.234523295999963 ], [ 112.780220032000216, -7.234449385999937 ], [ 112.780158997000058, -7.234371661999944 ], [ 112.780075073000035, -7.23429441299993 ], [ 112.780006408000304, -7.234206198999914 ], [ 112.779983521000077, -7.234095095999976 ], [ 112.779914856, -7.233911514999932 ], [ 112.779815674000019, -7.233888148999881 ], [ 112.779708861000131, -7.233857629999932 ], [ 112.779617309000173, -7.233795164999947 ], [ 112.779541016000167, -7.233777523999947 ], [ 112.779472350000219, -7.23369312299991 ], [ 112.779495239000198, -7.233386039999914 ], [ 112.779541016000167, -7.233234405999951 ], [ 112.779518127000188, -7.233115672999929 ], [ 112.779495239000198, -7.233005047999939 ], [ 112.779403687000126, -7.233170985999948 ], [ 112.779296874000011, -7.23347091699992 ], [ 112.779289246000076, -7.233562468999935 ], [ 112.77923583900008, -7.233682154999883 ], [ 112.779090882000219, -7.233631609999975 ], [ 112.779022217000147, -7.233608245999903 ], [ 112.778831482000101, -7.233495235999953 ], [ 112.778709412000126, -7.233413696999889 ], [ 112.778625488000102, -7.233353613999896 ], [ 112.778526306000231, -7.233294485999977 ], [ 112.778450012, -7.233229635999919 ], [ 112.778366088000098, -7.233191966999925 ], [ 112.778274536000026, -7.23312187099998 ], [ 112.778121949000251, -7.233072280999977 ], [ 112.777946471000178, -7.233016967999902 ], [ 112.777893066000047, -7.233110904999876 ], [ 112.777824403000182, -7.233292578999908 ], [ 112.777732849000017, -7.233483314999944 ], [ 112.777671813000097, -7.233625888999939 ], [ 112.777587891000167, -7.23381090099997 ], [ 112.777503968000019, -7.233997821999878 ], [ 112.777450561000137, -7.234057901999904 ], [ 112.777427674000137, -7.234131812999976 ], [ 112.777519226000209, -7.234220026999878 ], [ 112.777610778000167, -7.234265803999961 ], [ 112.777679443000238, -7.234329699999932 ], [ 112.777702332000104, -7.234408855999959 ], [ 112.777778626000213, -7.23444413999988 ], [ 112.777824403000182, -7.234514712999953 ], [ 112.777725220000207, -7.23493432999993 ], [ 112.777656555000135, -7.234969614999955 ], [ 112.777587891000167, -7.235117911999964 ], [ 112.777465821000192, -7.235149382999964 ], [ 112.777206421000187, -7.235114096999894 ], [ 112.777183533000084, -7.235221861999946 ], [ 112.777153016000284, -7.235332966999977 ], [ 112.776969910000048, -7.235318660999951 ], [ 112.776748657000098, -7.23526954599987 ], [ 112.776634217000264, -7.235251902999948 ], [ 112.776420592000136, -7.235188484999924 ], [ 112.776283263000209, -7.235177516999897 ], [ 112.776252747000171, -7.235248087999878 ], [ 112.77604675200007, -7.235593795999876 ], [ 112.775917053000057, -7.235808848999909 ], [ 112.775840760000051, -7.235966205999944 ], [ 112.775772094000104, -7.236057757999902 ], [ 112.77568817000008, -7.236187456999971 ], [ 112.775588988000209, -7.236327647999929 ], [ 112.775466920000099, -7.236462116999974 ], [ 112.775413513000331, -7.236514566999972 ], [ 112.77530670200008, -7.236608503999889 ], [ 112.775253295000084, -7.236715316999948 ], [ 112.775161743000126, -7.236788749999903 ], [ 112.77481079100005, -7.236895559999937 ], [ 112.774688721000075, -7.236928938999938 ], [ 112.774604797000052, -7.236915587999931 ], [ 112.7745361340003, -7.236795424999912 ], [ 112.774360656000226, -7.236661910999885 ], [ 112.774276734000182, -7.236835479999968 ], [ 112.774230957000213, -7.236962317999939 ], [ 112.774101258000201, -7.237055777999956 ], [ 112.773979187, -7.237069129999895 ], [ 112.773834228000169, -7.237069129999895 ], [ 112.773742676000211, -7.236995696999884 ], [ 112.773666383000204, -7.23684978499989 ], [ 112.773643494000339, -7.23676204599991 ], [ 112.773590087000116, -7.236655235999933 ], [ 112.773506165000072, -7.236601828999881 ], [ 112.773490905000244, -7.236501216999898 ], [ 112.773406983000086, -7.236467837999896 ], [ 112.773345948000042, -7.236367702999871 ], [ 112.773170472000288, -7.236297606999926 ], [ 112.7730941760002, -7.236134051999898 ], [ 112.772789002000195, -7.236120700999948 ], [ 112.772552491000056, -7.236120700999948 ], [ 112.772377015000075, -7.236120700999948 ], [ 112.772285461000024, -7.236112593999906 ], [ 112.772148132000098, -7.236100672999896 ], [ 112.771835327000076, -7.236073493999982 ], [ 112.77175903400007, -7.236067293999895 ], [ 112.771568297000158, -7.236087321999946 ], [ 112.771560669000223, -7.235919474999832 ], [ 112.771347047000177, -7.235900400999924 ], [ 112.771072389000324, -7.235880374999965 ], [ 112.770782470000086, -7.235793112999943 ], [ 112.770568848000153, -7.235706328999981 ], [ 112.770584106000342, -7.235605716999885 ], [ 112.770599364000191, -7.235525607999932 ], [ 112.770774842000151, -7.234696386999872 ], [ 112.770912171000077, -7.23470163199994 ], [ 112.771057128000052, -7.234136580999916 ], [ 112.771331786000019, -7.233048914999927 ], [ 112.772239686000034, -7.233150004999914 ], [ 112.772499084000174, -7.233170032999965 ], [ 112.772697448000031, -7.233200071999875 ], [ 112.772781372000054, -7.233210086999918 ], [ 112.772850037000012, -7.233035086999905 ], [ 112.77297210800009, -7.232726096999954 ], [ 112.773162842000033, -7.232260227999916 ], [ 112.773422241000048, -7.23226976299992 ], [ 112.774002076000215, -7.232250212999816 ], [ 112.774551392000149, -7.232210157999873 ], [ 112.77494812000009, -7.232190608999929 ], [ 112.775199890000181, -7.231200695999917 ], [ 112.775207520000095, -7.231093882999971 ], [ 112.775291444000118, -7.23074197699998 ], [ 112.775451659000169, -7.230115889999979 ], [ 112.775535583000305, -7.229784488999883 ], [ 112.775657654000042, -7.229824543999939 ], [ 112.775894165000182, -7.2299060819999 ], [ 112.776008605000015, -7.229757785999936 ], [ 112.776145934000056, -7.22971773099988 ], [ 112.776504516000273, -7.229223250999894 ], [ 112.776573182000106, -7.229193208999902 ], [ 112.776695252000081, -7.229193208999902 ], [ 112.777069092000147, -7.229219912999895 ], [ 112.777221680000139, -7.229213237999886 ], [ 112.777374267000027, -7.229213237999886 ], [ 112.77747344900024, -7.22883891999993 ], [ 112.777717590000066, -7.228858947999981 ], [ 112.777893066000047, -7.228999614999964 ], [ 112.778060914000093, -7.228979110999944 ], [ 112.778213501000209, -7.228965758999948 ], [ 112.77838134700005, -7.228848457999902 ], [ 112.778648376000206, -7.228960037999968 ], [ 112.77919006400009, -7.22914981699995 ], [ 112.779312135000168, -7.229165552999916 ], [ 112.780113220000089, -7.22926997999997 ], [ 112.780212402000075, -7.22926997999997 ], [ 112.780410767000149, -7.228909968999915 ], [ 112.78047943200022, -7.228743552999902 ], [ 112.780967713000223, -7.228829859999962 ], [ 112.781036376000088, -7.228865145999976 ], [ 112.781074525000122, -7.228946207999911 ], [ 112.781082153000057, -7.229060172999937 ], [ 112.781089783000198, -7.229355811999937 ], [ 112.781135558000074, -7.229619501999935 ], [ 112.78116607700008, -7.229824543999939 ], [ 112.781364441000164, -7.229921340999965 ], [ 112.781372071000078, -7.230179785999837 ], [ 112.78122711200001, -7.230616092999981 ], [ 112.781547547000059, -7.230716227999892 ], [ 112.781898499000135, -7.230746268999894 ], [ 112.782287597000163, -7.230746268999894 ], [ 112.782600402000185, -7.230716227999892 ], [ 112.783020019000332, -7.230847833999974 ], [ 112.783203125000227, -7.231070516999978 ], [ 112.783439636000026, -7.231293677999872 ], [ 112.783653259000175, -7.231506347999925 ], [ 112.783691405000127, -7.231374740999854 ], [ 112.783752441000047, -7.231273173999966 ], [ 112.78383636500007, -7.231172083999979 ], [ 112.783912658000077, -7.230533598999955 ], [ 112.783805848000043, -7.23037147399998 ], [ 112.783821106000119, -7.230229377999933 ], [ 112.783874511000022, -7.229743479999968 ], [ 112.783859253000173, -7.229660033999892 ], [ 112.783782959000064, -7.229246616999887 ], [ 112.783752441000047, -7.229081153999971 ], [ 112.78377532900015, -7.228679656999873 ], [ 112.783882142000039, -7.228568076999977 ], [ 112.783943177000197, -7.228473662999875 ], [ 112.784042359000068, -7.228298664999954 ], [ 112.784126281000226, -7.228179931999932 ], [ 112.784202576000212, -7.227965353999934 ], [ 112.784118653000291, -7.227849005999872 ], [ 112.783935547000056, -7.227714537999873 ], [ 112.783721924000019, -7.22753477099991 ], [ 112.783599853000169, -7.22744703199993 ], [ 112.783355712000116, -7.227234362999923 ], [ 112.78327941900011, -7.227229594999869 ], [ 112.783035279000046, -7.227222441999913 ], [ 112.782745361000025, -7.227207660999966 ], [ 112.782684326000208, -7.227164743999936 ], [ 112.782653809000067, -7.227073191999921 ], [ 112.782669067000256, -7.226968287999966 ], [ 112.782699584000056, -7.226901053999882 ], [ 112.783218383000076, -7.226393222999945 ], [ 112.7835540760002, -7.225855827999908 ], [ 112.783920288000104, -7.225256919999936 ], [ 112.784240723000266, -7.225304126999902 ], [ 112.784507751000206, -7.225341795999952 ], [ 112.784736634000183, -7.225367069999891 ], [ 112.784858703000054, -7.225380897999969 ], [ 112.785018920000084, -7.22539854099989 ], [ 112.785110474000021, -7.225371359999883 ], [ 112.785339355000019, -7.225458621999906 ], [ 112.785476684000173, -7.225509166999927 ], [ 112.785598755000024, -7.225604533999899 ], [ 112.78567504800003, -7.225738524999883 ], [ 112.78581237700007, -7.225897311999972 ], [ 112.786186229000123, -7.22614617399995 ], [ 112.786475230000178, -7.225026953999816 ], [ 112.786605999000017, -7.224520998999935 ], [ 112.786651348000191, -7.224352887999885 ], [ 112.786705017000031, -7.224154472999942 ], [ 112.786819457000092, -7.223695753999891 ], [ 112.78686467600005, -7.223504994999928 ], [ 112.786895745000038, -7.223373927999887 ], [ 112.786696999000128, -7.223350000999972 ], [ 112.786438001000192, -7.223331 ], [ 112.785538, -7.223199000999898 ], [ 112.78456900100025, -7.223036 ], [ 112.784332953000103, -7.222981650999941 ], [ 112.784126281000226, -7.222933767999905 ], [ 112.784093872000085, -7.222879889999888 ], [ 112.784088126000029, -7.222870212999965 ], [ 112.784086718000026, -7.222846009999841 ], [ 112.784081001000231, -7.222738998999944 ], [ 112.784050001000082, -7.222231000999955 ], [ 112.784061425, -7.22217657799996 ], [ 112.784088134000172, -7.222049711999944 ], [ 112.784088055000097, -7.221600029999934 ], [ 112.785484000000224, -7.221906 ], [ 112.785851000000207, -7.221944999999891 ], [ 112.786910999000042, -7.222158 ], [ 112.786903, -7.221992000999876 ], [ 112.786903, -7.221824 ], [ 112.786896000000183, -7.221605999999895 ], [ 112.786788999000123, -7.221336 ], [ 112.786842, -7.221181999999828 ], [ 112.786987, -7.221208000999923 ], [ 112.786849999000196, -7.220781998999939 ], [ 112.786865, -7.220686998999895 ], [ 112.786926000000108, -7.220428 ], [ 112.786652000000231, -7.219401000999881 ], [ 112.78521000000012, -7.218306998999878 ], [ 112.785172001000092, -7.218232999999884 ], [ 112.78514100100017, -7.218147999999871 ], [ 112.785118000000125, -7.218065998999919 ], [ 112.785080001000097, -7.218000998999969 ], [ 112.784546000000205, -7.217529000999889 ], [ 112.784454, -7.217446999999879 ], [ 112.78434, -7.217329 ], [ 112.784149, -7.21702299999987 ], [ 112.784111001000042, -7.216752 ], [ 112.784088000000111, -7.216597000999968 ], [ 112.784065, -7.21651 ], [ 112.784058000000186, -7.216434998999887 ], [ 112.783997000000113, -7.215979998999899 ], [ 112.784538001000215, -7.215919 ], [ 112.784827999000186, -7.21714999999989 ], [ 112.784866001000182, -7.217230000999962 ], [ 112.784988001000102, -7.217320000999962 ], [ 112.785179000000198, -7.21739 ], [ 112.78524, -7.217429998999876 ], [ 112.785308999000222, -7.217590000999962 ], [ 112.785460999000179, -7.218040000999906 ], [ 112.785507000000166, -7.21814 ], [ 112.785751000000118, -7.21827 ], [ 112.786429999, -7.218669998999928 ], [ 112.786987, -7.219010000999958 ], [ 112.787376000000108, -7.21926 ], [ 112.787491001000035, -7.219559999999888 ], [ 112.787498, -7.219910000999903 ], [ 112.787491001000035, -7.2205 ], [ 112.787651, -7.22114800099996 ], [ 112.787804000000165, -7.2217800009999 ], [ 112.787818999000024, -7.221853999999894 ], [ 112.787902999000039, -7.22221 ], [ 112.787963999000112, -7.222463998999956 ], [ 112.788124001000028, -7.223103998999932 ], [ 112.788307001000135, -7.22382799899998 ], [ 112.78833800100017, -7.22397 ], [ 112.788390999000285, -7.224202 ], [ 112.788406, -7.22429 ], [ 112.788551, -7.225089998999977 ], [ 112.788673000000131, -7.22559 ], [ 112.788727001000211, -7.225760000999969 ], [ 112.788833619000116, -7.22585010499995 ], [ 112.789672851000091, -7.226109981999969 ], [ 112.790527343000122, -7.226480006999964 ], [ 112.790817261000143, -7.22664022399988 ], [ 112.790984866000031, -7.226740213999904 ], [ 112.791267000000175, -7.22691 ], [ 112.791367, -7.227019999999868 ], [ 112.791603, -7.22754 ], [ 112.792267000000265, -7.2292 ], [ 112.792511000000218, -7.2297 ], [ 112.792793, -7.23025 ], [ 112.792938, -7.23059 ], [ 112.792992, -7.230679999999836 ], [ 112.793663000000151, -7.230566999999894 ], [ 112.793907000000104, -7.230573 ], [ 112.79416700000013, -7.23081 ], [ 112.794235, -7.230967 ], [ 112.79454, -7.231612 ], [ 112.794617, -7.23183 ], [ 112.794754, -7.232246 ], [ 112.794868000000179, -7.232517999999857 ], [ 112.794952, -7.23272999999989 ], [ 112.795128000000204, -7.233167 ], [ 112.795921000000135, -7.23508 ], [ 112.796227, -7.235753 ], [ 112.79702, -7.235802 ], [ 112.797226, -7.235997 ], [ 112.797508000000107, -7.237011999999879 ], [ 112.79691712500005, -7.238469865999889 ], [ 112.797256471000196, -7.23939704999998 ], [ 112.797607422000056, -7.240362166999887 ], [ 112.798675537, -7.240048884999908 ], [ 112.798820496000189, -7.240330218999929 ], [ 112.798973084000068, -7.24062919499994 ], [ 112.79920959500032, -7.241085528999974 ], [ 112.799308777000192, -7.241294860999972 ], [ 112.799507141000049, -7.241755962999946 ], [ 112.799736022000047, -7.24226283899992 ], [ 112.799819946000071, -7.242488384999945 ], [ 112.799911498000029, -7.242705344999877 ], [ 112.800605773000029, -7.24261045499992 ], [ 112.801391602000081, -7.242320536999898 ], [ 112.802162171000191, -7.243803978999892 ], [ 112.802345277000086, -7.244161127999973 ], [ 112.802406312000016, -7.244294643999922 ], [ 112.801834106000115, -7.244566439999858 ], [ 112.802009583000199, -7.245202063999955 ], [ 112.802192687000229, -7.24596023499987 ], [ 112.801589966000051, -7.246117591999962 ], [ 112.801719665000178, -7.24670505499995 ], [ 112.802146912000126, -7.246891020999897 ], [ 112.8027267450002, -7.246734140999877 ], [ 112.802925109000057, -7.247355937999885 ], [ 112.802452087, -7.247498988999951 ], [ 112.802757264000093, -7.248489380999899 ], [ 112.803161620000196, -7.24878215699988 ], [ 112.803817748000142, -7.249450205999892 ], [ 112.803932189000079, -7.249695299999928 ], [ 112.803962708000086, -7.24982023299998 ], [ 112.803970338000113, -7.249939918999928 ], [ 112.804046631, -7.250939845999881 ], [ 112.804077148000147, -7.251420020999888 ], [ 112.804092406000109, -7.251500128999965 ], [ 112.804077148000147, -7.251900195999951 ], [ 112.805717468000125, -7.251912593999975 ], [ 112.805854797000052, -7.251811503999875 ], [ 112.805992125000216, -7.251756190999913 ], [ 112.806129456000122, -7.251705646999937 ], [ 112.8062744140002, -7.251677989999962 ], [ 112.806434631000229, -7.251682280999944 ], [ 112.806655884000293, -7.251756190999913 ], [ 112.806770324000013, -7.251839159999975 ], [ 112.806915283000194, -7.252002715999879 ], [ 112.807022094000217, -7.252163887999927 ], [ 112.80705261200012, -7.252410411999961 ], [ 112.807037354000045, -7.252512453999884 ], [ 112.806991577000076, -7.252679824999973 ], [ 112.806869506000226, -7.252890109999953 ], [ 112.806701661000261, -7.253079890999913 ], [ 112.806503297000063, -7.253180025999939 ], [ 112.806327821000082, -7.253270149999935 ], [ 112.806396484000174, -7.253870009999957 ], [ 112.806457520000095, -7.254519938999977 ], [ 112.806480408000198, -7.254720209999959 ], [ 112.806541443000015, -7.255340098999966 ], [ 112.806549072000166, -7.255679607999923 ], [ 112.806373596000071, -7.255710123999961 ], [ 112.805816650000111, -7.255630015999884 ], [ 112.804679871000189, -7.255489825999916 ], [ 112.804450988000099, -7.255479812999909 ], [ 112.804267884000069, -7.255440233999934 ], [ 112.804008485000054, -7.255370140999958 ], [ 112.803863525000111, -7.255320070999915 ], [ 112.803787232000104, -7.255310057999964 ], [ 112.803573609000068, -7.255270003999954 ], [ 112.80288696200023, -7.255149840999877 ], [ 112.801879883000083, -7.254759786999955 ], [ 112.801193238000224, -7.25455999299993 ], [ 112.800018310000041, -7.254220008999937 ], [ 112.79940032900015, -7.25407981799998 ], [ 112.798599244000229, -7.253849981999963 ], [ 112.797767640000075, -7.253550052999913 ], [ 112.797607422000056, -7.253509998999903 ], [ 112.797142028000053, -7.25346994399996 ], [ 112.797111512000015, -7.253359793999891 ], [ 112.797019958000078, -7.253327844999944 ], [ 112.795898437000119, -7.252940176999914 ], [ 112.795570374000022, -7.252820013999951 ], [ 112.795433045000095, -7.252820013999951 ], [ 112.795349121000072, -7.252759932999936 ], [ 112.794601441000054, -7.252668856999946 ], [ 112.794517517000031, -7.252649782999981 ], [ 112.794113159000176, -7.252540110999973 ], [ 112.793838501000209, -7.252449988999956 ], [ 112.793411256000127, -7.252339838999887 ], [ 112.793006897000168, -7.252230165999947 ], [ 112.792572021000069, -7.252099989999863 ], [ 112.7925796520002, -7.252009867999959 ], [ 112.792617802000336, -7.251440007999975 ], [ 112.792437608000228, -7.251409007999882 ], [ 112.791709901000104, -7.251283644999887 ], [ 112.791442969000059, -7.251220726999918 ] ] ], [ [ [ 112.778656000000296, -7.219363 ], [ 112.778495885000098, -7.219299059999969 ], [ 112.778445061000184, -7.219278697999925 ], [ 112.778358460000049, -7.219244002999972 ], [ 112.778188384000032, -7.219177782999907 ], [ 112.777879002000191, -7.219057321999969 ], [ 112.777229310000052, -7.218804359999922 ], [ 112.777178799000012, -7.21884066399997 ], [ 112.777137942000081, -7.218870028999959 ], [ 112.777237001000231, -7.21836 ], [ 112.777240818000109, -7.218338360999894 ], [ 112.777246001000094, -7.2183095339999 ], [ 112.777267457000107, -7.218190192999884 ], [ 112.777321535000283, -7.218004083999972 ], [ 112.777333000000112, -7.217965 ], [ 112.777389326000161, -7.217772305999972 ], [ 112.777474754000082, -7.217350508999971 ], [ 112.777489, -7.21728 ], [ 112.777733, -7.21646 ], [ 112.777878000000101, -7.21579 ], [ 112.778, -7.215510000999927 ], [ 112.77803545800009, -7.215412912999966 ], [ 112.778167999000175, -7.215049998999973 ], [ 112.778336, -7.214520999999877 ], [ 112.778397, -7.214330000999894 ], [ 112.778563679000058, -7.213739932999943 ], [ 112.778628972000206, -7.213509256999941 ], [ 112.778671210000311, -7.213360035999926 ], [ 112.780098, -7.213603 ], [ 112.779236000000196, -7.21742 ], [ 112.778656000000296, -7.219363 ] ] ] ] } },
{ "type": "Feature", "properties": { "GID_3": "IDN.11.35.5_1", "GID_0": "IDN", "COUNTRY": "Indonesia", "GID_1": "IDN.11_1", "NAME_1": "Jawa Timur", "NL_NAME_1": "NA", "GID_2": "IDN.11.35_1", "NAME_2": "Surabaya", "NL_NAME_2": "NA", "NAME_3": "Dukuh Pakis", "VARNAME_3": "NA", "NL_NAME_3": "NA", "TYPE_3": "Kecamatan", "ENGTYPE_3": "Sub-district", "CC_3": "3578120", "HASC_3": "NA", "LULC2021": 73, "LULC2022": 73, "LULC2023": 75, "LULC2024": 75, "Kecamatan": "Dukuh Pakis", "UFSI": 4583586049650000.0, "Kelas_Gena": "Sedang", "n_titik_PU": 2, "Kelas_PU_2": "Rendah", "Validasi": "Tidak Match", "Risiko_DBD": "187.042.855.734.761", "Kelas_DBD": "Sangat Rendah", "Ranking": 25 }, "geometry": { "type": "MultiPolygon", "coordinates": [ [ [ [ 112.718750000000227, -7.291709898999898 ], [ 112.718986511000026, -7.291729926999949 ], [ 112.720397949000244, -7.291850089999969 ], [ 112.720733643000131, -7.291865825999935 ], [ 112.721031189000087, -7.291880130999971 ], [ 112.721588135000161, -7.29195022499988 ], [ 112.721664429000043, -7.291960715999949 ], [ 112.721916198000031, -7.291999816999919 ], [ 112.722221375000117, -7.291999816999919 ], [ 112.722503663000225, -7.292019842999878 ], [ 112.722831726000095, -7.292039870999929 ], [ 112.722923278000053, -7.292049884999869 ], [ 112.723274231, -7.292078017999927 ], [ 112.723686218000125, -7.292109964999952 ], [ 112.723838806000117, -7.29212284099998 ], [ 112.724029542000039, -7.292140005999954 ], [ 112.724266053000065, -7.292150973999981 ], [ 112.724472045000198, -7.292160034999938 ], [ 112.724868774000015, -7.292200088999948 ], [ 112.724952698000038, -7.292210101999899 ], [ 112.72490692100007, -7.292643546999955 ], [ 112.724891662, -7.292852401999937 ], [ 112.724868774000015, -7.293079852999938 ], [ 112.724937439000314, -7.293310165999969 ], [ 112.724899293000021, -7.293519972999945 ], [ 112.724861146000308, -7.293598651999957 ], [ 112.724807739000084, -7.293710231999967 ], [ 112.724647521000179, -7.293879984999876 ], [ 112.724533081000118, -7.293960093999942 ], [ 112.724456787, -7.294010161999893 ], [ 112.724319458000082, -7.294050215999903 ], [ 112.723899841000048, -7.294079779999947 ], [ 112.723762512, -7.2941198339999 ], [ 112.723663330000022, -7.294219970999961 ], [ 112.723365783000304, -7.294607161999977 ], [ 112.723213196000074, -7.294809818999966 ], [ 112.723083495000083, -7.294879911999942 ], [ 112.722892761000253, -7.294919966999942 ], [ 112.722068787000126, -7.295060157999899 ], [ 112.721954345000086, -7.295125005999921 ], [ 112.721527100000117, -7.295372484999973 ], [ 112.721092224000017, -7.295770168999923 ], [ 112.720970154000042, -7.296020030999841 ], [ 112.720848083000192, -7.29647016399997 ], [ 112.720809936000137, -7.296830175999901 ], [ 112.720809936000137, -7.297200202999875 ], [ 112.720802308000088, -7.29751777599995 ], [ 112.720794678000289, -7.298070430999928 ], [ 112.720787048000034, -7.298439978999966 ], [ 112.720901490000074, -7.298679827999933 ], [ 112.721023559000173, -7.299009799999965 ], [ 112.721061706000228, -7.299270152999895 ], [ 112.721054078000066, -7.299363136999943 ], [ 112.721038819000114, -7.299530029999914 ], [ 112.721000672000287, -7.299668788999952 ], [ 112.720947265000063, -7.299836634999963 ], [ 112.720909118, -7.300099848999878 ], [ 112.720817566000051, -7.300735473999907 ], [ 112.720787048000034, -7.300930022999921 ], [ 112.72075653100012, -7.301167963999887 ], [ 112.720703126000217, -7.301583765999908 ], [ 112.720657349000021, -7.301889895999921 ], [ 112.720642091000059, -7.302012443999956 ], [ 112.720558167000036, -7.302613256999848 ], [ 112.720527648000029, -7.302843569999879 ], [ 112.72048187300004, -7.303170202999922 ], [ 112.720451354000147, -7.30338001299998 ], [ 112.720436096000071, -7.303489207999917 ], [ 112.720390319000103, -7.303892611999913 ], [ 112.720344544000227, -7.304306506999978 ], [ 112.720306397000172, -7.304614065999942 ], [ 112.720275879000269, -7.304903983999907 ], [ 112.720252990000063, -7.305140017999918 ], [ 112.720230102000301, -7.305290699999944 ], [ 112.720199585000046, -7.30551862599998 ], [ 112.720176697000056, -7.305669784999964 ], [ 112.720153808000077, -7.305910586999971 ], [ 112.72012329100005, -7.306154727999967 ], [ 112.720100403000174, -7.306350231999943 ], [ 112.720031737000113, -7.306419847999962 ], [ 112.719917297000052, -7.306479930999956 ], [ 112.719673158000091, -7.306590080999911 ], [ 112.719558715000062, -7.306700228999944 ], [ 112.719482422000056, -7.306879996999896 ], [ 112.719520568, -7.307079790999921 ], [ 112.719650269000226, -7.307059764999963 ], [ 112.719947816000058, -7.307030200999975 ], [ 112.720153808000077, -7.307040213999926 ], [ 112.720268249000014, -7.307079790999921 ], [ 112.720329284000172, -7.307139873999915 ], [ 112.720390319000103, -7.30719995499993 ], [ 112.720802308000088, -7.308000086999868 ], [ 112.71803283600002, -7.308048723999889 ], [ 112.717948914000203, -7.308050154999933 ], [ 112.717071533000194, -7.307921885999974 ], [ 112.716339112000014, -7.307816027999934 ], [ 112.715370179000047, -7.307674883999937 ], [ 112.71489715600012, -7.307605265999882 ], [ 112.714790344000335, -7.307590007999977 ], [ 112.714225770000212, -7.307677268999953 ], [ 112.714111327000069, -7.307695864999914 ], [ 112.713882446000184, -7.307731628999932 ], [ 112.713577270000201, -7.307404040999927 ], [ 112.71340179400022, -7.307214259999967 ], [ 112.713203430000135, -7.307000636999931 ], [ 112.712989807000099, -7.306972025999869 ], [ 112.712211608000189, -7.30686902899987 ], [ 112.71200561600017, -7.306842327999902 ], [ 112.711547852000081, -7.306833744999892 ], [ 112.709648133000087, -7.306807993999882 ], [ 112.708030700000108, -7.306772231999958 ], [ 112.707740784000066, -7.306765556999949 ], [ 112.707298278000053, -7.307274340999925 ], [ 112.706382752000309, -7.307709215999978 ], [ 112.706375122000054, -7.30803346599987 ], [ 112.705085754000152, -7.307665348999876 ], [ 112.703819275000228, -7.307331560999955 ], [ 112.704002381000123, -7.306426047999935 ], [ 112.704124452000201, -7.305818079999881 ], [ 112.704124452000201, -7.305740832999959 ], [ 112.704200745000207, -7.30498790799993 ], [ 112.704246520000311, -7.304496764999897 ], [ 112.704299927000193, -7.303847311999903 ], [ 112.707435607000093, -7.304277896999906 ], [ 112.707496642000137, -7.303747652999903 ], [ 112.707641602000194, -7.303644179999878 ], [ 112.707687379000163, -7.303469656999937 ], [ 112.707603455000026, -7.303229807999969 ], [ 112.70752716100003, -7.303040026999895 ], [ 112.707351685000276, -7.302519797999935 ], [ 112.707077025000103, -7.301819799999919 ], [ 112.70708465600012, -7.301699638999935 ], [ 112.705093384000065, -7.300114631999975 ], [ 112.704986572000053, -7.300428866999937 ], [ 112.704986572000053, -7.300611972999889 ], [ 112.704841613000099, -7.300886630999969 ], [ 112.704353333000199, -7.301527498999974 ], [ 112.704208373000256, -7.301618097999949 ], [ 112.704078675, -7.301697730999933 ], [ 112.703285217000257, -7.301854608999975 ], [ 112.702522277000071, -7.302103042999931 ], [ 112.701171876000103, -7.302028654999958 ], [ 112.700775147000058, -7.301990032999981 ], [ 112.698554993000016, -7.301776884999924 ], [ 112.697959900000114, -7.301719187999936 ], [ 112.697906493, -7.301559924999935 ], [ 112.697792053000171, -7.301690100999849 ], [ 112.697669982000093, -7.3017101289999 ], [ 112.697509767000042, -7.301690100999849 ], [ 112.697135925000225, -7.301595211999881 ], [ 112.697059631000116, -7.300689696999939 ], [ 112.697021484000061, -7.30006265499992 ], [ 112.696876525000107, -7.299969672999964 ], [ 112.696731568000246, -7.299970625999947 ], [ 112.696678163000229, -7.300047396999901 ], [ 112.696182252000085, -7.30118989999994 ], [ 112.694709778000288, -7.300601482999923 ], [ 112.691940308000085, -7.299495220999972 ], [ 112.691810607000093, -7.299754619999931 ], [ 112.691719055000021, -7.29972982399994 ], [ 112.691246033000311, -7.299576281999919 ], [ 112.691070557000216, -7.299630641999954 ], [ 112.690513611000142, -7.299596785999938 ], [ 112.690376282000216, -7.299588679999943 ], [ 112.689971924000019, -7.299562930999969 ], [ 112.689598084000295, -7.299503803999869 ], [ 112.689125061000027, -7.299418924999941 ], [ 112.688728333000199, -7.299385070999904 ], [ 112.688125610000156, -7.299401758999977 ], [ 112.687713623000036, -7.299571513999979 ], [ 112.687194824000017, -7.299944399999902 ], [ 112.686660766000273, -7.300264358999925 ], [ 112.686660766000273, -7.300469398999894 ], [ 112.686729432000106, -7.301112173999968 ], [ 112.68651580900007, -7.301256178999893 ], [ 112.685417175000111, -7.301538943999958 ], [ 112.6846923840003, -7.301649569999938 ], [ 112.683761597000284, -7.301649569999938 ], [ 112.683044434000067, -7.301561354999933 ], [ 112.682914733000075, -7.301464080999949 ], [ 112.682891847000064, -7.301366805999919 ], [ 112.682914733000075, -7.301288127999896 ], [ 112.683212280000021, -7.300753592999968 ], [ 112.683296203000168, -7.300593374999949 ], [ 112.683998109000186, -7.299394130999929 ], [ 112.684143066000161, -7.299135208999928 ], [ 112.684127807000209, -7.298948764999977 ], [ 112.684036255000137, -7.298871038999835 ], [ 112.682510376000096, -7.297985552999933 ], [ 112.680130005000024, -7.29668044899995 ], [ 112.679908752000074, -7.296586511999976 ], [ 112.677085877000081, -7.295689104999894 ], [ 112.676864624000132, -7.295572279999931 ], [ 112.676757812, -7.294592380999916 ], [ 112.676620483000079, -7.294515609999962 ], [ 112.676544189000197, -7.294404982999879 ], [ 112.676452637000011, -7.294325350999941 ], [ 112.676101684000059, -7.294281481999974 ], [ 112.675735474000135, -7.294249534999892 ], [ 112.67569732700008, -7.294084549999923 ], [ 112.675704955000015, -7.293737410999881 ], [ 112.675743102000069, -7.293444156999954 ], [ 112.676025390000177, -7.29234504599998 ], [ 112.676109314000314, -7.292042253999966 ], [ 112.676231385000051, -7.291628359999891 ], [ 112.676460266000049, -7.290879726999947 ], [ 112.676582336000024, -7.290655136999931 ], [ 112.677223206000122, -7.289287089999902 ], [ 112.677467345000196, -7.288753984999914 ], [ 112.677551269000219, -7.288734911999939 ], [ 112.677986145000091, -7.288519858999905 ], [ 112.678169251000099, -7.288383482999905 ], [ 112.678482055000131, -7.28787755899998 ], [ 112.6785278320001, -7.287772653999923 ], [ 112.678573609000068, -7.287630557999876 ], [ 112.678565979000155, -7.287455081999951 ], [ 112.678474427000197, -7.287298678999946 ], [ 112.678375245000097, -7.28705453799995 ], [ 112.678260803000057, -7.286834239999905 ], [ 112.678169251000099, -7.286771296999916 ], [ 112.677871704000154, -7.286673544999928 ], [ 112.677780152000196, -7.286517142999969 ], [ 112.677780152000196, -7.286340236999877 ], [ 112.677963256000112, -7.285880087999942 ], [ 112.678031922000059, -7.285649776999946 ], [ 112.6780395520002, -7.285550116999957 ], [ 112.678138734000186, -7.285252570999944 ], [ 112.678237916000057, -7.28493022899994 ], [ 112.67836761500007, -7.284349918999965 ], [ 112.678421020000087, -7.28422403299993 ], [ 112.678558349000014, -7.28384017999997 ], [ 112.678588868000134, -7.283733366999911 ], [ 112.678680420000092, -7.283361911999918 ], [ 112.678169251000099, -7.283034801999975 ], [ 112.678428650000228, -7.28141403099994 ], [ 112.679084778000174, -7.281105993999972 ], [ 112.679122925000229, -7.280965327999979 ], [ 112.679191589000197, -7.280739783999934 ], [ 112.679222107000214, -7.280640124999877 ], [ 112.679298401000096, -7.280389785999944 ], [ 112.679367066000054, -7.280280112999947 ], [ 112.679649353000059, -7.280116557999975 ], [ 112.679786682000099, -7.280489444999944 ], [ 112.679969787000118, -7.280338762999975 ], [ 112.68009948800011, -7.280233382999882 ], [ 112.680320739000194, -7.280050754999877 ], [ 112.680496215000289, -7.279910087999951 ], [ 112.681129457000111, -7.279399871999942 ], [ 112.681655884000065, -7.27895689099995 ], [ 112.682373047000169, -7.278367995999929 ], [ 112.683219910000162, -7.277677535999885 ], [ 112.684120179000161, -7.276870727999949 ], [ 112.684188843000129, -7.27677011399993 ], [ 112.684242248000032, -7.276589869999952 ], [ 112.684272766000049, -7.27638006299992 ], [ 112.68430328300019, -7.276044844999888 ], [ 112.684341430000018, -7.275370120999924 ], [ 112.684356690000072, -7.275050162999946 ], [ 112.684471131, -7.275027751999914 ], [ 112.685195922000048, -7.275108812999974 ], [ 112.685127259000183, -7.275989531999926 ], [ 112.685287476000326, -7.276111124999943 ], [ 112.685600281, -7.276505470999894 ], [ 112.685867309000059, -7.276851654999973 ], [ 112.685577393000244, -7.277132987999948 ], [ 112.687088013000221, -7.279055595999978 ], [ 112.687843324000028, -7.278496264999944 ], [ 112.688446045000092, -7.278007983999942 ], [ 112.688941955000132, -7.278611181999963 ], [ 112.689628600000333, -7.278049468999939 ], [ 112.68988800000011, -7.277835845999959 ], [ 112.690574647000062, -7.278597353999885 ], [ 112.690818786000023, -7.278420447999963 ], [ 112.690971375000117, -7.278009413999882 ], [ 112.691131593000136, -7.278059958999904 ], [ 112.691429139000206, -7.278130054999963 ], [ 112.692031860000043, -7.278170108999973 ], [ 112.692352295000205, -7.278200147999883 ], [ 112.692848206000122, -7.278260230999877 ], [ 112.69293975800008, -7.278270243999884 ], [ 112.693763734000186, -7.278366565999875 ], [ 112.694137574000024, -7.278409957999941 ], [ 112.694587707000096, -7.278428076999887 ], [ 112.694976806000227, -7.278470037999909 ], [ 112.695434570000089, -7.278507231999981 ], [ 112.696144103000051, -7.279398441999888 ], [ 112.697196960000042, -7.280708789999949 ], [ 112.697143555000139, -7.280789851999941 ], [ 112.697059631000116, -7.280879973999902 ], [ 112.696876525000107, -7.281060218999926 ], [ 112.696762084000284, -7.281141757999933 ], [ 112.696533203000058, -7.281310080999958 ], [ 112.696266174000129, -7.281524180999952 ], [ 112.69648742600009, -7.281781195999883 ], [ 112.696838378000052, -7.28219938299992 ], [ 112.694427490000066, -7.284293650999928 ], [ 112.694877624000014, -7.284396647999927 ], [ 112.694892884000183, -7.284523486999944 ], [ 112.695007324000017, -7.284545897999919 ], [ 112.694923401000096, -7.284907339999904 ], [ 112.69622039900014, -7.285245895999935 ], [ 112.696571350000113, -7.285412787999974 ], [ 112.696723938000105, -7.285538671999916 ], [ 112.696479798000041, -7.286482333999913 ], [ 112.695991516000163, -7.286401747999889 ], [ 112.694923401000096, -7.286385535999898 ], [ 112.694877624000014, -7.286604881999949 ], [ 112.694763183000191, -7.287152766999952 ], [ 112.69457244900002, -7.288087843999961 ], [ 112.694519044000117, -7.288317201999973 ], [ 112.694061280000142, -7.289659976999928 ], [ 112.695457458000192, -7.290157317999956 ], [ 112.695793151000316, -7.290345191999961 ], [ 112.69718170100009, -7.291120528999897 ], [ 112.697433471000181, -7.29125976499995 ], [ 112.697669982000093, -7.291399955999907 ], [ 112.697860718000015, -7.291450023999971 ], [ 112.697853088000102, -7.29152488699998 ], [ 112.698196411000026, -7.291632174999961 ], [ 112.700004578000176, -7.292193888999975 ], [ 112.702903747000164, -7.2929358479999 ], [ 112.703437805000135, -7.293072222999911 ], [ 112.703498840000066, -7.292974947999937 ], [ 112.703567506000127, -7.292849539999963 ], [ 112.703994751000209, -7.292112826999926 ], [ 112.704154968000012, -7.292078017999927 ], [ 112.704444885000157, -7.291812895999897 ], [ 112.704490661000023, -7.291723726999976 ], [ 112.704689026000324, -7.291369914999848 ], [ 112.70526886000016, -7.290255069999887 ], [ 112.705345154000042, -7.290101050999908 ], [ 112.705619812000123, -7.289488791999872 ], [ 112.706871033000084, -7.289679050999894 ], [ 112.706832886000257, -7.288341520999893 ], [ 112.707138061000023, -7.28836965499994 ], [ 112.707160949000126, -7.288283347999879 ], [ 112.707534789000192, -7.286532878999935 ], [ 112.707817077000072, -7.285337924999908 ], [ 112.708084107000104, -7.284128187999897 ], [ 112.708145142000149, -7.283817290999934 ], [ 112.70710754400011, -7.283586502999924 ], [ 112.706916810000052, -7.283544540999856 ], [ 112.705009461000145, -7.283120630999974 ], [ 112.704620362000014, -7.283109664999927 ], [ 112.704353333000199, -7.282818316999965 ], [ 112.703163147000282, -7.28384828499992 ], [ 112.702720641000269, -7.284204481999836 ], [ 112.702293455000131, -7.284552525999857 ], [ 112.702217102000077, -7.284519193999927 ], [ 112.701850890000173, -7.284369468999898 ], [ 112.701614379000034, -7.28416204499996 ], [ 112.701354980000019, -7.284345148999932 ], [ 112.701156615000173, -7.284112929999878 ], [ 112.700828552000303, -7.283722876999946 ], [ 112.700561523000147, -7.28397130899998 ], [ 112.70028686500018, -7.283593177999876 ], [ 112.700576783000201, -7.283346651999977 ], [ 112.700363158000187, -7.283090114999936 ], [ 112.699539184000059, -7.282107828999926 ], [ 112.701126099000135, -7.280827998999882 ], [ 112.701316833000078, -7.280678748999946 ], [ 112.702507019000222, -7.279690264999886 ], [ 112.703269959000068, -7.27906131799989 ], [ 112.703002929000036, -7.278743743999939 ], [ 112.703147888000217, -7.278600216999962 ], [ 112.703300476000209, -7.278480052999953 ], [ 112.7034301770002, -7.278369902999884 ], [ 112.703567506000127, -7.278250217999926 ], [ 112.703704834000064, -7.278133869999976 ], [ 112.703956604000155, -7.277949808999949 ], [ 112.704063416000054, -7.277870177999944 ], [ 112.704635621000079, -7.277448652999965 ], [ 112.704887390000067, -7.277216911999972 ], [ 112.706253052000079, -7.278873443999885 ], [ 112.707115174000023, -7.279157160999944 ], [ 112.707191468000133, -7.278915403999974 ], [ 112.707977295000205, -7.279139518999955 ], [ 112.708023072000174, -7.279032706999942 ], [ 112.708114624000132, -7.278434753999932 ], [ 112.708221436000031, -7.27717113499989 ], [ 112.708221436000031, -7.276576994999971 ], [ 112.7081527710003, -7.276096343999882 ], [ 112.708023072000174, -7.275960445999942 ], [ 112.70793914800015, -7.275895117999937 ], [ 112.708496094000225, -7.275725364999914 ], [ 112.708602904000031, -7.275715350999974 ], [ 112.70874023500005, -7.275690077999855 ], [ 112.708869934000063, -7.275670051999953 ], [ 112.709350587000131, -7.275619983999889 ], [ 112.710060120000094, -7.275650023999901 ], [ 112.709877014000085, -7.276350020999928 ], [ 112.709739685000159, -7.27698993599995 ], [ 112.709701538000104, -7.277252195999949 ], [ 112.709625244000222, -7.277593611999976 ], [ 112.710823058000187, -7.277929782999877 ], [ 112.711776733000306, -7.278199195999889 ], [ 112.711662292000028, -7.278338908999899 ], [ 112.711914062, -7.278412342999957 ], [ 112.712142945000096, -7.278476715999943 ], [ 112.712028504000045, -7.278629779999903 ], [ 112.712501527000086, -7.278830049999954 ], [ 112.71283722000021, -7.27875995699992 ], [ 112.713157653000167, -7.278708456999937 ], [ 112.71340179400022, -7.278669834999903 ], [ 112.713623047000169, -7.278636455999902 ], [ 112.713729859000068, -7.278619764999974 ], [ 112.713943482000104, -7.278669834999903 ], [ 112.71473693900009, -7.278779982999879 ], [ 112.715538024000011, -7.279009818999896 ], [ 112.716529846000071, -7.279300211999953 ], [ 112.717376708000074, -7.279539107999824 ], [ 112.717048645000091, -7.280169962999878 ], [ 112.716941833000078, -7.280472278999923 ], [ 112.716735840000069, -7.281084060999945 ], [ 112.716590881000229, -7.281502722999846 ], [ 112.716552734000174, -7.28161001299992 ], [ 112.716445922000048, -7.281983852999929 ], [ 112.71638488900021, -7.282189369999969 ], [ 112.716278076000208, -7.282539843999928 ], [ 112.716247558000077, -7.282641885999965 ], [ 112.716102600000227, -7.283140181999954 ], [ 112.715950013000111, -7.283639907999941 ], [ 112.715827943000136, -7.284063337999953 ], [ 112.715728760000047, -7.284389972999975 ], [ 112.715690614000096, -7.284490107999943 ], [ 112.715560913000104, -7.284850119999874 ], [ 112.715393067000036, -7.285217284999874 ], [ 112.71525573800011, -7.285523890999912 ], [ 112.715156556000125, -7.285729885999899 ], [ 112.715110779000156, -7.285835265999935 ], [ 112.71494293100011, -7.286204337999948 ], [ 112.714820863000114, -7.286459922999938 ], [ 112.71478271400008, -7.28655004399991 ], [ 112.714744567000025, -7.286637305999932 ], [ 112.714591980000137, -7.287000177999971 ], [ 112.714393616000052, -7.28744983699994 ], [ 112.714347839000084, -7.287539957999968 ], [ 112.714103699000134, -7.288072585999942 ], [ 112.714050292000024, -7.288179872999933 ], [ 112.713829041000167, -7.288650034999932 ], [ 112.71374511800002, -7.288894176999975 ], [ 112.713623047000169, -7.289269923999882 ], [ 112.71354675300006, -7.289710044999822 ], [ 112.713531495000211, -7.289840220999906 ], [ 112.713439941000047, -7.290331838999919 ], [ 112.7148132330002, -7.290800093999962 ], [ 112.714881896000065, -7.290830134999965 ], [ 112.715103149000015, -7.290903567999976 ], [ 112.715476989000081, -7.291049957999917 ], [ 112.715835571000071, -7.291162490999909 ], [ 112.716346740000176, -7.291279792999944 ], [ 112.716903686000023, -7.291409968999972 ], [ 112.717155457000217, -7.291468142999975 ], [ 112.717498779000039, -7.291545867999901 ], [ 112.717864991000056, -7.291605948999916 ], [ 112.718132018000119, -7.291649817999826 ], [ 112.718528747000164, -7.291689872999939 ], [ 112.718627929000036, -7.291699885999947 ], [ 112.718750000000227, -7.291709898999898 ] ] ] ] } },
{ "type": "Feature", "properties": { "GID_3": "IDN.11.35.6_1", "GID_0": "IDN", "COUNTRY": "Indonesia", "GID_1": "IDN.11_1", "NAME_1": "Jawa Timur", "NL_NAME_1": "NA", "GID_2": "IDN.11.35_1", "NAME_2": "Surabaya", "NL_NAME_2": "NA", "NAME_3": "Gayungan", "VARNAME_3": "NA", "NL_NAME_3": "NA", "TYPE_3": "Kecamatan", "ENGTYPE_3": "Sub-district", "CC_3": "3578030", "HASC_3": "NA", "LULC2021": 96, "LULC2022": 96, "LULC2023": 96, "LULC2024": 96, "Kecamatan": "Gayungan", "UFSI": 6517148866700000.0, "Kelas_Gena": "Tinggi", "n_titik_PU": 3, "Kelas_PU_2": "Sedang", "Validasi": "Tidak Match", "Risiko_DBD": "36.562.820.845.156.400", "Kelas_DBD": "Rendah", "Ranking": 15 }, "geometry": { "type": "MultiPolygon", "coordinates": [ [ [ [ 112.715690614000096, -7.341383933999907 ], [ 112.715698242000144, -7.341307162999954 ], [ 112.715721130000134, -7.341130256999975 ], [ 112.715782166000167, -7.341091154999958 ], [ 112.715843201000325, -7.341045855999937 ], [ 112.715888978000294, -7.340729712999973 ], [ 112.715934753000056, -7.340460299999961 ], [ 112.716041565000069, -7.340200422999942 ], [ 112.716041565000069, -7.340088842999933 ], [ 112.716102600000227, -7.339932917999931 ], [ 112.716247558000077, -7.339980124999954 ], [ 112.716560364000088, -7.340089797999951 ], [ 112.716949463000219, -7.340209960999857 ], [ 112.717056275, -7.340240954999956 ], [ 112.717430115000184, -7.340351104999968 ], [ 112.717468262000011, -7.34028005499988 ], [ 112.717559814000197, -7.339849948999927 ], [ 112.717658996000068, -7.339419841999927 ], [ 112.717689515000188, -7.339240072999871 ], [ 112.717727662000016, -7.339069842999947 ], [ 112.717826844000228, -7.338590144999955 ], [ 112.717742920000205, -7.338560103999953 ], [ 112.71733856100002, -7.338479994999886 ], [ 112.717002868000122, -7.338399886999923 ], [ 112.716552734000174, -7.338300226999934 ], [ 112.716362000000345, -7.338259696999955 ], [ 112.716400147000058, -7.338066577999882 ], [ 112.716476441000168, -7.33747720599996 ], [ 112.7166214, -7.336446284999909 ], [ 112.716651916000046, -7.336278914999923 ], [ 112.716758729000048, -7.335459708999906 ], [ 112.716781617000038, -7.335294245999933 ], [ 112.716896058000088, -7.335311411999896 ], [ 112.717033387000015, -7.33533000999995 ], [ 112.717399597000167, -7.335400103999973 ], [ 112.718109132000109, -7.335539816999869 ], [ 112.718627929000036, -7.335649966999938 ], [ 112.718833924000023, -7.335682391999967 ], [ 112.719200133000072, -7.333264350999912 ], [ 112.719482422000056, -7.331037043999913 ], [ 112.719505310000045, -7.330339430999913 ], [ 112.719741821000184, -7.328781605999893 ], [ 112.719627381000123, -7.32877015999992 ], [ 112.719047546000184, -7.328680037999959 ], [ 112.718559266000057, -7.328619955999955 ], [ 112.718482972000174, -7.328609942999833 ], [ 112.718009950000123, -7.328549861999932 ], [ 112.718238831000122, -7.328269958999954 ], [ 112.718940736000036, -7.327400205999936 ], [ 112.719207764000089, -7.327050208999935 ], [ 112.719810487000132, -7.326250076999884 ], [ 112.720001221000075, -7.326000212999929 ], [ 112.720085145000098, -7.325900553999929 ], [ 112.720237732000214, -7.325722216999907 ], [ 112.720870972000057, -7.324989795999954 ], [ 112.721557616000041, -7.324069976999965 ], [ 112.721626282000216, -7.323979853999958 ], [ 112.721717834000287, -7.323877810999875 ], [ 112.721878051000317, -7.32368993699987 ], [ 112.722251891000155, -7.323259829999927 ], [ 112.722358704000044, -7.323131083999897 ], [ 112.72251129100016, -7.322949884999957 ], [ 112.723236085000053, -7.321988104999946 ], [ 112.723587036000026, -7.321519850999948 ], [ 112.723739624000245, -7.321330068999941 ], [ 112.723960876000092, -7.321058273999938 ], [ 112.724060058000077, -7.320935247999955 ], [ 112.724716187000126, -7.320119856999895 ], [ 112.725128174000019, -7.319620131999955 ], [ 112.725219728000184, -7.319502830999909 ], [ 112.725364685000159, -7.319317816999956 ], [ 112.726020813000105, -7.318459986999869 ], [ 112.726181030000134, -7.318240164999963 ], [ 112.726417541000046, -7.317949770999917 ], [ 112.72647857700008, -7.317870139999911 ], [ 112.726295471000071, -7.317813396999952 ], [ 112.726158142000031, -7.317770004999886 ], [ 112.725883484000178, -7.317669867999939 ], [ 112.725570679000157, -7.317570209999872 ], [ 112.725288391000049, -7.317470072999868 ], [ 112.724273681000113, -7.317090034999865 ], [ 112.723991395000212, -7.316985607999925 ], [ 112.722579956000232, -7.316450117999921 ], [ 112.722488403000057, -7.316413878999981 ], [ 112.722229005000031, -7.316340445999913 ], [ 112.722244263000107, -7.316264151999917 ], [ 112.72235107400013, -7.315655707999952 ], [ 112.722404481000012, -7.315131663999921 ], [ 112.722846984000284, -7.31249523199989 ], [ 112.723083495000083, -7.31020307499989 ], [ 112.723266601000091, -7.307683944999894 ], [ 112.723930360000054, -7.30767011599994 ], [ 112.72450256400009, -7.307759760999943 ], [ 112.724662781, -7.307819842999947 ], [ 112.725601196000071, -7.30815982699994 ], [ 112.725769043000014, -7.308219909999934 ], [ 112.72595977800006, -7.308279989999846 ], [ 112.726043701000208, -7.308300017999898 ], [ 112.726310729000261, -7.308465956999953 ], [ 112.726539612000124, -7.308588026999928 ], [ 112.727020264000089, -7.308839798999884 ], [ 112.727355958000317, -7.309012888999973 ], [ 112.727699279000035, -7.309199810999928 ], [ 112.727958679000039, -7.309360027999958 ], [ 112.728332519000219, -7.309539793999875 ], [ 112.728416443000015, -7.30956983599998 ], [ 112.728729247000047, -7.309666156999981 ], [ 112.72884369000019, -7.309700011999894 ], [ 112.729087829000036, -7.309770106999963 ], [ 112.729156495000211, -7.309800148999955 ], [ 112.729736327000182, -7.30999994299998 ], [ 112.729873658000088, -7.310009955999874 ], [ 112.729949952000197, -7.309974193999949 ], [ 112.730018615000063, -7.30994510599993 ], [ 112.730232238000099, -7.309850215999916 ], [ 112.730308534000187, -7.309810161999962 ], [ 112.730529784000055, -7.309720039999888 ], [ 112.730751037000118, -7.309679985999935 ], [ 112.731399537000129, -7.309740065999961 ], [ 112.731750489000092, -7.309770106999963 ], [ 112.732078552000075, -7.309830187999921 ], [ 112.732421875000341, -7.30991983399997 ], [ 112.732536316000164, -7.309982776999959 ], [ 112.732688903000053, -7.310070036999889 ], [ 112.732780457000217, -7.310110090999899 ], [ 112.732933044000106, -7.310140131999901 ], [ 112.73365783600002, -7.310262679999937 ], [ 112.734062195000206, -7.310329913999965 ], [ 112.734161377000078, -7.310346601999925 ], [ 112.734466553000061, -7.31040000899992 ], [ 112.735023499000135, -7.31052017199994 ], [ 112.73525238000002, -7.310550211999896 ], [ 112.735336304000043, -7.310579775999884 ], [ 112.735221864000096, -7.311167239999975 ], [ 112.735191345000203, -7.311318874999927 ], [ 112.735046386000022, -7.312009811999872 ], [ 112.73492431700015, -7.312569140999926 ], [ 112.734817505000137, -7.313029764999897 ], [ 112.734802247000175, -7.313118456999973 ], [ 112.734779358000083, -7.313198565999926 ], [ 112.734710693000011, -7.313529967999898 ], [ 112.734664918000021, -7.313751220999904 ], [ 112.734443665000299, -7.314770221999936 ], [ 112.734382630000141, -7.315070627999944 ], [ 112.734245301000101, -7.315803049999943 ], [ 112.734222412, -7.31592988899996 ], [ 112.734161377000078, -7.316329954999958 ], [ 112.734100342000033, -7.316539764999959 ], [ 112.733879089000084, -7.317480085999875 ], [ 112.73371124300013, -7.31825017999995 ], [ 112.733558654000035, -7.31899022999994 ], [ 112.733543395000083, -7.319087981999871 ], [ 112.733520507000094, -7.319200038999895 ], [ 112.733512879000045, -7.319349765999959 ], [ 112.733398438000108, -7.319859979999876 ], [ 112.733146667000142, -7.320849893999934 ], [ 112.733093262000011, -7.321147440999937 ], [ 112.733001710000053, -7.321640013999911 ], [ 112.732971191000161, -7.321800230999941 ], [ 112.732902528000068, -7.322090149999951 ], [ 112.732810974000131, -7.322480200999962 ], [ 112.732582093000133, -7.32379007399993 ], [ 112.732528686000023, -7.323997973999951 ], [ 112.732322693000128, -7.32479000099994 ], [ 112.732246399000019, -7.325150012999927 ], [ 112.73206329300001, -7.326140403999943 ], [ 112.73197937000009, -7.326560018999942 ], [ 112.731796264000195, -7.327229975999956 ], [ 112.731750489000092, -7.327350615999819 ], [ 112.731712342000037, -7.32755994799993 ], [ 112.731597899, -7.328139780999834 ], [ 112.731468201000098, -7.328750133999961 ], [ 112.731407165000064, -7.329071521999936 ], [ 112.731376649000026, -7.329198837999968 ], [ 112.73129272500023, -7.329629897999951 ], [ 112.731262206000224, -7.329771518999905 ], [ 112.731224059000056, -7.32994079499997 ], [ 112.731132507000098, -7.330329895999967 ], [ 112.73098754800003, -7.331050871999935 ], [ 112.730888366000045, -7.331448077999937 ], [ 112.730278015000067, -7.333848475999901 ], [ 112.729965210000046, -7.335104941999873 ], [ 112.729675294000231, -7.33624649099994 ], [ 112.729415894000226, -7.337266445999944 ], [ 112.729331970000089, -7.338089941999954 ], [ 112.729316712000013, -7.338230132999911 ], [ 112.729316712000013, -7.33950376599995 ], [ 112.73022461000005, -7.339596269999959 ], [ 112.730461121000076, -7.339596269999959 ], [ 112.730682374000025, -7.339608667999926 ], [ 112.730804444000228, -7.339614867999899 ], [ 112.731452942000033, -7.339614867999899 ], [ 112.731880188000218, -7.339643001999946 ], [ 112.731994628000052, -7.339647769999942 ], [ 112.732315063000215, -7.339661597999964 ], [ 112.732788085000266, -7.339716910999925 ], [ 112.733245849000127, -7.339787958999921 ], [ 112.733383178000054, -7.339809894999973 ], [ 112.733757018000233, -7.339921474999869 ], [ 112.734214782000095, -7.339995860999977 ], [ 112.734527589000095, -7.340070246999915 ], [ 112.734954834000064, -7.340172289999941 ], [ 112.735214234000068, -7.340228079999918 ], [ 112.735626220000199, -7.340256213999965 ], [ 112.735771180000143, -7.340302467999948 ], [ 112.735832215000073, -7.340414045999978 ], [ 112.735984802000189, -7.340451239999936 ], [ 112.736328126000217, -7.34049749299993 ], [ 112.736602784000183, -7.34051609099987 ], [ 112.736648559000173, -7.340460299999961 ], [ 112.736785890000078, -7.340441703999943 ], [ 112.737030029000039, -7.340441703999943 ], [ 112.737083436000148, -7.34051609099987 ], [ 112.737228393, -7.340534686999888 ], [ 112.737464904000035, -7.340534686999888 ], [ 112.737777709000284, -7.340534686999888 ], [ 112.737663269000109, -7.341489790999958 ], [ 112.737556458000199, -7.342259884999976 ], [ 112.737533570000096, -7.342879771999947 ], [ 112.737457276000328, -7.343279837999944 ], [ 112.73731994700006, -7.343729973999871 ], [ 112.737266540000178, -7.34401988999997 ], [ 112.737190246000068, -7.344470023999975 ], [ 112.73718261800002, -7.344600199999945 ], [ 112.737220765000075, -7.344669817999829 ], [ 112.737297059000184, -7.34467983299993 ], [ 112.737640380000016, -7.344707964999941 ], [ 112.737754822000056, -7.34494733799994 ], [ 112.737564086000134, -7.344932554999957 ], [ 112.73718261800002, -7.344800471999974 ], [ 112.736968994000108, -7.34478282799995 ], [ 112.736770629000148, -7.344796655999914 ], [ 112.736656189000087, -7.344856738999908 ], [ 112.736526490000074, -7.344977854999911 ], [ 112.736442566000051, -7.345166682999889 ], [ 112.736404419000223, -7.34534692699998 ], [ 112.736381531000234, -7.345486163999965 ], [ 112.736373901000093, -7.345571517999929 ], [ 112.736343384000179, -7.346048831999951 ], [ 112.736335754000265, -7.346129893999944 ], [ 112.736373901000093, -7.346197604999929 ], [ 112.736266919000172, -7.346242551999921 ], [ 112.736236572000053, -7.346255301999918 ], [ 112.736168845000066, -7.34625711699988 ], [ 112.736076001000015, -7.346259998999926 ], [ 112.735911844000043, -7.346265564999953 ], [ 112.735839843, -7.346268177999889 ], [ 112.735644826000112, -7.346275164999952 ], [ 112.735268, -7.346288998999967 ], [ 112.73471800100026, -7.346376 ], [ 112.733871001000011, -7.346512000999951 ], [ 112.733429000000115, -7.346590998999886 ], [ 112.733391001000086, -7.346821 ], [ 112.733354867000116, -7.347015804999955 ], [ 112.733299256, -7.347316741999975 ], [ 112.73319244400011, -7.347996710999951 ], [ 112.73315416000014, -7.348126908999973 ], [ 112.73313897200012, -7.348129324999888 ], [ 112.733070373000032, -7.348140239999907 ], [ 112.732925414000192, -7.34814119299989 ], [ 112.731262206000224, -7.348153113999899 ], [ 112.730642529000079, -7.348182427999916 ], [ 112.729598998000142, -7.348231791999922 ], [ 112.729431153000178, -7.34823369999998 ], [ 112.729378368000198, -7.348234 ], [ 112.729347229000155, -7.348234176999938 ], [ 112.729072571000188, -7.348272323999936 ], [ 112.728935242000034, -7.348291396999969 ], [ 112.72879028300008, -7.348312377999946 ], [ 112.728294372000164, -7.348362445999896 ], [ 112.727901983000152, -7.348406008999973 ], [ 112.727714999000113, -7.348427 ], [ 112.72761891100015, -7.3484377179999 ], [ 112.727455140000188, -7.348456382999871 ], [ 112.727340018000064, -7.348423804999925 ], [ 112.727180460000227, -7.348379127999976 ], [ 112.725814818000345, -7.348281383999961 ], [ 112.725601196000071, -7.348209857999962 ], [ 112.725509644000113, -7.34814500799996 ], [ 112.725364685000159, -7.348037242999908 ], [ 112.725303649000239, -7.347990512999957 ], [ 112.725257874000135, -7.347894668999913 ], [ 112.724876404000156, -7.347588061999943 ], [ 112.724792480000133, -7.347532748999981 ], [ 112.724655151000093, -7.347439764999933 ], [ 112.724487304000149, -7.347191810999959 ], [ 112.724472045000198, -7.346990108999876 ], [ 112.72441101000004, -7.346927165999887 ], [ 112.724235534000059, -7.346910952999963 ], [ 112.724212646000296, -7.346508025999867 ], [ 112.724205018000021, -7.345895289999874 ], [ 112.723953246000178, -7.345734594999897 ], [ 112.72350311200023, -7.345560549999959 ], [ 112.723434449000138, -7.345534323999971 ], [ 112.723167419000106, -7.345456599999977 ], [ 112.723091126000099, -7.345433235999906 ], [ 112.722625731000221, -7.345295904999944 ], [ 112.721748353000066, -7.345033167999873 ], [ 112.721214295000095, -7.344885825999938 ], [ 112.720008851000216, -7.344554899999935 ], [ 112.719726563000108, -7.344500064999977 ], [ 112.719703674000129, -7.344425678999869 ], [ 112.719749451000098, -7.34418248999998 ], [ 112.719818115000066, -7.343819617999827 ], [ 112.71996307400002, -7.343299865999882 ], [ 112.720024109000065, -7.343075274999876 ], [ 112.71984100300017, -7.34296369499998 ], [ 112.719497680000131, -7.342864990999885 ], [ 112.717910768000024, -7.342416286999878 ], [ 112.717216493000137, -7.342236040999978 ], [ 112.717079164000211, -7.342197894999913 ], [ 112.716903686000023, -7.342146396999851 ], [ 112.71607208200021, -7.341907023999852 ], [ 112.715682983000079, -7.341811178999933 ], [ 112.715682983000079, -7.341616629999976 ], [ 112.715690614000096, -7.341383933999907 ] ] ] ] } },
{ "type": "Feature", "properties": { "GID_3": "IDN.11.35.7_1", "GID_0": "IDN", "COUNTRY": "Indonesia", "GID_1": "IDN.11_1", "NAME_1": "Jawa Timur", "NL_NAME_1": "NA", "GID_2": "IDN.11.35_1", "NAME_2": "Surabaya", "NL_NAME_2": "NA", "NAME_3": "Genteng", "VARNAME_3": "NA", "NL_NAME_3": "NA", "TYPE_3": "Kecamatan", "ENGTYPE_3": "Sub-district", "CC_3": "3578190", "HASC_3": "NA", "LULC2021": 97, "LULC2022": 97, "LULC2023": 97, "LULC2024": 97, "Kecamatan": "Genteng", "UFSI": 6818413146180000.0, "Kelas_Gena": "Tinggi", "n_titik_PU": 5, "Kelas_PU_2": "Sedang", "Validasi": "Tidak Match", "Risiko_DBD": "5.431.458.212.222.050", "Kelas_DBD": "Sedang", "Ranking": 11 }, "geometry": { "type": "MultiPolygon", "coordinates": [ [ [ [ 112.74980163500004, -7.267799852999929 ], [ 112.749443055000029, -7.268139838999957 ], [ 112.749214172000052, -7.268354891999934 ], [ 112.749160767000149, -7.268410206999874 ], [ 112.748931884000285, -7.268630026999858 ], [ 112.748741150000114, -7.268809794999981 ], [ 112.748558044000106, -7.268980025999952 ], [ 112.748382568000125, -7.269149778999974 ], [ 112.748199462000116, -7.269320011999923 ], [ 112.7480163580002, -7.269489764999946 ], [ 112.747962951000318, -7.269541739999966 ], [ 112.747840881000343, -7.269659994999813 ], [ 112.747650146000069, -7.269830225999954 ], [ 112.74746704000006, -7.270009993999906 ], [ 112.747337342000151, -7.270125389999862 ], [ 112.747276306000117, -7.270180224999933 ], [ 112.747093200000222, -7.270359992999886 ], [ 112.746910094000327, -7.27053022399997 ], [ 112.746719360000043, -7.270699976999879 ], [ 112.746551515000078, -7.270870208999952 ], [ 112.746368409000183, -7.27102994899991 ], [ 112.746208191000051, -7.271180151999886 ], [ 112.746047974000021, -7.271319865999942 ], [ 112.745903015000067, -7.271450041999969 ], [ 112.745773316000054, -7.271570204999932 ], [ 112.745651245000204, -7.271679877999873 ], [ 112.745536805000143, -7.271780014999877 ], [ 112.745452881000119, -7.271860122999954 ], [ 112.745361329000048, -7.271940231999906 ], [ 112.745277405000024, -7.272019862999912 ], [ 112.745208740000066, -7.272079943999927 ], [ 112.745140076000098, -7.272150039999872 ], [ 112.745079041000054, -7.272220134999884 ], [ 112.74501800500002, -7.272290228999907 ], [ 112.744956970000203, -7.272359846999905 ], [ 112.744911193000235, -7.27242994299985 ], [ 112.744850158000077, -7.272510050999927 ], [ 112.74478912300026, -7.272590159999936 ], [ 112.744728089000205, -7.272679804999939 ], [ 112.744667054000047, -7.272779941999943 ], [ 112.744613647000165, -7.272880075999979 ], [ 112.744537353000055, -7.272999763999906 ], [ 112.744468690000303, -7.273119924999889 ], [ 112.74439239600008, -7.27326011699995 ], [ 112.744308472000057, -7.273419856999965 ], [ 112.74421691800012, -7.273590086999889 ], [ 112.744132996000076, -7.273789881999903 ], [ 112.744033814000204, -7.274010181999927 ], [ 112.743911744000229, -7.274260043999902 ], [ 112.743530273000033, -7.274040222999929 ], [ 112.743415833000313, -7.27397107999991 ], [ 112.742637634000175, -7.273500917999911 ], [ 112.742347718000133, -7.273330211999905 ], [ 112.742294311000251, -7.273449897999967 ], [ 112.74226379400011, -7.27353000699992 ], [ 112.742126465000069, -7.27371978799988 ], [ 112.74210357700008, -7.273816584999906 ], [ 112.742004394000332, -7.274140834999912 ], [ 112.741943359000174, -7.274354934999963 ], [ 112.741798400000334, -7.27491044899989 ], [ 112.74176788300008, -7.275049209999963 ], [ 112.741699218000122, -7.275390148999975 ], [ 112.741676331000122, -7.275499820999926 ], [ 112.741569519000109, -7.276080130999958 ], [ 112.741516114000092, -7.276309966999975 ], [ 112.741424560000155, -7.276681421999967 ], [ 112.741333008000197, -7.277090072999954 ], [ 112.741287231000229, -7.277289867999968 ], [ 112.740821839000091, -7.277190207999979 ], [ 112.740547181000125, -7.277140140999904 ], [ 112.740211488000114, -7.27708005799991 ], [ 112.739852906000124, -7.27698993599995 ], [ 112.739280701000098, -7.276868820999937 ], [ 112.73912811200023, -7.276839731999928 ], [ 112.739021302000083, -7.276820182999927 ], [ 112.738899231, -7.276780128999974 ], [ 112.738441467000143, -7.276659965999897 ], [ 112.738243103000059, -7.276609897999947 ], [ 112.738098144000105, -7.276579856999945 ], [ 112.737792969000111, -7.276507376999973 ], [ 112.737808228000063, -7.276436804999889 ], [ 112.737846374000014, -7.276197908999961 ], [ 112.737915040000189, -7.275857447999954 ], [ 112.737945557000103, -7.275684356999932 ], [ 112.737991334000071, -7.275523184999884 ], [ 112.738037109000061, -7.275356291999969 ], [ 112.738105774000019, -7.275082111999893 ], [ 112.738166809000177, -7.27489709799994 ], [ 112.73819732600009, -7.274764059999882 ], [ 112.738212586000145, -7.274690150999959 ], [ 112.7382507330002, -7.274540423999952 ], [ 112.7382507330002, -7.27440213999995 ], [ 112.738265992000152, -7.274120329999903 ], [ 112.738410951000105, -7.27393722599993 ], [ 112.738533019000101, -7.273889063999945 ], [ 112.738685609000072, -7.273886202999904 ], [ 112.738922120000211, -7.273933887999931 ], [ 112.739112854000041, -7.273986337999929 ], [ 112.739326476000087, -7.274044512999922 ], [ 112.739433289000317, -7.274101733999885 ], [ 112.739410400000111, -7.274212835999947 ], [ 112.739463805000014, -7.274318218999952 ], [ 112.739677430000029, -7.274446486999977 ], [ 112.73963165300006, -7.274268150999887 ], [ 112.739685058000077, -7.274183749999906 ], [ 112.739768982000101, -7.274237631999938 ], [ 112.739852906000124, -7.274228096999934 ], [ 112.739974976000099, -7.274121761999936 ], [ 112.740158080000015, -7.273770807999938 ], [ 112.740455627000188, -7.273873804999937 ], [ 112.740516662, -7.273715017999962 ], [ 112.74048614600008, -7.273602962999917 ], [ 112.740547181000125, -7.273445604999949 ], [ 112.740638733000083, -7.273221969999895 ], [ 112.740295409000055, -7.273026465999976 ], [ 112.74015045200008, -7.272965429999942 ], [ 112.740173341000059, -7.272895336999966 ], [ 112.740219116000048, -7.272768973999916 ], [ 112.740188599000135, -7.272703647999947 ], [ 112.740119934000063, -7.272671221999929 ], [ 112.73963165300006, -7.272370814999931 ], [ 112.739639281000109, -7.272072315999935 ], [ 112.739555359000292, -7.272075652999945 ], [ 112.739646911000023, -7.271711348999872 ], [ 112.73891449000007, -7.271429060999878 ], [ 112.739006042000028, -7.271017550999943 ], [ 112.738639832000104, -7.270936012999869 ], [ 112.738319397000168, -7.270865916999924 ], [ 112.738601685000049, -7.269774912999878 ], [ 112.73877716100003, -7.269085883999935 ], [ 112.738899231, -7.268580436999912 ], [ 112.739837646000069, -7.268744944999924 ], [ 112.74036407500023, -7.26883840499994 ], [ 112.740447999000253, -7.268852232999961 ], [ 112.74143982000021, -7.268970012999944 ], [ 112.74141693200022, -7.268643854999937 ], [ 112.741401673000155, -7.268386840999881 ], [ 112.741355896000186, -7.268170355999928 ], [ 112.741142274000026, -7.267068385999949 ], [ 112.740974426000207, -7.265866754999934 ], [ 112.740959168000018, -7.265749931999949 ], [ 112.740989684000056, -7.265289782999957 ], [ 112.741020203000176, -7.265026092999904 ], [ 112.741035461000024, -7.264885901999946 ], [ 112.741050720000089, -7.264770030999955 ], [ 112.74108886700003, -7.264279842999883 ], [ 112.74108886700003, -7.264011859999925 ], [ 112.741073608000079, -7.263939856999912 ], [ 112.740997315000072, -7.26355981699993 ], [ 112.740859986000146, -7.262939929999959 ], [ 112.740722657000106, -7.262635708999937 ], [ 112.740638733000083, -7.262442588999932 ], [ 112.740570069000228, -7.26229 ], [ 112.740493774000015, -7.262110233999977 ], [ 112.740272523000158, -7.26163005899997 ], [ 112.740112305000025, -7.261339187999965 ], [ 112.740020751000088, -7.261320113999943 ], [ 112.739738463000208, -7.261270046999925 ], [ 112.738769530000013, -7.260930060999954 ], [ 112.738609313000211, -7.260859965999884 ], [ 112.738456726000095, -7.260789869999883 ], [ 112.737998962, -7.260560035999958 ], [ 112.737457276000328, -7.260295390999829 ], [ 112.737197876000209, -7.260179995999977 ], [ 112.737045287000115, -7.260113237999917 ], [ 112.736900330000253, -7.260049342999878 ], [ 112.736213683000074, -7.259749888999977 ], [ 112.735580444000107, -7.259459971999888 ], [ 112.735260011000037, -7.259317875999955 ], [ 112.734710693000011, -7.259069918999955 ], [ 112.734611511000026, -7.259019851999881 ], [ 112.734214782000095, -7.258826732999978 ], [ 112.734085083000082, -7.258770942999888 ], [ 112.733520507000094, -7.25852680099996 ], [ 112.733451843000125, -7.258498667999959 ], [ 112.733322143, -7.258440016999941 ], [ 112.73319244400011, -7.258399962999931 ], [ 112.733261109000182, -7.258240222999973 ], [ 112.733543395000083, -7.257649897999954 ], [ 112.733764648000033, -7.257191657999954 ], [ 112.733833314000208, -7.257060049999893 ], [ 112.733970643000021, -7.256711958999972 ], [ 112.734008790000075, -7.256619928999896 ], [ 112.73413086000005, -7.256330012999911 ], [ 112.734191895000095, -7.256192683999927 ], [ 112.734298706000118, -7.255883216999962 ], [ 112.734420776000093, -7.255874633999895 ], [ 112.734786986000017, -7.255830286999867 ], [ 112.735046386000022, -7.255849837999961 ], [ 112.735801696000181, -7.255829809999909 ], [ 112.736213683000074, -7.255819796999958 ], [ 112.737022401000104, -7.255790232999914 ], [ 112.737243651000199, -7.255859850999911 ], [ 112.73750305100009, -7.255939959999978 ], [ 112.737991334000071, -7.256030081999938 ], [ 112.739448547000165, -7.256100177999883 ], [ 112.739646911000023, -7.256110190999948 ], [ 112.741020203000176, -7.256080150999935 ], [ 112.74143982000021, -7.256080150999935 ], [ 112.742111207000221, -7.256120205999935 ], [ 112.742317199000013, -7.25614023199995 ], [ 112.742401123000036, -7.256130693999921 ], [ 112.742469788000108, -7.256100177999883 ], [ 112.742561340000066, -7.256042479999905 ], [ 112.742622376000099, -7.255995749999954 ], [ 112.742698669000106, -7.255906105999941 ], [ 112.742759705000026, -7.255806445999951 ], [ 112.742210389000093, -7.255740165999953 ], [ 112.741867065000065, -7.255710123999961 ], [ 112.741523742000027, -7.255700110999953 ], [ 112.741180421000081, -7.255712986999924 ], [ 112.740997315000072, -7.255720136999969 ], [ 112.74033355600011, -7.255710123999961 ], [ 112.739860534000059, -7.255720136999969 ], [ 112.738952636000249, -7.255690097999889 ], [ 112.738632201000087, -7.255640030999928 ], [ 112.738403321000192, -7.255579947999934 ], [ 112.738121032000208, -7.255459784999914 ], [ 112.737922668000124, -7.255239961999962 ], [ 112.737831116000052, -7.25503635299998 ], [ 112.737792969000111, -7.254930019999961 ], [ 112.737739562000115, -7.254640101999883 ], [ 112.737693787000126, -7.254169939999883 ], [ 112.737663269000109, -7.253970144999869 ], [ 112.737594605000027, -7.253674983999872 ], [ 112.737564086000134, -7.253589151999961 ], [ 112.737510681000231, -7.253419876999885 ], [ 112.737380982000104, -7.253049849999911 ], [ 112.737335205000136, -7.252884863999952 ], [ 112.737258912000129, -7.252620219999926 ], [ 112.737243651000199, -7.252530097999909 ], [ 112.737251282000216, -7.252379892999841 ], [ 112.737266540000178, -7.252286433999927 ], [ 112.73731994700006, -7.252140044999976 ], [ 112.737373352000191, -7.252009867999959 ], [ 112.737419129000159, -7.251910208999959 ], [ 112.737602233000189, -7.251638412999966 ], [ 112.737808228000063, -7.251430033999952 ], [ 112.738052369000116, -7.25123977699991 ], [ 112.738258361000135, -7.251100062999967 ], [ 112.738403321000192, -7.251016138999887 ], [ 112.738502503000063, -7.250959873999932 ], [ 112.738670348000028, -7.250850200999935 ], [ 112.73879241900022, -7.250782965999974 ], [ 112.738861084000177, -7.250745773999881 ], [ 112.738983155000028, -7.250679968999975 ], [ 112.739334107000104, -7.250474453999914 ], [ 112.739509582000323, -7.250380038999936 ], [ 112.739601134000054, -7.250327586999958 ], [ 112.739830017000145, -7.250194072999818 ], [ 112.740074159000073, -7.250048636999963 ], [ 112.740188599000135, -7.249979972999938 ], [ 112.74034881700004, -7.249869822999813 ], [ 112.740463257000101, -7.249780178999856 ], [ 112.740592956000114, -7.249689101999934 ], [ 112.740669250000224, -7.249629973999959 ], [ 112.740768432000209, -7.249569891999954 ], [ 112.740829467000026, -7.249529836999898 ], [ 112.740898132000098, -7.249479769999937 ], [ 112.740997315000072, -7.249420166999926 ], [ 112.741104127000199, -7.24932432199995 ], [ 112.741188049000016, -7.249259948999963 ], [ 112.741287231000229, -7.249169824999967 ], [ 112.741401673000155, -7.249060152999959 ], [ 112.74146270700021, -7.249000071999944 ], [ 112.74154663000013, -7.248889921999933 ], [ 112.741600038000115, -7.248829841999907 ], [ 112.741653443000018, -7.248770236999974 ], [ 112.741729736000025, -7.248670101999949 ], [ 112.741798400000334, -7.24855995199988 ], [ 112.741867065000065, -7.248439788999974 ], [ 112.741928101000326, -7.248340128999871 ], [ 112.742012025, -7.248209952999957 ], [ 112.742057800000111, -7.248089789999881 ], [ 112.74210357700008, -7.247990129999891 ], [ 112.742141723000032, -7.247900007999874 ], [ 112.742187500000227, -7.247749805999888 ], [ 112.742340088000219, -7.247809886999903 ], [ 112.742576599000017, -7.247910022999918 ], [ 112.742942811000262, -7.247986316999913 ], [ 112.743293762000121, -7.248060225999893 ], [ 112.743492127000081, -7.24809646499989 ], [ 112.743568420000088, -7.248109817999932 ], [ 112.743728638000221, -7.248139856999956 ], [ 112.743927002000078, -7.248139856999956 ], [ 112.744079589000194, -7.248139856999956 ], [ 112.744491578000066, -7.24811983099994 ], [ 112.745292663000214, -7.248179911999955 ], [ 112.745483398000033, -7.248189926999885 ], [ 112.745689392000031, -7.248209952999957 ], [ 112.746040344000107, -7.248219965999965 ], [ 112.746398925000221, -7.24829006199991 ], [ 112.746597290000068, -7.248330115999977 ], [ 112.746841431000121, -7.248301028999947 ], [ 112.746917725000344, -7.248175620999973 ], [ 112.747016907000216, -7.248000144999935 ], [ 112.747154236000142, -7.247701643999903 ], [ 112.747245788000214, -7.247487068999931 ], [ 112.747352600000227, -7.247253894999972 ], [ 112.747482301000332, -7.246924876999969 ], [ 112.747512817000029, -7.246790885999872 ], [ 112.74754333400017, -7.24666118499988 ], [ 112.747558594000338, -7.246369838999954 ], [ 112.74754333400017, -7.246289729999887 ], [ 112.74749755900018, -7.246078014999966 ], [ 112.74746704000006, -7.245894908999901 ], [ 112.747421265000071, -7.245567798999843 ], [ 112.747398377000195, -7.245372771999939 ], [ 112.747383119000119, -7.245217799999921 ], [ 112.747375488000102, -7.245039938999867 ], [ 112.747367858000189, -7.24452447799996 ], [ 112.74736023000014, -7.244045734999929 ], [ 112.747344970000086, -7.243720531999941 ], [ 112.747337342000151, -7.243544578999945 ], [ 112.747833252000191, -7.243599891999907 ], [ 112.748283386000139, -7.243612764999909 ], [ 112.748527527000306, -7.243619917999979 ], [ 112.748977661000254, -7.243661403999909 ], [ 112.749069213000212, -7.243669986999919 ], [ 112.749443055000029, -7.243730067999934 ], [ 112.749923706000118, -7.243810176999887 ], [ 112.750122070000202, -7.243854522999925 ], [ 112.75047302300004, -7.243929861999959 ], [ 112.750595092000026, -7.243986606999954 ], [ 112.751197815000069, -7.244269847999931 ], [ 112.751525878000166, -7.244508266999901 ], [ 112.75173187300004, -7.244629859999975 ], [ 112.751937867000038, -7.244790076999948 ], [ 112.752082824000013, -7.24495983099996 ], [ 112.752166748000036, -7.244987963999904 ], [ 112.752189637000129, -7.245090006999931 ], [ 112.752349854000158, -7.245309828999893 ], [ 112.752639770000087, -7.245790003999844 ], [ 112.752670289000093, -7.24585914499994 ], [ 112.752738952000186, -7.245985507999933 ], [ 112.752853393000123, -7.246229647999883 ], [ 112.752922058000081, -7.246359825999889 ], [ 112.752975464000201, -7.246499061999884 ], [ 112.753021240000066, -7.246597289999954 ], [ 112.753143311000144, -7.246880054999963 ], [ 112.753242493000016, -7.247228143999905 ], [ 112.75330352900005, -7.24768018799989 ], [ 112.75330352900005, -7.247836589999963 ], [ 112.753311157000212, -7.248250006999967 ], [ 112.753288268, -7.248680114999956 ], [ 112.753250121000065, -7.249119280999878 ], [ 112.753189086000134, -7.249979972999938 ], [ 112.753173828000058, -7.250236034999887 ], [ 112.753112792000024, -7.251369952999937 ], [ 112.753013610000153, -7.251359939999929 ], [ 112.752937317000146, -7.251369952999937 ], [ 112.752861023000037, -7.251369952999937 ], [ 112.75272369400011, -7.251381873999946 ], [ 112.752410889000089, -7.251395224999897 ], [ 112.752052308000202, -7.25141000799988 ], [ 112.75137329100005, -7.25141000799988 ], [ 112.751289367000027, -7.25141000799988 ], [ 112.750923157000102, -7.251420020999888 ], [ 112.750442505000137, -7.25145006199989 ], [ 112.749999999000124, -7.251430033999952 ], [ 112.749710083000082, -7.251377105999893 ], [ 112.749717713000223, -7.251800060999926 ], [ 112.749717713000223, -7.252460001999964 ], [ 112.749717713000223, -7.252749919999815 ], [ 112.749748230000023, -7.252880096999945 ], [ 112.749839782000095, -7.253139971999929 ], [ 112.749870300000111, -7.253270149999935 ], [ 112.749900817000253, -7.253419876999885 ], [ 112.749961852000069, -7.253699779999977 ], [ 112.749999999000124, -7.253930090999916 ], [ 112.749977113000341, -7.254059791999907 ], [ 112.75016021700003, -7.254630565999889 ], [ 112.750190735000047, -7.254741668999941 ], [ 112.750282287, -7.255030154999929 ], [ 112.750358581000114, -7.255280016999961 ], [ 112.750404358000083, -7.255461692999916 ], [ 112.750480652000192, -7.255790232999914 ], [ 112.750518798000144, -7.256030081999938 ], [ 112.75085449200003, -7.256036281999968 ], [ 112.751037598000039, -7.256040096999925 ], [ 112.751159668000014, -7.256040096999925 ], [ 112.751541138000221, -7.256050109999933 ], [ 112.752311707000104, -7.256070135999892 ], [ 112.752494811000133, -7.256077765999976 ], [ 112.75258636500007, -7.256082056999901 ], [ 112.752769471000079, -7.256090163999943 ], [ 112.752746583000203, -7.256480217999979 ], [ 112.752746583000203, -7.256619928999896 ], [ 112.752708436000148, -7.257329939999977 ], [ 112.752685547000056, -7.257651327999895 ], [ 112.75258636500007, -7.259130001999949 ], [ 112.752571107000222, -7.259375570999907 ], [ 112.752532960000167, -7.259812353999905 ], [ 112.75246429400022, -7.26067590699995 ], [ 112.752449036000144, -7.260900019999951 ], [ 112.752342224000017, -7.262277126999948 ], [ 112.7522811890002, -7.263030051999976 ], [ 112.752220153000167, -7.264070033999928 ], [ 112.752212525, -7.264214037999977 ], [ 112.751899718000345, -7.264239788999873 ], [ 112.751876832000107, -7.264480112999934 ], [ 112.751716614000088, -7.265960216999929 ], [ 112.751640321000082, -7.26613998299996 ], [ 112.751541138000221, -7.266310215999852 ], [ 112.751419068000018, -7.266510009999934 ], [ 112.751380921000191, -7.266650198999912 ], [ 112.751327514000081, -7.266809939999973 ], [ 112.751190185000041, -7.267290114999923 ], [ 112.751106263000338, -7.267489908999949 ], [ 112.750991821000071, -7.267849922999972 ], [ 112.750961304000157, -7.267980098999885 ], [ 112.750679016000049, -7.268000124999958 ], [ 112.750198363000209, -7.268139838999957 ], [ 112.750183105000019, -7.268060207999952 ], [ 112.750129700000116, -7.267889976999925 ], [ 112.750083923000147, -7.267783164999969 ], [ 112.750038146000179, -7.267690180999978 ], [ 112.749999999000124, -7.267600058999903 ], [ 112.74980163500004, -7.267799852999929 ] ] ] ] } },
{ "type": "Feature", "properties": { "GID_3": "IDN.11.35.8_1", "GID_0": "IDN", "COUNTRY": "Indonesia", "GID_1": "IDN.11_1", "NAME_1": "Jawa Timur", "NL_NAME_1": "NA", "GID_2": "IDN.11.35_1", "NAME_2": "Surabaya", "NL_NAME_2": "NA", "NAME_3": "Gubeng", "VARNAME_3": "NA", "NL_NAME_3": "NA", "TYPE_3": "Kecamatan", "ENGTYPE_3": "Sub-district", "CC_3": "3578100", "HASC_3": "NA", "LULC2021": 99, "LULC2022": 99, "LULC2023": 99, "LULC2024": 99, "Kecamatan": "Gubeng", "UFSI": 5962408180320000.0, "Kelas_Gena": "Sedang", "n_titik_PU": 14, "Kelas_PU_2": "Tinggi", "Validasi": "Tidak Match", "Risiko_DBD": "4.252.100.766.244.250", "Kelas_DBD": "Sedang", "Ranking": 17 }, "geometry": { "type": "MultiPolygon", "coordinates": [ [ [ [ 112.763235038000175, -7.287504767999962 ], [ 112.763252000000307, -7.28755 ], [ 112.763304184000049, -7.287572688999887 ], [ 112.76334381200013, -7.287590025999975 ], [ 112.763490319000084, -7.287674266999943 ], [ 112.763534514000071, -7.287699719999921 ], [ 112.763357123000219, -7.287819995999939 ], [ 112.763283000000229, -7.287870253999927 ], [ 112.763283000000229, -7.28798 ], [ 112.763240715000165, -7.288212874999942 ], [ 112.763214000000175, -7.28836 ], [ 112.763191000000234, -7.28852 ], [ 112.763046000000145, -7.28907 ], [ 112.763042814000073, -7.289109598999971 ], [ 112.763038635000157, -7.289157390999947 ], [ 112.763000488000102, -7.289402960999894 ], [ 112.762985230000254, -7.289476870999977 ], [ 112.762969972000064, -7.289569853999922 ], [ 112.762893676000317, -7.289921759999913 ], [ 112.762863159000062, -7.290100097999925 ], [ 112.762680053000167, -7.290979861999972 ], [ 112.762641906000113, -7.291320322999979 ], [ 112.762619018, -7.291570186999877 ], [ 112.762603760000161, -7.291790007999964 ], [ 112.762580871000068, -7.292039870999929 ], [ 112.76257324300002, -7.292119979999825 ], [ 112.762542724000241, -7.292590139999902 ], [ 112.762489319000224, -7.293190002999893 ], [ 112.762458801000093, -7.293499946999873 ], [ 112.762451172000169, -7.293584823999879 ], [ 112.76235199000007, -7.293620107999971 ], [ 112.762321472000053, -7.29398012199988 ], [ 112.762283325000226, -7.294586180999943 ], [ 112.76226043600002, -7.294899462999922 ], [ 112.76223755, -7.295131683999955 ], [ 112.762222289000078, -7.295278547999942 ], [ 112.762176514000316, -7.295700072999921 ], [ 112.762138368000024, -7.296181200999854 ], [ 112.762046814000087, -7.29718017499988 ], [ 112.762039185000049, -7.297389506999821 ], [ 112.762001039000097, -7.297920226999963 ], [ 112.762008667000032, -7.298560141999928 ], [ 112.762016297000287, -7.299223899999959 ], [ 112.762016297000287, -7.299429892999967 ], [ 112.762031555000135, -7.299709795999945 ], [ 112.762039185000049, -7.300656794999952 ], [ 112.762039185000049, -7.301179884999897 ], [ 112.762039185000049, -7.301270006999971 ], [ 112.762039185000049, -7.301489828999877 ], [ 112.76206970200019, -7.303289890999963 ], [ 112.762092591000055, -7.303963659999908 ], [ 112.762130737, -7.304986952999968 ], [ 112.762130737, -7.305089950999957 ], [ 112.76206970200019, -7.305500029999962 ], [ 112.762039185000049, -7.305620669999882 ], [ 112.762039185000049, -7.30581998699995 ], [ 112.76199340800008, -7.305980204999969 ], [ 112.761940003000063, -7.306159972999922 ], [ 112.761672974000021, -7.306107520999944 ], [ 112.76155090300017, -7.306079863999969 ], [ 112.761421204000044, -7.306049822999967 ], [ 112.761276245000204, -7.306009768999957 ], [ 112.761131286000023, -7.305980204999969 ], [ 112.760925293000128, -7.305925369999954 ], [ 112.76078033400006, -7.305889605999937 ], [ 112.760658264000085, -7.305860041999892 ], [ 112.76049804600018, -7.305809973999942 ], [ 112.76033782900015, -7.305769919999818 ], [ 112.760169983000083, -7.305719852999914 ], [ 112.760002135000263, -7.30565976999992 ], [ 112.759826660000044, -7.305610179999917 ], [ 112.759651184000063, -7.305550096999923 ], [ 112.759452820000206, -7.30549001699984 ], [ 112.759239197000056, -7.305429933999903 ], [ 112.75916290300006, -7.305399894999937 ], [ 112.759017944000107, -7.305359840999927 ], [ 112.758781433000195, -7.30529022199994 ], [ 112.758529664000207, -7.305210113999863 ], [ 112.758346558000198, -7.305160045999969 ], [ 112.758270264000089, -7.305140017999918 ], [ 112.758041381000226, -7.305080412999871 ], [ 112.757736206000118, -7.30498790799993 ], [ 112.757644652000181, -7.304963588999954 ], [ 112.757476807000216, -7.304920194999966 ], [ 112.757247924000012, -7.304862021999838 ], [ 112.757003785000165, -7.304783343999873 ], [ 112.756790162000016, -7.304739951999863 ], [ 112.756607056000121, -7.304679870999962 ], [ 112.756431580000026, -7.304629801999965 ], [ 112.756263733000083, -7.30459022499997 ], [ 112.756111145000204, -7.30455016999997 ], [ 112.755950928000175, -7.30451011599996 ], [ 112.755798341000059, -7.304470061999893 ], [ 112.755653381000116, -7.304430006999951 ], [ 112.755500794000227, -7.304399965999949 ], [ 112.755348205000132, -7.304359911999939 ], [ 112.755187987000227, -7.304329871999926 ], [ 112.755050658000073, -7.304289817999916 ], [ 112.754913329000033, -7.304259776999913 ], [ 112.754783631, -7.304240225999877 ], [ 112.754669190000186, -7.304210186999967 ], [ 112.754570008000314, -7.304190157999926 ], [ 112.754432679000047, -7.304150103999973 ], [ 112.754402160000154, -7.303969859999938 ], [ 112.754440307000323, -7.303709982999976 ], [ 112.754455566000047, -7.303615093999952 ], [ 112.754470826000102, -7.303540229999896 ], [ 112.75450134200014, -7.303390025999875 ], [ 112.754577636000022, -7.303080080999905 ], [ 112.75475311200023, -7.302410124999938 ], [ 112.754859924000016, -7.302001952999888 ], [ 112.754959106000229, -7.30163907899987 ], [ 112.755210876000092, -7.300690173999953 ], [ 112.755477906000124, -7.299799917999962 ], [ 112.755500794000227, -7.299719810999875 ], [ 112.755706787, -7.299059867999915 ], [ 112.755790710000042, -7.298739909999881 ], [ 112.755851746000189, -7.29850864499997 ], [ 112.756034852000198, -7.297789573999978 ], [ 112.756149292000032, -7.297319888999937 ], [ 112.756187439000087, -7.297185419999892 ], [ 112.756362915000068, -7.296547889999886 ], [ 112.756408692000036, -7.296397685999978 ], [ 112.756500244000108, -7.296057699999949 ], [ 112.756568909000066, -7.295802592999962 ], [ 112.756629944000224, -7.295589922999966 ], [ 112.756858825000108, -7.294721126999946 ], [ 112.756912231000229, -7.294519899999955 ], [ 112.756935119000332, -7.294401644999937 ], [ 112.757080078000172, -7.29380988999992 ], [ 112.757133483000075, -7.293612957999869 ], [ 112.756546021000077, -7.293605326999966 ], [ 112.755722047000177, -7.293595313999958 ], [ 112.755104066000058, -7.293588161999878 ], [ 112.754737854000041, -7.293564795999885 ], [ 112.754333497000061, -7.293539523999925 ], [ 112.75420379600007, -7.293518065999933 ], [ 112.753929138000217, -7.293473720999941 ], [ 112.753730774000019, -7.293439864999868 ], [ 112.752571107000222, -7.293209075999869 ], [ 112.751884460000156, -7.293035505999967 ], [ 112.751655579000158, -7.292946338999968 ], [ 112.751068114000077, -7.292715072999954 ], [ 112.750495910000041, -7.292516708999869 ], [ 112.749504088000208, -7.292145251999955 ], [ 112.749191284000062, -7.292026518999819 ], [ 112.748916626000096, -7.29191017099987 ], [ 112.748809813000094, -7.291863917999933 ], [ 112.748641968000129, -7.291800022999894 ], [ 112.748229981, -7.291659830999947 ], [ 112.748008728000286, -7.291553973999953 ], [ 112.74771881200013, -7.291394233999881 ], [ 112.747245788000214, -7.291114330999903 ], [ 112.74736023000014, -7.290830134999965 ], [ 112.747512817000029, -7.290329933999942 ], [ 112.747528076000094, -7.290245532999961 ], [ 112.747627258000193, -7.289820194999947 ], [ 112.747650146000069, -7.289742468999918 ], [ 112.74782562200005, -7.288965224999913 ], [ 112.747909546000074, -7.288598059999913 ], [ 112.747993470000097, -7.288214206999953 ], [ 112.748085022000055, -7.287772178999887 ], [ 112.74812316900011, -7.287620066999978 ], [ 112.748146057000213, -7.287508486999911 ], [ 112.748191834000181, -7.287340163999943 ], [ 112.748199462000116, -7.287260054999877 ], [ 112.748229981, -7.287119865999898 ], [ 112.748329163000108, -7.286660193999978 ], [ 112.748397827000076, -7.286300182999923 ], [ 112.748428345000093, -7.286192892999964 ], [ 112.748527527000306, -7.285759924999923 ], [ 112.74870300300006, -7.284985065999933 ], [ 112.748916626000096, -7.283989906999921 ], [ 112.749046327000087, -7.283360004999963 ], [ 112.749153137, -7.282730102999949 ], [ 112.749305724000124, -7.282179831999827 ], [ 112.749382020000098, -7.281893253999897 ], [ 112.749450683000305, -7.281630038999879 ], [ 112.749465942000029, -7.281554222999944 ], [ 112.749542237000242, -7.281189440999924 ], [ 112.74961853100001, -7.280799389999913 ], [ 112.749710083000082, -7.280325889999972 ], [ 112.749748230000023, -7.280177592999962 ], [ 112.749809265000181, -7.279870033999941 ], [ 112.749839782000095, -7.279794214999981 ], [ 112.749969483000086, -7.279030321999926 ], [ 112.750022888000103, -7.278751848999946 ], [ 112.750282287, -7.277537344999928 ], [ 112.750320434000059, -7.277312278999943 ], [ 112.750167847000171, -7.277269839999974 ], [ 112.749999999000124, -7.277219771999967 ], [ 112.749732971000071, -7.277180194999971 ], [ 112.749481202000084, -7.277120112999967 ], [ 112.749359131, -7.277082920999874 ], [ 112.749153137, -7.2770400039999 ], [ 112.748947144000113, -7.27698993599995 ], [ 112.748481750000337, -7.276899814999922 ], [ 112.748397827000076, -7.27686977299993 ], [ 112.748008728000286, -7.276810167999884 ], [ 112.747077942000033, -7.276629924999895 ], [ 112.746742249000022, -7.276549815999942 ], [ 112.746582031000116, -7.276509760999886 ], [ 112.74607086200001, -7.276360033999936 ], [ 112.746002197000053, -7.276309966999975 ], [ 112.745948792000036, -7.276360033999936 ], [ 112.745727539000086, -7.276490210999953 ], [ 112.745429992000254, -7.276647089999813 ], [ 112.745292663000214, -7.27672004599998 ], [ 112.745178223000153, -7.27677011399993 ], [ 112.744911193000235, -7.276906966999888 ], [ 112.74478912300026, -7.276969909999877 ], [ 112.744560242000034, -7.277056693999953 ], [ 112.744369507000215, -7.277130127999897 ], [ 112.744110108000086, -7.277229784999975 ], [ 112.744079589000194, -7.277140140999904 ], [ 112.744049073000156, -7.277050018999944 ], [ 112.744010926000101, -7.276959894999948 ], [ 112.743980407000095, -7.27686977299993 ], [ 112.743949890000181, -7.276780128999974 ], [ 112.743919372000164, -7.276690004999978 ], [ 112.743888855000023, -7.276609897999947 ], [ 112.743858336000244, -7.27651977499994 ], [ 112.743843078000054, -7.276440142999832 ], [ 112.743812561000141, -7.276360033999936 ], [ 112.743789673000038, -7.276279925999972 ], [ 112.743766784000172, -7.276199816999906 ], [ 112.743759154000031, -7.276120185999901 ], [ 112.743736268000134, -7.276050089999956 ], [ 112.743721007000204, -7.275899887999969 ], [ 112.743698121000079, -7.27576017399997 ], [ 112.743690491000166, -7.275619983999889 ], [ 112.743682861000025, -7.275479792999931 ], [ 112.743682861000025, -7.275400161999926 ], [ 112.743690491000166, -7.275320052999973 ], [ 112.743690491000166, -7.275239943999907 ], [ 112.743690491000166, -7.275159835999943 ], [ 112.743698121000079, -7.275060175999954 ], [ 112.743721007000204, -7.274960040999929 ], [ 112.743736268000134, -7.274849890999974 ], [ 112.743766784000172, -7.274730204999912 ], [ 112.743797303000065, -7.274590015999934 ], [ 112.743850708000195, -7.274429798999961 ], [ 112.743911744000229, -7.274260043999902 ], [ 112.744033814000204, -7.274010181999927 ], [ 112.744132996000076, -7.273789881999903 ], [ 112.74421691800012, -7.273590086999889 ], [ 112.744308472000057, -7.273419856999965 ], [ 112.74439239600008, -7.27326011699995 ], [ 112.744468690000303, -7.273119924999889 ], [ 112.744537353000055, -7.272999763999906 ], [ 112.744613647000165, -7.272880075999979 ], [ 112.744667054000047, -7.272779941999943 ], [ 112.744728089000205, -7.272679804999939 ], [ 112.74478912300026, -7.272590159999936 ], [ 112.744850158000077, -7.272510050999927 ], [ 112.744911193000235, -7.27242994299985 ], [ 112.744956970000203, -7.272359846999905 ], [ 112.74501800500002, -7.272290228999907 ], [ 112.745079041000054, -7.272220134999884 ], [ 112.745140076000098, -7.272150039999872 ], [ 112.745208740000066, -7.272079943999927 ], [ 112.745277405000024, -7.272019862999912 ], [ 112.745361329000048, -7.271940231999906 ], [ 112.745452881000119, -7.271860122999954 ], [ 112.745536805000143, -7.271780014999877 ], [ 112.745651245000204, -7.271679877999873 ], [ 112.745773316000054, -7.271570204999932 ], [ 112.745903015000067, -7.271450041999969 ], [ 112.746047974000021, -7.271319865999942 ], [ 112.746208191000051, -7.271180151999886 ], [ 112.746368409000183, -7.27102994899991 ], [ 112.746551515000078, -7.270870208999952 ], [ 112.746719360000043, -7.270699976999879 ], [ 112.746910094000327, -7.27053022399997 ], [ 112.747093200000222, -7.270359992999886 ], [ 112.747276306000117, -7.270180224999933 ], [ 112.747337342000151, -7.270125389999862 ], [ 112.74746704000006, -7.270009993999906 ], [ 112.747650146000069, -7.269830225999954 ], [ 112.747840881000343, -7.269659994999813 ], [ 112.747962951000318, -7.269541739999966 ], [ 112.7480163580002, -7.269489764999946 ], [ 112.748199462000116, -7.269320011999923 ], [ 112.748382568000125, -7.269149778999974 ], [ 112.748558044000106, -7.268980025999952 ], [ 112.748741150000114, -7.268809794999981 ], [ 112.748931884000285, -7.268630026999858 ], [ 112.749160767000149, -7.268410206999874 ], [ 112.749214172000052, -7.268354891999934 ], [ 112.749443055000029, -7.268139838999957 ], [ 112.74980163500004, -7.267799852999929 ], [ 112.749999999000124, -7.267600058999903 ], [ 112.750038146000179, -7.267690180999978 ], [ 112.750083923000147, -7.267783164999969 ], [ 112.750129700000116, -7.267889976999925 ], [ 112.750183105000019, -7.268060207999952 ], [ 112.750198363000209, -7.268139838999957 ], [ 112.750679016000049, -7.268000124999958 ], [ 112.750961304000157, -7.267980098999885 ], [ 112.751136780000138, -7.267960070999948 ], [ 112.751350402000071, -7.267930031999924 ], [ 112.751930237000124, -7.267690180999978 ], [ 112.752166748000036, -7.267660140999965 ], [ 112.7522811890002, -7.267660140999965 ], [ 112.752403259000175, -7.267739772999903 ], [ 112.752510071000188, -7.267879961999881 ], [ 112.752632142000039, -7.268089293999878 ], [ 112.752746583000203, -7.268290042999979 ], [ 112.752838135000275, -7.268384455999978 ], [ 112.753143311000144, -7.268605230999924 ], [ 112.753425597000046, -7.268792629999894 ], [ 112.753746032000208, -7.268917082999963 ], [ 112.753997804000051, -7.26900005199991 ], [ 112.754219054000032, -7.269009112999981 ], [ 112.754364014000316, -7.269015312999954 ], [ 112.754478454000036, -7.269020079999962 ], [ 112.754631043000131, -7.269020079999962 ], [ 112.754722595000089, -7.268990038999959 ], [ 112.754821777000075, -7.268949984999949 ], [ 112.755012512, -7.268819808999922 ], [ 112.755096435000041, -7.268700122999974 ], [ 112.755157471000189, -7.268539904999955 ], [ 112.755157471000189, -7.268429754999886 ], [ 112.755149841000048, -7.268058299999893 ], [ 112.75514221200001, -7.267570017999901 ], [ 112.755203248000157, -7.267199992999906 ], [ 112.75525665300006, -7.266980169999954 ], [ 112.755348205000132, -7.26677989999996 ], [ 112.755691528000057, -7.26645994099988 ], [ 112.755958558000088, -7.266240119999907 ], [ 112.756416320000312, -7.265708444999973 ], [ 112.75649261600006, -7.265620230999957 ], [ 112.756591798000045, -7.265649794999831 ], [ 112.75676727300015, -7.26567983599989 ], [ 112.757072448000031, -7.265709877999939 ], [ 112.757759095000097, -7.265759944999957 ], [ 112.758636474000014, -7.26579999899991 ], [ 112.759246827000084, -7.265810012999964 ], [ 112.759880067000154, -7.265838623999912 ], [ 112.760261535000041, -7.265856264999968 ], [ 112.76033782900015, -7.265860079999925 ], [ 112.760749818000022, -7.265880107999976 ], [ 112.760932922000052, -7.265880107999976 ], [ 112.761108399000136, -7.265880107999976 ], [ 112.761276245000204, -7.265880107999976 ], [ 112.761573791000274, -7.265880107999976 ], [ 112.762222289000078, -7.265880107999976 ], [ 112.76257324300002, -7.265854358999945 ], [ 112.762611390000075, -7.265718460999892 ], [ 112.762588501000209, -7.265469073999952 ], [ 112.763084412000126, -7.264555453999947 ], [ 112.763160706, -7.264414786999964 ], [ 112.763206483000204, -7.264328955999872 ], [ 112.763397217000147, -7.263981341999965 ], [ 112.763595581000232, -7.263619899999981 ], [ 112.763954163000221, -7.26297330899996 ], [ 112.764198304000047, -7.262810229999957 ], [ 112.764450074000138, -7.262845038999956 ], [ 112.764717101000087, -7.262839792999955 ], [ 112.764816283000187, -7.26282977999989 ], [ 112.765220642000145, -7.262889860999906 ], [ 112.765449523000143, -7.262924669999961 ], [ 112.765548705000015, -7.262939929999959 ], [ 112.766296387000011, -7.263014315999897 ], [ 112.766487122000285, -7.263033389999975 ], [ 112.766975402000185, -7.263081549999981 ], [ 112.767356872000164, -7.263120173999937 ], [ 112.767517090000069, -7.263139724999974 ], [ 112.767906188000097, -7.263189791999935 ], [ 112.768310547000056, -7.263236521999886 ], [ 112.768585205000022, -7.263268470999947 ], [ 112.769279480000023, -7.263350009999954 ], [ 112.769561768000131, -7.263390063999907 ], [ 112.769752502000074, -7.263410089999979 ], [ 112.770118714000205, -7.263450144999979 ], [ 112.770492554000043, -7.263492583999948 ], [ 112.770812989000206, -7.263529777999906 ], [ 112.771598816000278, -7.263619899999981 ], [ 112.771736145000204, -7.263637542999959 ], [ 112.772140504000163, -7.263689994999936 ], [ 112.772369385000047, -7.263707636999868 ], [ 112.773307801000215, -7.263780116999953 ], [ 112.773429870000086, -7.263790129999961 ], [ 112.773513793, -7.263800142999912 ], [ 112.774154663000104, -7.263869285999931 ], [ 112.774353028000064, -7.263889789999951 ], [ 112.774589539000203, -7.26391363099998 ], [ 112.774757384000168, -7.263929843999961 ], [ 112.775108338000223, -7.263969898999903 ], [ 112.775619507000329, -7.264027595999892 ], [ 112.775901795000095, -7.264060019999931 ], [ 112.776062013000342, -7.264070033999928 ], [ 112.776344299000129, -7.264097213999889 ], [ 112.776283263000209, -7.26440858899997 ], [ 112.776672364000092, -7.264870642999938 ], [ 112.776840209000056, -7.265026567999939 ], [ 112.777015685000038, -7.265079020999963 ], [ 112.777183533000084, -7.265129087999981 ], [ 112.777565003000177, -7.265261173999932 ], [ 112.777801514000089, -7.265409945999977 ], [ 112.77783966100003, -7.265504360999955 ], [ 112.77783966100003, -7.26576089799994 ], [ 112.777786256000127, -7.266055106999943 ], [ 112.777748107000093, -7.266259670999943 ], [ 112.777664185000049, -7.266252517999874 ], [ 112.777435302000072, -7.266232012999865 ], [ 112.776466369000104, -7.266288756999927 ], [ 112.77607727100019, -7.266214846999958 ], [ 112.77586364800004, -7.26617431699998 ], [ 112.775695801000097, -7.266939639999975 ], [ 112.775131226000212, -7.266843317999928 ], [ 112.774925232000214, -7.267426490999924 ], [ 112.774925232000214, -7.268068790999962 ], [ 112.774360656000226, -7.268097399999931 ], [ 112.774276734000182, -7.268446445999928 ], [ 112.774116516000049, -7.268419741999935 ], [ 112.774070739000081, -7.26851987699996 ], [ 112.774055481000232, -7.268613813999934 ], [ 112.774040223000043, -7.268690109999966 ], [ 112.773880005000137, -7.269499777999954 ], [ 112.773834228000169, -7.26972818399986 ], [ 112.773811340000066, -7.269879817999879 ], [ 112.773765565000076, -7.270105838999939 ], [ 112.773719788000108, -7.270309925999925 ], [ 112.773612976000095, -7.270850180999958 ], [ 112.773490905000244, -7.27136993299996 ], [ 112.773445130000141, -7.271605491999935 ], [ 112.773368836000031, -7.272019862999912 ], [ 112.773292541000046, -7.272329807999824 ], [ 112.77326965400016, -7.272400855999933 ], [ 112.77307891800001, -7.273109911999882 ], [ 112.772903442000029, -7.2742071159999 ], [ 112.772850037000012, -7.274569987999882 ], [ 112.772827149000022, -7.274670122999908 ], [ 112.772712708000086, -7.275370120999924 ], [ 112.772560119000104, -7.276239870999973 ], [ 112.772491455000022, -7.27686977299993 ], [ 112.772438050000119, -7.277400015999945 ], [ 112.772430420000205, -7.277480125999887 ], [ 112.772419609000053, -7.277550843999961 ], [ 112.772408, -7.27763 ], [ 112.772400000000175, -7.27773 ], [ 112.772362, -7.277959999999894 ], [ 112.772257446000026, -7.278597377999972 ], [ 112.772102357000108, -7.279545305999875 ], [ 112.772081248000063, -7.279693720999887 ], [ 112.772072000000207, -7.27976 ], [ 112.772057, -7.279901 ], [ 112.772036777000039, -7.280071601999907 ], [ 112.772018433000085, -7.280230045999872 ], [ 112.772026952000033, -7.280291545999887 ], [ 112.772033691000161, -7.280340193999848 ], [ 112.771987914000192, -7.280439852999905 ], [ 112.77155303900031, -7.280409811999903 ], [ 112.771284288000061, -7.280391467999891 ], [ 112.770973207000111, -7.280370234999907 ], [ 112.770530701000098, -7.280340193999848 ], [ 112.769912720000207, -7.280280112999947 ], [ 112.768936133000011, -7.280180234999932 ], [ 112.768737792000024, -7.280159949999927 ], [ 112.768572193000068, -7.280140759999938 ], [ 112.767272949000017, -7.279990196999904 ], [ 112.766967774000136, -7.279950141999905 ], [ 112.76645660500003, -7.279900072999908 ], [ 112.766021729000045, -7.279860018999898 ], [ 112.765878324000028, -7.279839432999893 ], [ 112.765533447000166, -7.279789924999875 ], [ 112.764709473000039, -7.279689787999928 ], [ 112.764350891000049, -7.279618739999933 ], [ 112.76440772, -7.279263361999938 ], [ 112.764488000000256, -7.27876 ], [ 112.764502551000305, -7.278661426999918 ], [ 112.76451873700023, -7.278550146999976 ], [ 112.764556884000058, -7.27830982099988 ], [ 112.76456470200003, -7.278240680999943 ], [ 112.76458700000012, -7.27804 ], [ 112.764625004000095, -7.277702183999963 ], [ 112.764640808000081, -7.277560232999974 ], [ 112.764650249000056, -7.277469360999874 ], [ 112.764655963000223, -7.277413358999979 ], [ 112.762245000000121, -7.277187 ], [ 112.762242993000086, -7.277425790999928 ], [ 112.76223755, -7.278019904999951 ], [ 112.762209038000037, -7.278758058999927 ], [ 112.762207000000217, -7.27881 ], [ 112.762205143000074, -7.278850857999885 ], [ 112.76219177300004, -7.279139994999923 ], [ 112.762176514000316, -7.279240131999927 ], [ 112.762176514000316, -7.27957010199998 ], [ 112.762176514000316, -7.279932021999912 ], [ 112.762168884000062, -7.280347345999928 ], [ 112.762166583000294, -7.280530673999976 ], [ 112.762161000000106, -7.280954999999892 ], [ 112.762161000000106, -7.28114 ], [ 112.76215814700015, -7.281240279999963 ], [ 112.762153626000213, -7.281386374999897 ], [ 112.762153626000213, -7.281779765999943 ], [ 112.762145996000072, -7.281896590999906 ], [ 112.762145624000027, -7.281906768999875 ], [ 112.762138000000164, -7.282105 ], [ 112.762138000000164, -7.282199999999875 ], [ 112.76213395200034, -7.28240240599996 ], [ 112.762131, -7.28255 ], [ 112.762131, -7.282889 ], [ 112.762131, -7.28301 ], [ 112.762177000000179, -7.283369999999877 ], [ 112.762240309000049, -7.283581338999966 ], [ 112.762245000000121, -7.283597 ], [ 112.762405, -7.28420599999987 ], [ 112.762466000000131, -7.284426 ], [ 112.762548324000022, -7.284732031999965 ], [ 112.762650000000235, -7.28511 ], [ 112.762661866000144, -7.285153147999893 ], [ 112.762672, -7.28519 ], [ 112.76296200000013, -7.28634 ], [ 112.763092, -7.28687 ], [ 112.763145, -7.287117 ], [ 112.763164660000029, -7.287208748999888 ], [ 112.763183594000111, -7.287299156999893 ], [ 112.763221741000052, -7.287469862999899 ], [ 112.763235038000175, -7.287504767999962 ] ] ] ] } },
{ "type": "Feature", "properties": { "GID_3": "IDN.11.35.9_1", "GID_0": "IDN", "COUNTRY": "Indonesia", "GID_1": "IDN.11_1", "NAME_1": "Jawa Timur", "NL_NAME_1": "NA", "GID_2": "IDN.11.35_1", "NAME_2": "Surabaya", "NL_NAME_2": "NA", "NAME_3": "Gunung Anyar", "VARNAME_3": "NA", "NL_NAME_3": "NA", "TYPE_3": "Kecamatan", "ENGTYPE_3": "Sub-district", "CC_3": "3578060", "HASC_3": "NA", "LULC2021": 60, "LULC2022": 60, "LULC2023": 61, "LULC2024": 61, "Kecamatan": "Gunung Anyar", "UFSI": 4545963289650000.0, "Kelas_Gena": "Sedang", "n_titik_PU": 0, "Kelas_PU_2": "Rendah", "Validasi": "Tidak Match", "Risiko_DBD": "26.838.770.435.773.400", "Kelas_DBD": "Rendah", "Ranking": 27 }, "geometry": { "type": "MultiPolygon", "coordinates": [ [ [ [ 112.797126770000204, -7.345327853999891 ], [ 112.79701232900004, -7.345351219999884 ], [ 112.796928406, -7.345380305999981 ], [ 112.79685211200001, -7.345427990999951 ], [ 112.796783446000063, -7.345477102999894 ], [ 112.796714783000311, -7.345536230999926 ], [ 112.796638489000088, -7.345620631999964 ], [ 112.796577454000044, -7.345689295999875 ], [ 112.796501160000162, -7.345739364999929 ], [ 112.796424867000155, -7.345762728999944 ], [ 112.796318054000039, -7.345789909999951 ], [ 112.796234131, -7.345816133999904 ], [ 112.796165467000151, -7.345852375999868 ], [ 112.796119690000182, -7.345916270999908 ], [ 112.796081543000014, -7.346003054999926 ], [ 112.796043396000073, -7.346089838999887 ], [ 112.795997619000104, -7.346189021999919 ], [ 112.795959473000039, -7.346286773999964 ], [ 112.795921326000098, -7.346368311999925 ], [ 112.795883179000043, -7.346438884999941 ], [ 112.79579925500002, -7.346505163999893 ], [ 112.795684815000186, -7.346517086999881 ], [ 112.795585633000314, -7.346508978999964 ], [ 112.795494081000015, -7.346498965999899 ], [ 112.795387268000013, -7.346486567999932 ], [ 112.795272828000066, -7.346471786999871 ], [ 112.795150757000215, -7.346455573999947 ], [ 112.795028686000023, -7.346439360999966 ], [ 112.794914246000076, -7.346424102999947 ], [ 112.794807434000177, -7.34641170499998 ], [ 112.794715882000219, -7.346402643999852 ], [ 112.794631958000195, -7.346396445999972 ], [ 112.794525146000069, -7.346390723999946 ], [ 112.794441224000025, -7.346387862999961 ], [ 112.794349670000088, -7.346385000999874 ], [ 112.794258118000016, -7.346383570999933 ], [ 112.794158936000144, -7.346383570999933 ], [ 112.794052123000142, -7.346385477999945 ], [ 112.793945313000108, -7.346389292999902 ], [ 112.793838501000209, -7.346392630999901 ], [ 112.793708802000197, -7.346394538999959 ], [ 112.79361724800026, -7.346387862999961 ], [ 112.793533326000102, -7.346364974999915 ], [ 112.79345703100023, -7.346336840999925 ], [ 112.793388367000034, -7.346311091999894 ], [ 112.793304443000011, -7.346278190999953 ], [ 112.793197631000112, -7.346235750999881 ], [ 112.793067932000099, -7.346182823999868 ], [ 112.792991638000217, -7.346153259999824 ], [ 112.792922973000145, -7.346122740999874 ], [ 112.792846679000036, -7.346090793999963 ], [ 112.792716981000126, -7.346026896999945 ], [ 112.792648315000292, -7.345995424999899 ], [ 112.79254913300008, -7.345934389999911 ], [ 112.792465209000056, -7.34587573899995 ], [ 112.792388915000174, -7.345817088999979 ], [ 112.792312622000168, -7.34575653099995 ], [ 112.792228698000145, -7.345692157999963 ], [ 112.792137146000186, -7.345626354999922 ], [ 112.792053222000163, -7.345561026999917 ], [ 112.791969298000026, -7.345498083999871 ], [ 112.79189300500002, -7.3454394339999 ], [ 112.791824341000165, -7.345385550999879 ], [ 112.791770934000056, -7.345335483999918 ], [ 112.791694640000173, -7.345266817999914 ], [ 112.791625977000081, -7.345202444999927 ], [ 112.791542053000057, -7.345111370999859 ], [ 112.79148864800004, -7.345059393999975 ], [ 112.791435241000158, -7.345004080999956 ], [ 112.791374207000217, -7.344947815999888 ], [ 112.791313172000059, -7.344893455999966 ], [ 112.791244507000101, -7.344842432999883 ], [ 112.791175843000133, -7.344794750999938 ], [ 112.791099548000147, -7.34475040399991 ], [ 112.791015626000103, -7.344707964999941 ], [ 112.79093170200008, -7.344666957999948 ], [ 112.790832520000095, -7.344626425999877 ], [ 112.790725707000206, -7.344584463999979 ], [ 112.790618897000058, -7.34454011899993 ], [ 112.790504455000018, -7.344491481999967 ], [ 112.790382386000147, -7.344439506999947 ], [ 112.790313721000075, -7.344411850999961 ], [ 112.79024505700022, -7.34438323899991 ], [ 112.790176392000149, -7.344353675999969 ], [ 112.790107726000315, -7.344323158999941 ], [ 112.790039063000222, -7.344291686999895 ], [ 112.789962769000113, -7.344259738999938 ], [ 112.78988647500023, -7.344227789999934 ], [ 112.789817810000159, -7.344197272999963 ], [ 112.789749146000304, -7.344167708999919 ], [ 112.789680481, -7.344140052999933 ], [ 112.789566040000068, -7.344093322999981 ], [ 112.789474486000017, -7.344060421999927 ], [ 112.789375304000146, -7.344030857999883 ], [ 112.789291382000101, -7.344013213999858 ], [ 112.78919982900004, -7.343996048999941 ], [ 112.789100646000293, -7.343979834999914 ], [ 112.78900146400008, -7.34396743699989 ], [ 112.78889465400016, -7.343962191999879 ], [ 112.78881836000005, -7.34396409999988 ], [ 112.788734436000027, -7.343972204999943 ], [ 112.78864288200009, -7.343987940999966 ], [ 112.78853607200017, -7.34401130699996 ], [ 112.788406371000178, -7.344043730999886 ], [ 112.788291931000117, -7.344076156999904 ], [ 112.788177490000294, -7.34411096599996 ], [ 112.788093567000033, -7.344137667999917 ], [ 112.788002015000075, -7.344166753999957 ], [ 112.787910461000138, -7.344197272999963 ], [ 112.787811279000152, -7.344228744999839 ], [ 112.787712096000178, -7.344260690999818 ], [ 112.787612914000306, -7.344292639999878 ], [ 112.787513732000093, -7.344325063999975 ], [ 112.787414550000108, -7.344356535999907 ], [ 112.787307740000074, -7.344387053999981 ], [ 112.787216186000023, -7.344416140999954 ], [ 112.787117004000152, -7.344444274999887 ], [ 112.787033082000107, -7.344470500999932 ], [ 112.786949158000084, -7.344494341999962 ], [ 112.786872864000202, -7.344516277999901 ], [ 112.786750794000227, -7.344552516999954 ], [ 112.786666870000204, -7.344578742999943 ], [ 112.786582946000181, -7.344607829999916 ], [ 112.786499024000022, -7.344655989999922 ], [ 112.786430359000065, -7.34472513299994 ], [ 112.786361695000096, -7.344809531999942 ], [ 112.786300660000052, -7.344875811999884 ], [ 112.786247253000056, -7.344940662999932 ], [ 112.786193848000153, -7.344995497999946 ], [ 112.786140442000146, -7.34504699799993 ], [ 112.786056519000226, -7.345085619999963 ], [ 112.785972595000203, -7.345099447999928 ], [ 112.785896301000093, -7.345105647999901 ], [ 112.785797119000108, -7.345110892999969 ], [ 112.78567504800003, -7.345115660999966 ], [ 112.785537719000104, -7.345121383999981 ], [ 112.785415649000129, -7.345127581999975 ], [ 112.785316467000143, -7.345136164999928 ], [ 112.785240173000034, -7.345148562999896 ], [ 112.785156249000011, -7.345180988999914 ], [ 112.785072327000194, -7.345239161999928 ], [ 112.784996034000187, -7.345291613999962 ], [ 112.784919738000099, -7.345347403999938 ], [ 112.784843444000103, -7.345399378999957 ], [ 112.784782409000172, -7.345439910999971 ], [ 112.784690857000214, -7.345476627999972 ], [ 112.784591675000343, -7.345495223999933 ], [ 112.784507751000206, -7.345503806999886 ], [ 112.784400941000058, -7.345510481999952 ], [ 112.784271240000066, -7.345513819999951 ], [ 112.784194946000298, -7.345513344999972 ], [ 112.784118653000291, -7.345511911999949 ], [ 112.784027099000014, -7.345508098999971 ], [ 112.783935547000056, -7.345502853999903 ], [ 112.78383636500007, -7.345495223999933 ], [ 112.783737182000095, -7.345486163999965 ], [ 112.783622742000034, -7.34547471999997 ], [ 112.783508301000097, -7.345461844999875 ], [ 112.783393859000057, -7.345447538999963 ], [ 112.783271790000299, -7.34543085099989 ], [ 112.783142090000069, -7.345413207999968 ], [ 112.783012391000057, -7.345393656999931 ], [ 112.782882690000065, -7.345372675999897 ], [ 112.78273773300009, -7.345349311999939 ], [ 112.782608032000098, -7.345327853999891 ], [ 112.782447815000069, -7.345300196999915 ], [ 112.782341004000045, -7.345281123999939 ], [ 112.782203675000119, -7.345257757999889 ], [ 112.782073974000127, -7.345234871999935 ], [ 112.781944276000104, -7.345212457999935 ], [ 112.781814575000112, -7.345190524999907 ], [ 112.781692504000034, -7.345169065999926 ], [ 112.781570434000059, -7.345147609999913 ], [ 112.781448365000188, -7.345127105999893 ], [ 112.781333922000044, -7.345106600999884 ], [ 112.78122711200001, -7.345086574999925 ], [ 112.781120300000111, -7.345067023999832 ], [ 112.781013490000191, -7.345047472999966 ], [ 112.780914307000216, -7.345027923999965 ], [ 112.780815125000117, -7.345008848999896 ], [ 112.780723571000067, -7.344990252999935 ], [ 112.780632019000109, -7.344971656999917 ], [ 112.780548095000086, -7.344954013999882 ], [ 112.780456544000117, -7.344936369999857 ], [ 112.780357361000142, -7.344916343999955 ], [ 112.780281068000136, -7.344903468999973 ], [ 112.780197144000113, -7.344887732999894 ], [ 112.78012085000023, -7.344872474999875 ], [ 112.780036926000207, -7.344858168999963 ], [ 112.779960633000201, -7.344843863999927 ], [ 112.779823304000047, -7.344817161999913 ], [ 112.779716492000148, -7.34479141099996 ], [ 112.779632568000125, -7.344768046999945 ], [ 112.779541016000167, -7.344735145999891 ], [ 112.779472350000219, -7.344696521999879 ], [ 112.779411315000175, -7.344601153999918 ], [ 112.779388428000175, -7.344512462999944 ], [ 112.779373168, -7.344411850999961 ], [ 112.779373168, -7.344318865999924 ], [ 112.779373168, -7.344192980999878 ], [ 112.779373168, -7.344113826999944 ], [ 112.779373168, -7.344022749999908 ], [ 112.779380798000034, -7.343917369999929 ], [ 112.779388428000175, -7.343797683999981 ], [ 112.779396057000213, -7.343667505999917 ], [ 112.779403687000126, -7.343530653999892 ], [ 112.779411315000175, -7.343330382999909 ], [ 112.779418945000089, -7.343256473999929 ], [ 112.77942657500023, -7.343128202999878 ], [ 112.779434203000164, -7.343011379999894 ], [ 112.779434203000164, -7.342910765999932 ], [ 112.779441834000181, -7.342829703999882 ], [ 112.779449464000095, -7.342719553999927 ], [ 112.779434203000164, -7.34261274399995 ], [ 112.779342651000206, -7.342573641999934 ], [ 112.779243469000107, -7.342542170999934 ], [ 112.779167176000101, -7.342522621999876 ], [ 112.779083252000305, -7.342500685999937 ], [ 112.7789917, -7.34247636799995 ], [ 112.778884888000107, -7.342450618999976 ], [ 112.778778075000218, -7.34242391499987 ], [ 112.778663635000157, -7.342396258999941 ], [ 112.778541564000079, -7.342369079999969 ], [ 112.778427124000018, -7.342341898999962 ], [ 112.778312683000081, -7.342315196999948 ], [ 112.778205871000068, -7.342289923999886 ], [ 112.778099061000148, -7.342265604999966 ], [ 112.77799987800006, -7.342242716999976 ], [ 112.777900696000188, -7.342221259999917 ], [ 112.777816772000165, -7.34220170999987 ], [ 112.777679443000238, -7.34216880799994 ], [ 112.777557373000263, -7.342135428999939 ], [ 112.777458191000051, -7.342090128999814 ], [ 112.777427674000137, -7.342016220999938 ], [ 112.777427674000137, -7.341913698999974 ], [ 112.777427674000137, -7.341826914999956 ], [ 112.777435302000072, -7.341714858999921 ], [ 112.777435302000072, -7.341586112999948 ], [ 112.777450561000137, -7.341447828999947 ], [ 112.777458191000051, -7.341308117999858 ], [ 112.77747344900024, -7.341170310999928 ], [ 112.777488709000068, -7.341034411999942 ], [ 112.777114867000023, -7.341097354999931 ], [ 112.77586364800004, -7.341115473999878 ], [ 112.775642395000091, -7.341118811999934 ], [ 112.773895264000089, -7.340827464999961 ], [ 112.771286011000029, -7.339573383999948 ], [ 112.770927430000143, -7.339361666999935 ], [ 112.770866394000109, -7.339406013999962 ], [ 112.770774842000151, -7.339386939999883 ], [ 112.770690918000128, -7.339365958999906 ], [ 112.770591736000256, -7.339339255999846 ], [ 112.770515443000249, -7.339319228999955 ], [ 112.770416260000161, -7.339290617999893 ], [ 112.770317078000062, -7.339265346999923 ], [ 112.770240783000077, -7.339246272999958 ], [ 112.77014160300007, -7.33923244499988 ], [ 112.770065307000095, -7.339265821999959 ], [ 112.769996643000013, -7.339336394999975 ], [ 112.76994323800011, -7.339397430999952 ], [ 112.769889831000228, -7.339450835999912 ], [ 112.769813537000118, -7.339485644999968 ], [ 112.76972198500016, -7.33948659999993 ], [ 112.769630432000099, -7.339481353999872 ], [ 112.769546510000282, -7.33947563199996 ], [ 112.769462586000145, -7.339472293999904 ], [ 112.76942443900009, -7.339544294999939 ], [ 112.769088746000079, -7.339933870999914 ], [ 112.769058227000301, -7.340041160999931 ], [ 112.769035339000197, -7.340131759999963 ], [ 112.768936157000326, -7.340558527999917 ], [ 112.768760681000231, -7.340522288999921 ], [ 112.768684387000121, -7.340561865999916 ], [ 112.768638610000153, -7.340670584999941 ], [ 112.768600463000098, -7.340750693999894 ], [ 112.76856994700006, -7.340864656999941 ], [ 112.768554688000108, -7.340999125999872 ], [ 112.768516541000054, -7.341231821999941 ], [ 112.768478393000123, -7.341358184999933 ], [ 112.768402099000014, -7.341464042999974 ], [ 112.768325805000131, -7.34155368699993 ], [ 112.768135071000302, -7.341582297999878 ], [ 112.768035889000089, -7.341578482999921 ], [ 112.768035889000089, -7.341743467999891 ], [ 112.767906188000097, -7.341739654999969 ], [ 112.767799378000177, -7.341724871999872 ], [ 112.767684937000013, -7.341708658999949 ], [ 112.767578125000227, -7.341691970999932 ], [ 112.767471313000101, -7.341674326999964 ], [ 112.767372131000229, -7.341657161999933 ], [ 112.767280579000158, -7.341639517999909 ], [ 112.767204285000048, -7.341622829999949 ], [ 112.767074584000056, -7.341592788999947 ], [ 112.76699829100005, -7.341566561999912 ], [ 112.766921997000168, -7.34151267999988 ], [ 112.766883850000113, -7.341423510999903 ], [ 112.766860962000123, -7.34132289899992 ], [ 112.766853333000086, -7.341247081999938 ], [ 112.766845703000058, -7.341150282999934 ], [ 112.76683044500021, -7.341029166999931 ], [ 112.766822815000069, -7.340882299999976 ], [ 112.766815185000155, -7.340713976999893 ], [ 112.76679992600009, -7.340531825999904 ], [ 112.766792298000155, -7.340341567999928 ], [ 112.766784668000014, -7.340149878999966 ], [ 112.7667770380001, -7.339963434999959 ], [ 112.766761780000138, -7.339788913999939 ], [ 112.7667541510001, -7.339596269999959 ], [ 112.766746521000186, -7.339489459999925 ], [ 112.766738891000045, -7.339388847999942 ], [ 112.766731263000111, -7.339297770999963 ], [ 112.766723633000083, -7.33922242999995 ], [ 112.766708374000132, -7.339110374999905 ], [ 112.766693116000056, -7.339029788999881 ], [ 112.766662597000163, -7.338927745999968 ], [ 112.766632081000125, -7.338860987999965 ], [ 112.76660919200026, -7.338787554999953 ], [ 112.766571045000205, -7.338702677999947 ], [ 112.766532899000254, -7.338608263999959 ], [ 112.766510010000047, -7.338336467999909 ], [ 112.766410828000062, -7.338358401999869 ], [ 112.765998841000169, -7.338498590999905 ], [ 112.765808105000019, -7.338567256999909 ], [ 112.765655518000017, -7.338575839999919 ], [ 112.765335083000082, -7.33842277499997 ], [ 112.765174865000176, -7.338359354999966 ], [ 112.76509857200017, -7.338331697999877 ], [ 112.764984131, -7.338320254999928 ], [ 112.764839172000052, -7.338387012999931 ], [ 112.764503479000041, -7.338415144999942 ], [ 112.764312745000097, -7.338431357999866 ], [ 112.763404847000061, -7.338507651999976 ], [ 112.763214111000138, -7.338507651999976 ], [ 112.762763977000191, -7.338479042999893 ], [ 112.762489319000224, -7.338467121999884 ], [ 112.7617111200002, -7.338128565999966 ], [ 112.760940552000193, -7.33791017599998 ], [ 112.760627747000171, -7.337830066999913 ], [ 112.760536193, -7.33781766899989 ], [ 112.760185241000158, -7.337771414999963 ], [ 112.760055543000021, -7.337738037999941 ], [ 112.759857178000061, -7.337685584999974 ], [ 112.759323121000079, -7.337545870999975 ], [ 112.757606506000229, -7.337150572999917 ], [ 112.757148742000027, -7.337032317999899 ], [ 112.756835937000119, -7.33695507099992 ], [ 112.756385803000057, -7.336899280999944 ], [ 112.755943298000034, -7.336877344999891 ], [ 112.755722047000177, -7.336817264999979 ], [ 112.75540924000029, -7.336743353999907 ], [ 112.755233764000195, -7.336756228999889 ], [ 112.755088805000014, -7.336820124999974 ], [ 112.754821777000075, -7.33659982699993 ], [ 112.754760742000144, -7.33646011299993 ], [ 112.754737854000041, -7.336390017999975 ], [ 112.754730225000117, -7.336259840999958 ], [ 112.754768372000058, -7.336140155999828 ], [ 112.754821777000075, -7.336019992999923 ], [ 112.754852294000216, -7.335949896999978 ], [ 112.754890443000136, -7.335869787999911 ], [ 112.754936218000239, -7.335770130999947 ], [ 112.754989623000142, -7.335639951999894 ], [ 112.755073547000165, -7.335480211999936 ], [ 112.755149841000048, -7.335299968999948 ], [ 112.75525665300006, -7.335070132999931 ], [ 112.755378723000035, -7.334799765999946 ], [ 112.755523683000092, -7.334479807999912 ], [ 112.755691528000057, -7.334109782999974 ], [ 112.755889892000141, -7.333670139999981 ], [ 112.756050110000047, -7.33334016699996 ], [ 112.756126404000156, -7.333159922999869 ], [ 112.756401062000123, -7.332580088999975 ], [ 112.756706238000106, -7.331920147999881 ], [ 112.757072448000031, -7.331170082999904 ], [ 112.757499695000206, -7.33031988099998 ], [ 112.758003234000171, -7.330359934999933 ], [ 112.759277344000111, -7.33046007199988 ], [ 112.759490966000158, -7.330490110999961 ], [ 112.760231018000127, -7.330570219999913 ], [ 112.760688782000102, -7.330609798999944 ], [ 112.761360169000227, -7.330669878999913 ], [ 112.761680604000162, -7.330719946999977 ], [ 112.762481689000083, -7.330739974999858 ], [ 112.76312255900018, -7.330790041999933 ], [ 112.763320923000038, -7.330840109999883 ], [ 112.763496399000019, -7.330930233999879 ], [ 112.76361083900008, -7.33094978299988 ], [ 112.764183044000106, -7.331120012999861 ], [ 112.764312745000097, -7.331155776999879 ], [ 112.764701843000125, -7.33123016299993 ], [ 112.765357971000071, -7.331494330999931 ], [ 112.765823365000188, -7.331680773999892 ], [ 112.766166687, -7.331820010999934 ], [ 112.766548157000102, -7.331933020999884 ], [ 112.76667022800018, -7.331970214999956 ], [ 112.766914367000027, -7.332010268999966 ], [ 112.766990662000012, -7.332013606999965 ], [ 112.76721954300001, -7.331940173999953 ], [ 112.767356872000164, -7.331894396999871 ], [ 112.767486573000156, -7.331850051999936 ], [ 112.767807006000112, -7.331820010999934 ], [ 112.767906188000097, -7.331799984999975 ], [ 112.768157960000167, -7.331524848999948 ], [ 112.768280028000163, -7.331369876999929 ], [ 112.768417359000068, -7.33127021699994 ], [ 112.768745422000052, -7.331278322999879 ], [ 112.769416809000177, -7.331308841999942 ], [ 112.769653320000089, -7.331319809999968 ], [ 112.770240783000077, -7.331250190999981 ], [ 112.770523071000184, -7.331220149999979 ], [ 112.770675660000279, -7.331222534999881 ], [ 112.770973207000111, -7.33123016299993 ], [ 112.771240234000061, -7.331246853999971 ], [ 112.771781922000173, -7.33128023099988 ], [ 112.771934509000062, -7.331285 ], [ 112.772277833000089, -7.331296920999932 ], [ 112.772361755000247, -7.331299780999814 ], [ 112.772727966000048, -7.331339835999927 ], [ 112.773040771000296, -7.331359863999978 ], [ 112.774765014000081, -7.331465720999972 ], [ 112.774841308000191, -7.331470011999954 ], [ 112.775344849000021, -7.331479071999979 ], [ 112.775657654000042, -7.331480026999884 ], [ 112.775924684000074, -7.331489562999877 ], [ 112.77642822200005, -7.331530093999959 ], [ 112.776962280000134, -7.331548212999962 ], [ 112.777641297000059, -7.331580161999909 ], [ 112.77805328400018, -7.331600187999868 ], [ 112.778732300000229, -7.331638336999958 ], [ 112.778938293000124, -7.331649779999907 ], [ 112.7792663580002, -7.331665037999926 ], [ 112.779380798000034, -7.331669805999979 ], [ 112.779556274000015, -7.331669805999979 ], [ 112.779960633000201, -7.331679820999966 ], [ 112.7804489130001, -7.331679820999966 ], [ 112.78077697800029, -7.3316907869999 ], [ 112.781036376000088, -7.33169936999991 ], [ 112.781173707000335, -7.331705569999883 ], [ 112.781471251000085, -7.331718443999875 ], [ 112.781753540000068, -7.331734656999913 ], [ 112.782051086000024, -7.331751822999934 ], [ 112.782188415000064, -7.331759929999976 ], [ 112.782508850000227, -7.331779955999934 ], [ 112.783012391000057, -7.331820010999934 ], [ 112.783157348000032, -7.331820010999934 ], [ 112.783592223000255, -7.331840038999928 ], [ 112.7839965820001, -7.331860064999887 ], [ 112.784362794000117, -7.331860064999887 ], [ 112.784606933000191, -7.331860064999887 ], [ 112.785331727000084, -7.331853866999893 ], [ 112.785797119000108, -7.331850051999936 ], [ 112.785949706000224, -7.331853389999878 ], [ 112.786262513000224, -7.331860064999887 ], [ 112.78674316300021, -7.331880092999938 ], [ 112.787178039000082, -7.331910132999951 ], [ 112.787368775000118, -7.331923960999916 ], [ 112.787536621000299, -7.331930160999946 ], [ 112.787818909000066, -7.331950186999961 ], [ 112.787940979000041, -7.331999778999887 ], [ 112.788032531000113, -7.332079887999953 ], [ 112.788116455000136, -7.332200050999973 ], [ 112.788276673000041, -7.332260130999941 ], [ 112.788352966000048, -7.332270143999892 ], [ 112.788978576000318, -7.332409857999892 ], [ 112.790397644000109, -7.332749843999977 ], [ 112.790542604000052, -7.332779882999887 ], [ 112.791313172000059, -7.33295011599995 ], [ 112.791694640000173, -7.332993982999938 ], [ 112.79189300500002, -7.333015918999877 ], [ 112.79219055100009, -7.333049772999914 ], [ 112.793991088000098, -7.333260057999894 ], [ 112.794296265000071, -7.33330011299995 ], [ 112.794761657000208, -7.333370207999963 ], [ 112.795448304000047, -7.333320140999888 ], [ 112.795822144000113, -7.333280086999878 ], [ 112.796073913000214, -7.333245276999946 ], [ 112.79685211200001, -7.333139894999931 ], [ 112.797492982000108, -7.33304023799991 ], [ 112.797660827000072, -7.333017348999817 ], [ 112.797866822000174, -7.33299016999996 ], [ 112.798423768000021, -7.332930087999955 ], [ 112.799308777000192, -7.332819937999886 ], [ 112.799423217000026, -7.332799911999928 ], [ 112.799644470000203, -7.33275937999997 ], [ 112.800033569000107, -7.332689761999973 ], [ 112.800277710000159, -7.332650184999977 ], [ 112.801231385000051, -7.332540034999909 ], [ 112.80161285500003, -7.332469940999886 ], [ 112.803451539000093, -7.332169531999909 ], [ 112.804153442000029, -7.332069872999909 ], [ 112.804496765000067, -7.331999778999887 ], [ 112.804771423000034, -7.331920147999881 ], [ 112.805007934000059, -7.331797121999841 ], [ 112.805320739000081, -7.331639766999956 ], [ 112.805526733000079, -7.331550120999907 ], [ 112.805747986000142, -7.331490039999835 ], [ 112.806701661000261, -7.331459998999946 ], [ 112.807022094000217, -7.331439972999931 ], [ 112.807716369000218, -7.33123016299993 ], [ 112.808059692000143, -7.331120012999861 ], [ 112.808273315000065, -7.331099986999959 ], [ 112.808517456000118, -7.331079482999883 ], [ 112.808631897000282, -7.331069945999957 ], [ 112.808883668000021, -7.331059932999949 ], [ 112.80919647300027, -7.331049918999895 ], [ 112.809776305000128, -7.331039903999965 ], [ 112.809921264000081, -7.331029890999957 ], [ 112.810111999000014, -7.331017492999877 ], [ 112.811477662000129, -7.330930233999879 ], [ 112.812438965000183, -7.330870150999942 ], [ 112.813438416000167, -7.330739974999858 ], [ 112.81376648000014, -7.330679891999921 ], [ 112.813957214000084, -7.330649852999954 ], [ 112.814331054000149, -7.33058977099995 ], [ 112.814712524000242, -7.330550193999954 ], [ 112.814888000000224, -7.330530164999971 ], [ 112.815269470000317, -7.330609798999944 ], [ 112.815658568000231, -7.330619811999952 ], [ 112.816307068000015, -7.33062982499996 ], [ 112.817260743000134, -7.33058977099995 ], [ 112.817489624000018, -7.330570219999913 ], [ 112.817749024000136, -7.330619811999952 ], [ 112.818107605000023, -7.330739974999858 ], [ 112.818420410000044, -7.330790041999933 ], [ 112.818939209000064, -7.33070993399997 ], [ 112.819618226000102, -7.330560206999905 ], [ 112.820190430000025, -7.33050012599989 ], [ 112.820762635000165, -7.330490110999961 ], [ 112.821037293000018, -7.33050012599989 ], [ 112.821388244000104, -7.330510138999955 ], [ 112.821670532000098, -7.33050012599989 ], [ 112.82198333700012, -7.330389975999935 ], [ 112.822128296000074, -7.330339908999974 ], [ 112.822280884000065, -7.330339908999974 ], [ 112.822570800000108, -7.33046007199988 ], [ 112.823371887, -7.330850124999927 ], [ 112.823547363000216, -7.33092021899995 ], [ 112.824302673000147, -7.330860137999935 ], [ 112.824897766000049, -7.330830096999932 ], [ 112.825317383000083, -7.330860137999935 ], [ 112.825859069000103, -7.331009864999885 ], [ 112.825958251000202, -7.331089973999951 ], [ 112.826019286000019, -7.331190108999976 ], [ 112.826080322000053, -7.331309793999935 ], [ 112.826118469000107, -7.331389902999888 ], [ 112.826156615000059, -7.331480026999884 ], [ 112.826187134000065, -7.331560133999972 ], [ 112.82621765100032, -7.331649779999907 ], [ 112.826263428000289, -7.331729888999973 ], [ 112.82630157400024, -7.331820010999934 ], [ 112.826347351000209, -7.331950186999961 ], [ 112.826393126000198, -7.332009791999951 ], [ 112.826423645000091, -7.332079887999953 ], [ 112.826461792000032, -7.332149980999816 ], [ 112.826499939000087, -7.332220076999931 ], [ 112.826553344000104, -7.332290172999933 ], [ 112.826599121000072, -7.332369803999882 ], [ 112.826660156000116, -7.332449912999948 ], [ 112.82672119200015, -7.332530020999968 ], [ 112.826789855000015, -7.332610129999978 ], [ 112.827033996000068, -7.332865236999908 ], [ 112.826911926000093, -7.333069801999955 ], [ 112.826873779000039, -7.333260057999894 ], [ 112.826858521000077, -7.33347988099996 ], [ 112.82685089000006, -7.333819866999931 ], [ 112.826766969000118, -7.334169863999875 ], [ 112.826728822000064, -7.334400176999907 ], [ 112.82673645000034, -7.335110186999941 ], [ 112.826652526000203, -7.335380076999911 ], [ 112.826507569000114, -7.335810184999957 ], [ 112.826446534000183, -7.336160181999958 ], [ 112.826370240000074, -7.33646011299993 ], [ 112.826271058000202, -7.336850165999977 ], [ 112.826133729000162, -7.337450026999932 ], [ 112.826026917000036, -7.337850092999929 ], [ 112.825942993000012, -7.338300226999934 ], [ 112.825828552000189, -7.338570116999961 ], [ 112.825737000000117, -7.338650225999857 ], [ 112.825660705000246, -7.338709830999903 ], [ 112.825500489000092, -7.338870047999933 ], [ 112.825363158000073, -7.339039801999945 ], [ 112.82534027200029, -7.339124202999926 ], [ 112.825363158000073, -7.33936023699988 ], [ 112.82543182400002, -7.33945989599988 ], [ 112.825599671000191, -7.339700221999976 ], [ 112.825881957000092, -7.34029006999998 ], [ 112.825988770000095, -7.340509890999954 ], [ 112.826011658000084, -7.340849875999936 ], [ 112.82595062300004, -7.341330050999886 ], [ 112.825927734000061, -7.341710090999811 ], [ 112.825889588000109, -7.342239855999935 ], [ 112.825881957000092, -7.342426299999829 ], [ 112.825866699000017, -7.342589854999972 ], [ 112.825897218000023, -7.343219756999929 ], [ 112.825683593, -7.343300340999917 ], [ 112.82559204100005, -7.343328474999964 ], [ 112.825508117000027, -7.343353748999903 ], [ 112.825424194000107, -7.343376159999877 ], [ 112.825347900000224, -7.34339618599995 ], [ 112.825225829000146, -7.343427181999971 ], [ 112.825126647000161, -7.343447684999944 ], [ 112.825035095000203, -7.343460558999936 ], [ 112.824913024000125, -7.343469141999947 ], [ 112.824829101000205, -7.343472956999904 ], [ 112.824737549000247, -7.343476294999903 ], [ 112.824630736000017, -7.343479631999912 ], [ 112.824508668000021, -7.343482971999947 ], [ 112.824386597000171, -7.343485354999871 ], [ 112.824249268000131, -7.343486784999925 ], [ 112.824104309000063, -7.343487739999887 ], [ 112.823959350000109, -7.34348726199994 ], [ 112.823814393000248, -7.343485354999871 ], [ 112.82366180300005, -7.343482016999872 ], [ 112.823516846000075, -7.343477248999932 ], [ 112.823379517000149, -7.343471526999963 ], [ 112.823234558000195, -7.343464373999893 ], [ 112.823097229000041, -7.343457220999937 ], [ 112.822967528000049, -7.343449115999874 ], [ 112.822837830000026, -7.343440532999978 ], [ 112.822708131000013, -7.343432426999925 ], [ 112.822593688000097, -7.343423841999936 ], [ 112.822479248000036, -7.343415736999873 ], [ 112.822372436000023, -7.343407630999934 ], [ 112.822265625000227, -7.343399523999949 ], [ 112.822166443000015, -7.343391417999896 ], [ 112.822074891000057, -7.343382834999943 ], [ 112.82198333700012, -7.343374251999933 ], [ 112.821891785000162, -7.343365191999965 ], [ 112.821807861000138, -7.343355655999972 ], [ 112.821723938000218, -7.343346117999886 ], [ 112.821640014000195, -7.343336582999939 ], [ 112.821502685000155, -7.343317984999885 ], [ 112.821380616000056, -7.343302725999934 ], [ 112.821289062000119, -7.34329175799985 ], [ 112.821189880000247, -7.343285082999898 ], [ 112.8210830700001, -7.343288420999841 ], [ 112.820983888000114, -7.343295095999963 ], [ 112.820861817000036, -7.34330511099995 ], [ 112.820785523000154, -7.343310831999929 ], [ 112.820640564000087, -7.343323229999953 ], [ 112.820564270000204, -7.343329904999962 ], [ 112.820487977000198, -7.343336582999939 ], [ 112.820350648000272, -7.343349932999956 ], [ 112.82022094700028, -7.343361853999966 ], [ 112.820106507000105, -7.343371866999973 ], [ 112.820014955000147, -7.343379019999873 ], [ 112.819938659000059, -7.343382357999872 ], [ 112.819824218000235, -7.343377111999871 ], [ 112.81970214800026, -7.343351363999886 ], [ 112.819625854000037, -7.343326091999927 ], [ 112.819137574000138, -7.343480586999931 ], [ 112.819007873000146, -7.343523501999925 ], [ 112.818756103000055, -7.343519686999969 ], [ 112.81849670400004, -7.343604564999964 ], [ 112.818374633000076, -7.343653201999928 ], [ 112.818077087, -7.343779085999927 ], [ 112.817802429000039, -7.343907831999843 ], [ 112.817520141000159, -7.344018459999916 ], [ 112.817436219000115, -7.344061851999868 ], [ 112.817329407000102, -7.344084262999957 ], [ 112.81725311300022, -7.344119071999899 ], [ 112.81717681900011, -7.344163893999962 ], [ 112.817108154000039, -7.344207285999914 ], [ 112.817016602000081, -7.344263075999947 ], [ 112.816909789000078, -7.344326971999976 ], [ 112.816802979000272, -7.344392776999882 ], [ 112.816703797000059, -7.344454764999966 ], [ 112.816604615000074, -7.344508647999817 ], [ 112.816513061000137, -7.344554424999956 ], [ 112.816429139000093, -7.344594953999945 ], [ 112.816352843000118, -7.344631670999945 ], [ 112.816268922000063, -7.344666479999887 ], [ 112.81618499800004, -7.344698905999905 ], [ 112.816101074000017, -7.344729422999876 ], [ 112.816024780000134, -7.344757078999919 ], [ 112.815940857000214, -7.344781397999895 ], [ 112.815872193000018, -7.344803333999948 ], [ 112.815773011000147, -7.344832419999932 ], [ 112.815696717000037, -7.34485959899996 ], [ 112.815620422000052, -7.344893455999966 ], [ 112.815528870000094, -7.344946860999926 ], [ 112.815444946000071, -7.344998835999945 ], [ 112.815338135000047, -7.345059870999933 ], [ 112.815231323000262, -7.345125198999938 ], [ 112.815124511000135, -7.34519004699996 ], [ 112.81502532900015, -7.345250606999912 ], [ 112.814933777000192, -7.345305919999873 ], [ 112.814857483000083, -7.345357417999878 ], [ 112.8147811890002, -7.345405101999916 ], [ 112.814720154000156, -7.34545135399992 ], [ 112.814659119000225, -7.345498083999871 ], [ 112.814598083000078, -7.345549105999908 ], [ 112.814529418, -7.345607280999957 ], [ 112.814445496000189, -7.345674514999928 ], [ 112.814361572000166, -7.345747947999939 ], [ 112.814277649000019, -7.345822811999938 ], [ 112.814109803000065, -7.345877646999952 ], [ 112.813323974000127, -7.346130848999906 ], [ 112.812934876000099, -7.34628057599997 ], [ 112.812828063000211, -7.346281050999892 ], [ 112.812683106, -7.346287725999957 ], [ 112.812316894000105, -7.346291063999956 ], [ 112.812217712000233, -7.346274375999883 ], [ 112.81213378800021, -7.346294403999934 ], [ 112.812026978000063, -7.346311569999955 ], [ 112.810874939000087, -7.346221922999973 ], [ 112.810752868, -7.34619903499987 ], [ 112.810623170000099, -7.346233843999926 ], [ 112.810501099000021, -7.346196651999946 ], [ 112.809837341000048, -7.346043586999883 ], [ 112.808769226000209, -7.345799922999959 ], [ 112.808555603000059, -7.345768928999973 ], [ 112.808464051000101, -7.345748423999964 ], [ 112.808380127000078, -7.345738409999967 ], [ 112.808273315000065, -7.345734119999975 ], [ 112.808197021000183, -7.345733642999903 ], [ 112.808105469000111, -7.345733642999903 ], [ 112.807937622000168, -7.345734119999975 ], [ 112.807746887000235, -7.345734119999975 ], [ 112.807609558000195, -7.345732687999941 ], [ 112.807533265000188, -7.345731734999958 ], [ 112.807395936000034, -7.345728396999903 ], [ 112.807258607000335, -7.345724581999946 ], [ 112.807136536000144, -7.345721721999894 ], [ 112.807037354000045, -7.345720766999932 ], [ 112.806953430000021, -7.345722674999877 ], [ 112.806861878000291, -7.345729827999946 ], [ 112.806762696000078, -7.345754145999933 ], [ 112.806678772000055, -7.345819948999974 ], [ 112.806625367000038, -7.345908165999958 ], [ 112.806259155000248, -7.34598398199995 ], [ 112.806175231000225, -7.346002102999933 ], [ 112.805824280000024, -7.34600353299993 ], [ 112.804840089000095, -7.345755100999895 ], [ 112.804367066000282, -7.345700740999973 ], [ 112.804115295000315, -7.345639227999925 ], [ 112.803916931000117, -7.345592020999902 ], [ 112.803802490000066, -7.345566271999928 ], [ 112.803695678000167, -7.345546245999969 ], [ 112.803604126000209, -7.34553050999989 ], [ 112.8035278320001, -7.345518587999891 ], [ 112.803398131000108, -7.345505236999941 ], [ 112.803306579000036, -7.34549999199993 ], [ 112.803192139000316, -7.345498561999932 ], [ 112.803100585000038, -7.345501898999942 ], [ 112.803001403000167, -7.34550857499994 ], [ 112.802917481, -7.345516204999967 ], [ 112.802818299000137, -7.345529555999974 ], [ 112.802742005000027, -7.345541475999937 ], [ 112.80265045100009, -7.345558641999901 ], [ 112.802566527000067, -7.345575332999942 ], [ 112.802482606000012, -7.345591067999919 ], [ 112.802383423000038, -7.345610141999828 ], [ 112.802307130000031, -7.345622539999965 ], [ 112.802169799000126, -7.345610618999956 ], [ 112.802062989000206, -7.345572471999901 ], [ 112.801986695000096, -7.345545290999951 ], [ 112.801902771000073, -7.345513344999972 ], [ 112.801811219000115, -7.345478057999912 ], [ 112.801719665000178, -7.345440386999883 ], [ 112.801628113000106, -7.345403671999975 ], [ 112.80155181900011, -7.345370767999896 ], [ 112.801452637000125, -7.345334053999977 ], [ 112.801368714000205, -7.345310687999927 ], [ 112.801292420000095, -7.3452997199999 ], [ 112.801216126000213, -7.34529113699989 ], [ 112.801124572000049, -7.345282076999922 ], [ 112.801025390000063, -7.345273970999813 ], [ 112.800926208000192, -7.34526920299993 ], [ 112.800827026000093, -7.345268248999957 ], [ 112.800743104000276, -7.345271585999967 ], [ 112.800666808000187, -7.34527778599994 ], [ 112.800590515000181, -7.345285415999967 ], [ 112.800491333000195, -7.345300196999915 ], [ 112.800415039000086, -7.34531450299994 ], [ 112.80033874500009, -7.345335483999918 ], [ 112.800254821000294, -7.345364569999958 ], [ 112.800155639000081, -7.345400809999887 ], [ 112.800056457000096, -7.345438955999953 ], [ 112.799964905000138, -7.345473289999973 ], [ 112.799880981000115, -7.345499513999926 ], [ 112.79975891100014, -7.345523357999923 ], [ 112.799613954000165, -7.345517634999965 ], [ 112.799530030000142, -7.345491408999862 ], [ 112.799430848000043, -7.345425605999935 ], [ 112.799385071000074, -7.345369815999902 ], [ 112.799331666000057, -7.345290183999907 ], [ 112.799270630000137, -7.34519862999997 ], [ 112.79920959500032, -7.34512472199998 ], [ 112.799133301000097, -7.345064638999872 ], [ 112.799057008000091, -7.345026016999896 ], [ 112.798973084000068, -7.344988344999877 ], [ 112.798866271000179, -7.344946382999979 ], [ 112.798782348000032, -7.344921111999838 ], [ 112.798683167000149, -7.344906328999969 ], [ 112.798576355000023, -7.344927786999961 ], [ 112.798500062000016, -7.344964980999976 ], [ 112.798431396000183, -7.345011233999912 ], [ 112.79836273300009, -7.34506750099996 ], [ 112.798278809000067, -7.345139026999902 ], [ 112.798225404000164, -7.34519004699996 ], [ 112.79815673800033, -7.345225333999963 ], [ 112.798057556000117, -7.345234871999935 ], [ 112.797966004000045, -7.345241546999944 ], [ 112.797843933000081, -7.345251082999937 ], [ 112.797706604000041, -7.345263002999957 ], [ 112.797561645000087, -7.345275878999871 ], [ 112.797431946000074, -7.345289706999949 ], [ 112.797302246000186, -7.345303534999971 ], [ 112.797210694000228, -7.34531545599998 ], [ 112.797126770000204, -7.345327853999891 ] ] ] ] } },
{ "type": "Feature", "properties": { "GID_3": "IDN.11.35.10_1", "GID_0": "IDN", "COUNTRY": "Indonesia", "GID_1": "IDN.11_1", "NAME_1": "Jawa Timur", "NL_NAME_1": "NA", "GID_2": "IDN.11.35_1", "NAME_2": "Surabaya", "NL_NAME_2": "NA", "NAME_3": "Jambangan", "VARNAME_3": "NA", "NL_NAME_3": "NA", "TYPE_3": "Kecamatan", "ENGTYPE_3": "Sub-district", "CC_3": "3578020", "HASC_3": "NA", "LULC2021": 95, "LULC2022": 95, "LULC2023": 96, "LULC2024": 96, "Kecamatan": "Jambangan", "UFSI": 4081822991930000.0, "Kelas_Gena": "Rendah", "n_titik_PU": 2, "Kelas_PU_2": "Rendah", "Validasi": "Match", "Risiko_DBD": "15.741.681.260.436.800", "Kelas_DBD": "Sangat Rendah", "Ranking": 30 }, "geometry": { "type": "MultiPolygon", "coordinates": [ [ [ [ 112.715103149000015, -7.339640139999972 ], [ 112.714843749000011, -7.339570045999949 ], [ 112.714630127000191, -7.339509963999944 ], [ 112.713882446000184, -7.339280127999928 ], [ 112.713729859000068, -7.339230059999977 ], [ 112.713531495000211, -7.33919000599991 ], [ 112.713439941000047, -7.339169979999951 ], [ 112.713111878000063, -7.339054584999928 ], [ 112.712898255000027, -7.338997839999934 ], [ 112.71217346200001, -7.338788509999915 ], [ 112.71164703400018, -7.338604450999981 ], [ 112.711219787000232, -7.338480949999962 ], [ 112.710975648000044, -7.338396548999981 ], [ 112.71049499500009, -7.338299751999898 ], [ 112.710273742000027, -7.338199614999951 ], [ 112.709968568000022, -7.33811759799994 ], [ 112.709739685000159, -7.338055132999898 ], [ 112.709518432000095, -7.338007449999964 ], [ 112.709251404000042, -7.337929724999924 ], [ 112.708526611000025, -7.337692260999972 ], [ 112.708114624000132, -7.337583065999922 ], [ 112.708023072000174, -7.337470530999951 ], [ 112.70809936500018, -7.337337970999897 ], [ 112.70793914800015, -7.337315557999887 ], [ 112.707534789000192, -7.337290763999818 ], [ 112.707260131000339, -7.337236881999956 ], [ 112.707000732000097, -7.337184428999876 ], [ 112.70631408700001, -7.336982249999949 ], [ 112.705879211000138, -7.336853026999904 ], [ 112.705642700000226, -7.336758613999905 ], [ 112.705421448000038, -7.336626052999975 ], [ 112.705139160000272, -7.336441516999969 ], [ 112.705055238000114, -7.336389541999949 ], [ 112.704841613000099, -7.336256503999948 ], [ 112.704780578000054, -7.336216448999835 ], [ 112.704719544000227, -7.336100100999886 ], [ 112.704788208000195, -7.336009978999869 ], [ 112.704841613000099, -7.33593988399997 ], [ 112.704933167000036, -7.335830210999916 ], [ 112.704978942000025, -7.335770130999947 ], [ 112.705032349000021, -7.335710047999953 ], [ 112.705108643000017, -7.335609912999928 ], [ 112.705192567000154, -7.335509775999981 ], [ 112.705276488000095, -7.335400103999973 ], [ 112.70532989600008, -7.335340022999958 ], [ 112.705406189000087, -7.335239885999954 ], [ 112.705482483000196, -7.335140228999933 ], [ 112.705558777000078, -7.335030078999978 ], [ 112.705619812000123, -7.334949969999911 ], [ 112.70567321700014, -7.334859847999951 ], [ 112.705726624000022, -7.334780216999945 ], [ 112.705772399000011, -7.334710120999887 ], [ 112.705818176000321, -7.334650038999882 ], [ 112.705879211000138, -7.334559916999979 ], [ 112.705932617000144, -7.334479807999912 ], [ 112.705993652000075, -7.334400176999907 ], [ 112.706047057000205, -7.334320067999954 ], [ 112.706123353000066, -7.334199904999934 ], [ 112.706192016000159, -7.334099769999909 ], [ 112.706268310000041, -7.333980083999961 ], [ 112.706306457000096, -7.333909988999949 ], [ 112.706352234000065, -7.333839892999947 ], [ 112.706398011000033, -7.333779811999932 ], [ 112.706443786000023, -7.333710193999934 ], [ 112.706481935000056, -7.333640097999933 ], [ 112.706520081, -7.333570002999977 ], [ 112.706558228000063, -7.333499908999954 ], [ 112.706596375000117, -7.333429813999942 ], [ 112.706642150000107, -7.333360194999955 ], [ 112.706680299000027, -7.333290099999886 ], [ 112.706733704000044, -7.333209990999933 ], [ 112.706771851000099, -7.333139894999931 ], [ 112.706809998000153, -7.333059787999957 ], [ 112.706863403000057, -7.332980154999916 ], [ 112.706909180000025, -7.332900045999963 ], [ 112.70694732700008, -7.332809924999879 ], [ 112.707000732000097, -7.332729815999926 ], [ 112.707046509000065, -7.332650184999977 ], [ 112.70710754400011, -7.332558632999962 ], [ 112.707138061000023, -7.332489966999958 ], [ 112.707176208000078, -7.332419870999956 ], [ 112.707260131000339, -7.332290172999933 ], [ 112.707328797000173, -7.332180022999978 ], [ 112.707397460000038, -7.332079887999953 ], [ 112.707450867000148, -7.332009791999951 ], [ 112.707519531000116, -7.331920147999881 ], [ 112.707603455000026, -7.331830023999885 ], [ 112.707679748000032, -7.331739901999981 ], [ 112.707786561000034, -7.331620215999919 ], [ 112.707839966000051, -7.331570148999958 ], [ 112.707893371000182, -7.331520078999915 ], [ 112.70793914800015, -7.331459998999946 ], [ 112.708000183000081, -7.331409930999939 ], [ 112.708061219000228, -7.331349848999935 ], [ 112.708122254000045, -7.33128023099988 ], [ 112.708190917000138, -7.331220149999979 ], [ 112.70826721100002, -7.33115005399992 ], [ 112.708351135000044, -7.331069945999957 ], [ 112.708442689000094, -7.330989836999947 ], [ 112.708526611000025, -7.330910205999885 ], [ 112.708633423000151, -7.330830096999932 ], [ 112.708717347000174, -7.33074998799998 ], [ 112.708808899000019, -7.330669878999913 ], [ 112.708892823000042, -7.330599783999958 ], [ 112.708969116000048, -7.330530164999971 ], [ 112.709053040000072, -7.330470084999888 ], [ 112.709106445000202, -7.33041000399993 ], [ 112.709167481000236, -7.330359934999933 ], [ 112.709220886000139, -7.330309866999869 ], [ 112.709320068000011, -7.330220222999912 ], [ 112.710006715000077, -7.32945585199991 ], [ 112.710304261000147, -7.329106330999934 ], [ 112.710350036000136, -7.328985212999953 ], [ 112.710487365000063, -7.328599929999882 ], [ 112.710456848000035, -7.327711105999981 ], [ 112.710449218, -7.327488899999878 ], [ 112.710441590000073, -7.327260016999958 ], [ 112.710388183000191, -7.326869010999928 ], [ 112.71035766600005, -7.326677321999966 ], [ 112.710289001000092, -7.326167105999957 ], [ 112.71021270700021, -7.325590133999981 ], [ 112.710189819000107, -7.32526159299988 ], [ 112.710182190000069, -7.325079916999869 ], [ 112.710159302000193, -7.324742316999902 ], [ 112.710113525000224, -7.323863029999927 ], [ 112.710136414000203, -7.323579786999915 ], [ 112.71021270700021, -7.322735784999963 ], [ 112.710258484000178, -7.322140216999912 ], [ 112.710411071000067, -7.321378230999926 ], [ 112.710533142000031, -7.320767402999934 ], [ 112.710578919000113, -7.320549964999941 ], [ 112.710609436000141, -7.320452212999953 ], [ 112.71071624800004, -7.320091723999951 ], [ 112.710891724000021, -7.319517133999966 ], [ 112.710975648000044, -7.319236277999892 ], [ 112.711021423000034, -7.319080352999947 ], [ 112.711051941000051, -7.31899022999994 ], [ 112.711067200000116, -7.318874358999949 ], [ 112.711204529000042, -7.318038462999823 ], [ 112.711212159000183, -7.317807673999823 ], [ 112.711235047000059, -7.317306995999957 ], [ 112.711257934000059, -7.316657064999902 ], [ 112.711280822000049, -7.31610012099992 ], [ 112.71128845200019, -7.315882205999912 ], [ 112.711318969000104, -7.314811228999872 ], [ 112.711341858000083, -7.314239978999922 ], [ 112.711341858000083, -7.313746928999933 ], [ 112.711341858000083, -7.31345558199996 ], [ 112.711349488000224, -7.312749861999919 ], [ 112.711357116000158, -7.312509535999936 ], [ 112.71142578100023, -7.31200647199995 ], [ 112.711532594000118, -7.311098574999903 ], [ 112.711692809000283, -7.310311317999947 ], [ 112.71181488000002, -7.309634208999967 ], [ 112.712181092000151, -7.309050083999978 ], [ 112.712516785000048, -7.308709619999945 ], [ 112.712623595000082, -7.308603286999926 ], [ 112.712890625000114, -7.308330059999889 ], [ 112.713073731, -7.308207511999967 ], [ 112.713760376000209, -7.30775022499995 ], [ 112.713882446000184, -7.307731628999932 ], [ 112.714111327000069, -7.307695864999914 ], [ 112.714225770000212, -7.307677268999953 ], [ 112.714790344000335, -7.307590007999977 ], [ 112.71489715600012, -7.307605265999882 ], [ 112.715370179000047, -7.307674883999937 ], [ 112.716339112000014, -7.307816027999934 ], [ 112.717071533000194, -7.307921885999974 ], [ 112.717948914000203, -7.308050154999933 ], [ 112.71803283600002, -7.308048723999889 ], [ 112.720802308000088, -7.308000086999868 ], [ 112.721267700000226, -7.307933330999958 ], [ 112.722976685000049, -7.307690142999888 ], [ 112.723052979000045, -7.307645797999953 ], [ 112.723266601000091, -7.307683944999894 ], [ 112.723083495000083, -7.31020307499989 ], [ 112.722846984000284, -7.31249523199989 ], [ 112.722404481000012, -7.315131663999921 ], [ 112.72235107400013, -7.315655707999952 ], [ 112.722244263000107, -7.316264151999917 ], [ 112.722229005000031, -7.316340445999913 ], [ 112.722488403000057, -7.316413878999981 ], [ 112.722579956000232, -7.316450117999921 ], [ 112.723991395000212, -7.316985607999925 ], [ 112.724273681000113, -7.317090034999865 ], [ 112.725288391000049, -7.317470072999868 ], [ 112.725570679000157, -7.317570209999872 ], [ 112.725883484000178, -7.317669867999939 ], [ 112.726158142000031, -7.317770004999886 ], [ 112.726295471000071, -7.317813396999952 ], [ 112.72647857700008, -7.317870139999911 ], [ 112.726417541000046, -7.317949770999917 ], [ 112.726181030000134, -7.318240164999963 ], [ 112.726020813000105, -7.318459986999869 ], [ 112.725364685000159, -7.319317816999956 ], [ 112.725219728000184, -7.319502830999909 ], [ 112.725128174000019, -7.319620131999955 ], [ 112.724716187000126, -7.320119856999895 ], [ 112.724060058000077, -7.320935247999955 ], [ 112.723960876000092, -7.321058273999938 ], [ 112.723739624000245, -7.321330068999941 ], [ 112.723587036000026, -7.321519850999948 ], [ 112.723236085000053, -7.321988104999946 ], [ 112.72251129100016, -7.322949884999957 ], [ 112.722358704000044, -7.323131083999897 ], [ 112.722251891000155, -7.323259829999927 ], [ 112.721878051000317, -7.32368993699987 ], [ 112.721717834000287, -7.323877810999875 ], [ 112.721626282000216, -7.323979853999958 ], [ 112.721557616000041, -7.324069976999965 ], [ 112.720870972000057, -7.324989795999954 ], [ 112.720237732000214, -7.325722216999907 ], [ 112.720085145000098, -7.325900553999929 ], [ 112.720001221000075, -7.326000212999929 ], [ 112.719810487000132, -7.326250076999884 ], [ 112.719207764000089, -7.327050208999935 ], [ 112.718940736000036, -7.327400205999936 ], [ 112.718238831000122, -7.328269958999954 ], [ 112.718009950000123, -7.328549861999932 ], [ 112.718482972000174, -7.328609942999833 ], [ 112.718559266000057, -7.328619955999955 ], [ 112.719047546000184, -7.328680037999959 ], [ 112.719627381000123, -7.32877015999992 ], [ 112.719741821000184, -7.328781605999893 ], [ 112.719505310000045, -7.330339430999913 ], [ 112.719482422000056, -7.331037043999913 ], [ 112.719200133000072, -7.333264350999912 ], [ 112.718833924000023, -7.335682391999967 ], [ 112.718627929000036, -7.335649966999938 ], [ 112.718109132000109, -7.335539816999869 ], [ 112.717399597000167, -7.335400103999973 ], [ 112.717033387000015, -7.33533000999995 ], [ 112.716896058000088, -7.335311411999896 ], [ 112.716781617000038, -7.335294245999933 ], [ 112.716758729000048, -7.335459708999906 ], [ 112.716651916000046, -7.336278914999923 ], [ 112.7166214, -7.336446284999909 ], [ 112.716476441000168, -7.33747720599996 ], [ 112.716400147000058, -7.338066577999882 ], [ 112.716362000000345, -7.338259696999955 ], [ 112.716552734000174, -7.338300226999934 ], [ 112.717002868000122, -7.338399886999923 ], [ 112.71733856100002, -7.338479994999886 ], [ 112.717742920000205, -7.338560103999953 ], [ 112.717826844000228, -7.338590144999955 ], [ 112.717727662000016, -7.339069842999947 ], [ 112.717689515000188, -7.339240072999871 ], [ 112.717658996000068, -7.339419841999927 ], [ 112.717559814000197, -7.339849948999927 ], [ 112.717468262000011, -7.34028005499988 ], [ 112.717430115000184, -7.340351104999968 ], [ 112.717056275, -7.340240954999956 ], [ 112.716949463000219, -7.340209960999857 ], [ 112.716560364000088, -7.340089797999951 ], [ 112.716247558000077, -7.339980124999954 ], [ 112.716102600000227, -7.339932917999931 ], [ 112.715682983000079, -7.33979987999993 ], [ 112.715103149000015, -7.339640139999972 ] ] ] ] } },
{ "type": "Feature", "properties": { "GID_3": "IDN.11.35.11_1", "GID_0": "IDN", "COUNTRY": "Indonesia", "GID_1": "IDN.11_1", "NAME_1": "Jawa Timur", "NL_NAME_1": "NA", "GID_2": "IDN.11.35_1", "NAME_2": "Surabaya", "NL_NAME_2": "NA", "NAME_3": "Karang Pilang", "VARNAME_3": "NA", "NL_NAME_3": "NA", "TYPE_3": "Kecamatan", "ENGTYPE_3": "Sub-district", "CC_3": "3578010", "HASC_3": "NA", "LULC2021": 72, "LULC2022": 72, "LULC2023": 73, "LULC2024": 73, "Kecamatan": "Karang Pilang", "UFSI": 5874728611250000.0, "Kelas_Gena": "Sedang", "n_titik_PU": 0, "Kelas_PU_2": "Rendah", "Validasi": "Tidak Match", "Risiko_DBD": "37.190.045.920.095.600", "Kelas_DBD": "Rendah", "Ranking": 19 }, "geometry": { "type": "MultiPolygon", "coordinates": [ [ [ [ 112.669799806000015, -7.351213454999879 ], [ 112.66903686500018, -7.351040838999836 ], [ 112.668815612000117, -7.351039408999895 ], [ 112.668548585000281, -7.351037500999894 ], [ 112.667701720000082, -7.351032733999944 ], [ 112.667320252000195, -7.351101873999824 ], [ 112.666198730000133, -7.351304530999869 ], [ 112.665977479000048, -7.351336954999908 ], [ 112.665534973000035, -7.351402758999939 ], [ 112.664810180000018, -7.351431369999887 ], [ 112.664566040000068, -7.351440429999968 ], [ 112.664581299000133, -7.350847719999933 ], [ 112.664703369000108, -7.349820613999952 ], [ 112.664695739000194, -7.34951972999994 ], [ 112.66468811100026, -7.349395273999903 ], [ 112.66465759200014, -7.349114417999942 ], [ 112.664604187000236, -7.348913668999955 ], [ 112.664596557000323, -7.348488330999942 ], [ 112.664604187000236, -7.348407744999918 ], [ 112.664634704000036, -7.347636698999906 ], [ 112.664703369000108, -7.346757887999956 ], [ 112.664787293000131, -7.345680236999954 ], [ 112.664886475000117, -7.344180584999947 ], [ 112.664970397000161, -7.34332227699997 ], [ 112.665054321000184, -7.342494487999943 ], [ 112.665077210000049, -7.342216490999874 ], [ 112.665145873000142, -7.341479300999879 ], [ 112.665199280000024, -7.340964793999945 ], [ 112.665252685000041, -7.340403555999956 ], [ 112.665130615000066, -7.340395926999975 ], [ 112.664970397000161, -7.340348719999952 ], [ 112.664810180000018, -7.340192317999879 ], [ 112.664604187000236, -7.340019701999836 ], [ 112.664474487, -7.339870929999961 ], [ 112.664413451000087, -7.339941500999942 ], [ 112.664184570000089, -7.339957236999908 ], [ 112.664047241000162, -7.339925765999965 ], [ 112.66395568900009, -7.339910029999885 ], [ 112.663864135000154, -7.339855194999814 ], [ 112.663711548000038, -7.339808464999919 ], [ 112.663612366000166, -7.339730261999932 ], [ 112.663414002000081, -7.339651584999842 ], [ 112.663154602000077, -7.339545249999901 ], [ 112.663185119000104, -7.339468955999905 ], [ 112.663192749000018, -7.339341640999976 ], [ 112.663085937, -7.339082240999971 ], [ 112.662719727000081, -7.338460444999953 ], [ 112.662414550000221, -7.337957857999925 ], [ 112.662246704000154, -7.337758063999956 ], [ 112.661682128000166, -7.337388991999944 ], [ 112.661514283000201, -7.337203502999955 ], [ 112.661422729000265, -7.337001800999872 ], [ 112.66139221200001, -7.33675813699989 ], [ 112.661254883000083, -7.336650846999873 ], [ 112.661231994000218, -7.336566447999928 ], [ 112.661155701000212, -7.336422443999936 ], [ 112.660942078000062, -7.336214065999968 ], [ 112.660881043000018, -7.335969447999901 ], [ 112.66114044200026, -7.335509775999981 ], [ 112.661720275000221, -7.334819793999827 ], [ 112.662147522000282, -7.33460998399994 ], [ 112.66246032700019, -7.334619998999926 ], [ 112.663208007000208, -7.334859847999951 ], [ 112.663291931000231, -7.334969997999906 ], [ 112.663398743000016, -7.335030078999978 ], [ 112.663856507000219, -7.335239885999954 ], [ 112.66413879300012, -7.335400103999973 ], [ 112.66449737500011, -7.335639951999894 ], [ 112.665130615000066, -7.33597993799998 ], [ 112.665191650000111, -7.335899828999914 ], [ 112.665229797000165, -7.335579871999926 ], [ 112.665252685000041, -7.335460185999978 ], [ 112.66535186700014, -7.335319994999907 ], [ 112.665618897000172, -7.335169791999931 ], [ 112.665802001000088, -7.335120199999892 ], [ 112.666061401000206, -7.335140228999933 ], [ 112.666481018000013, -7.335120199999892 ], [ 112.667198181000117, -7.334992408999881 ], [ 112.66732788000013, -7.334969997999906 ], [ 112.667861938000101, -7.335000036999929 ], [ 112.668067932000213, -7.335010051999916 ], [ 112.668495177000182, -7.335212229999968 ], [ 112.669120789000203, -7.335420131999911 ], [ 112.669548034000286, -7.335680006999951 ], [ 112.670181274000129, -7.336219786999948 ], [ 112.670791625000106, -7.33659982699993 ], [ 112.671302796000191, -7.336649893999891 ], [ 112.671768188000101, -7.336209773999883 ], [ 112.671752930000139, -7.336009978999869 ], [ 112.671676636000029, -7.335509775999981 ], [ 112.67170715300017, -7.335080145999939 ], [ 112.671722411000019, -7.334939956999904 ], [ 112.67170715300017, -7.334799765999946 ], [ 112.671730041000046, -7.334650038999882 ], [ 112.671691895000095, -7.334469794999904 ], [ 112.671638489000202, -7.334159849999935 ], [ 112.67185211200001, -7.334169863999875 ], [ 112.67244720500014, -7.334040164999976 ], [ 112.672760010000161, -7.334020138999904 ], [ 112.673057556000231, -7.334030151999968 ], [ 112.673530578000168, -7.334139823999976 ], [ 112.674629212000241, -7.334660053999926 ], [ 112.674659729000041, -7.334577082999886 ], [ 112.674621582000327, -7.334507941999959 ], [ 112.674659729000041, -7.334327697999981 ], [ 112.674629212000241, -7.334244251999962 ], [ 112.674636840000176, -7.33417034099989 ], [ 112.674736022000047, -7.333754061999912 ], [ 112.674743652000302, -7.333504199999936 ], [ 112.674835204000033, -7.333250044999886 ], [ 112.674919128000056, -7.333185194999942 ], [ 112.674995422000165, -7.333103655999935 ], [ 112.67517852800006, -7.33317518199982 ], [ 112.675575256000229, -7.333373545999962 ], [ 112.675910950000116, -7.333441733999848 ], [ 112.676994323000145, -7.333518982999919 ], [ 112.678390503000173, -7.333703518999926 ], [ 112.679138183000191, -7.333854197999869 ], [ 112.679450988000099, -7.333878516999903 ], [ 112.679832458000192, -7.333771704999947 ], [ 112.68012237500011, -7.333664893999924 ], [ 112.680931092000151, -7.333353994999868 ], [ 112.681678772000168, -7.332985399999927 ], [ 112.682304382000098, -7.332674502999964 ], [ 112.683624268000017, -7.33205318399996 ], [ 112.684104919000106, -7.331732748999912 ], [ 112.684272766000049, -7.331732748999912 ], [ 112.684417726000106, -7.331649779999907 ], [ 112.68451690600034, -7.331570148999958 ], [ 112.68530273500005, -7.331850051999936 ], [ 112.685493469000107, -7.331920147999881 ], [ 112.686111450000112, -7.332099913999912 ], [ 112.68634033100011, -7.332168578999926 ], [ 112.687042236000025, -7.332377433999966 ], [ 112.687355041000046, -7.332373618999952 ], [ 112.688858032000212, -7.332635401999937 ], [ 112.689163208000195, -7.332689283999912 ], [ 112.689994812000123, -7.332839488999923 ], [ 112.690399171000081, -7.332955836999872 ], [ 112.691345215000183, -7.333169458999976 ], [ 112.691955567000036, -7.333353994999868 ], [ 112.692184447000159, -7.333445548999975 ], [ 112.693466187000013, -7.333956240999953 ], [ 112.694053650000228, -7.334160327999882 ], [ 112.694709778000288, -7.334344386999931 ], [ 112.695510863000095, -7.334423064999953 ], [ 112.695686341000055, -7.333780764999915 ], [ 112.695953369000108, -7.333116053999902 ], [ 112.696006774000011, -7.332955836999872 ], [ 112.696281434000298, -7.331985472999975 ], [ 112.69632720900006, -7.331605432999879 ], [ 112.696281434000298, -7.331380844999956 ], [ 112.696304321000184, -7.331229685999972 ], [ 112.696311951000098, -7.330725191999875 ], [ 112.696228027000075, -7.330684661999896 ], [ 112.695762635000278, -7.330572604999929 ], [ 112.695579529000042, -7.330517291999968 ], [ 112.695426942000154, -7.330437660999962 ], [ 112.695190430000139, -7.330405711999902 ], [ 112.695236205000242, -7.330238341999916 ], [ 112.695304871000076, -7.33014535999996 ], [ 112.695373534000169, -7.329946517999929 ], [ 112.695404053000061, -7.32946300499998 ], [ 112.695320129000038, -7.329363822999937 ], [ 112.695037841000044, -7.328938960999949 ], [ 112.694854737000128, -7.328647136999962 ], [ 112.69493103100001, -7.328436374999967 ], [ 112.694877624000014, -7.328312395999887 ], [ 112.695022583000195, -7.327760219999959 ], [ 112.695014953000054, -7.327600477999965 ], [ 112.695053101000212, -7.327493667999931 ], [ 112.695320129000038, -7.326368331999902 ], [ 112.692504882000094, -7.325358867999967 ], [ 112.692550659000062, -7.325035572999923 ], [ 112.692588806000117, -7.324779987999932 ], [ 112.692619323000258, -7.324288844999955 ], [ 112.691986083000074, -7.324191092999968 ], [ 112.691261292000036, -7.324079035999944 ], [ 112.691230775000122, -7.324237822999919 ], [ 112.691192626000088, -7.324492454999927 ], [ 112.690299989000209, -7.324314593999873 ], [ 112.690551758000197, -7.323111534999896 ], [ 112.6906051630001, -7.322932243999901 ], [ 112.690727234000292, -7.322528362999947 ], [ 112.690750122000054, -7.322379110999975 ], [ 112.69096374500009, -7.322410106999939 ], [ 112.691490172000044, -7.32250976499995 ], [ 112.692062379000049, -7.322599887999957 ], [ 112.692810059000067, -7.32260942399995 ], [ 112.693450927000185, -7.322720050999919 ], [ 112.693840027000192, -7.322800157999893 ], [ 112.694206237000117, -7.32290983099989 ], [ 112.695312499000011, -7.32319021099994 ], [ 112.696029663000218, -7.32337999299989 ], [ 112.696868897000172, -7.323604582999906 ], [ 112.697036742000137, -7.323649882999973 ], [ 112.697372436000023, -7.323740004999934 ], [ 112.697601319000228, -7.323780058999887 ], [ 112.697662354000158, -7.32368993699987 ], [ 112.69776153600003, -7.323170184999981 ], [ 112.69789886500007, -7.322490215999835 ], [ 112.697990417000028, -7.322179793999908 ], [ 112.6980590820001, -7.322020053999836 ], [ 112.698150634000058, -7.321889877999979 ], [ 112.698402404000149, -7.321990012999947 ], [ 112.698547363000102, -7.322040079999965 ], [ 112.698661804000039, -7.322000025999955 ], [ 112.698776246000307, -7.321050165999964 ], [ 112.698837279000145, -7.320630073999951 ], [ 112.698913575, -7.320049761999883 ], [ 112.698966980000137, -7.319650172999957 ], [ 112.698928833000082, -7.319550037999932 ], [ 112.698928833000082, -7.319459913999935 ], [ 112.69899749700005, -7.319379804999869 ], [ 112.699081421000074, -7.31930017399992 ], [ 112.699142456000232, -7.319220064999968 ], [ 112.699218750000114, -7.319109916999935 ], [ 112.699279785000158, -7.319039821999979 ], [ 112.69934845000023, -7.318960189999871 ], [ 112.699440002000188, -7.318850039999916 ], [ 112.699508668000021, -7.318763733999958 ], [ 112.699600220000093, -7.318649768999933 ], [ 112.699668885000051, -7.318550108999943 ], [ 112.699722290000068, -7.318490027999871 ], [ 112.699768067000036, -7.318419932999916 ], [ 112.699829101000091, -7.318359851999958 ], [ 112.699867248000032, -7.31829023399996 ], [ 112.699943543000018, -7.318190096999956 ], [ 112.699981690000072, -7.318109987999946 ], [ 112.700050354000041, -7.317979811999919 ], [ 112.70008850000022, -7.317910193999978 ], [ 112.700172424000016, -7.317790030999959 ], [ 112.700218201000212, -7.317697048999889 ], [ 112.700279236000142, -7.317599773999916 ], [ 112.700340272000062, -7.317510127999981 ], [ 112.70040130700022, -7.317420005999963 ], [ 112.700477601000102, -7.317279814999949 ], [ 112.700531006, -7.31719016999989 ], [ 112.700576783000201, -7.317110060999937 ], [ 112.700653077000084, -7.316999910999868 ], [ 112.700721740000176, -7.31688022599991 ], [ 112.700790405000248, -7.31675004899995 ], [ 112.700843811000027, -7.316679953999937 ], [ 112.700881957000206, -7.316599844999871 ], [ 112.700942993000126, -7.316490171999874 ], [ 112.701011658000198, -7.316380023999898 ], [ 112.701080322000166, -7.316259860999935 ], [ 112.701118469000221, -7.316189765999979 ], [ 112.701187134000179, -7.316070079999918 ], [ 112.701232911000147, -7.316009996999924 ], [ 112.701286316000164, -7.315919397999892 ], [ 112.701339721000068, -7.315830230999893 ], [ 112.701400757000101, -7.315710067999817 ], [ 112.701469422000059, -7.315599917999918 ], [ 112.701530457000217, -7.315499782999893 ], [ 112.701591491000272, -7.31540012399995 ], [ 112.701652526000089, -7.315304278999974 ], [ 112.70231628400029, -7.315284250999923 ], [ 112.70265960800009, -7.315264701999979 ], [ 112.702789307000103, -7.315177440999889 ], [ 112.702728271000183, -7.314838884999915 ], [ 112.702789307000103, -7.31479120299997 ], [ 112.703170777000082, -7.314620971999943 ], [ 112.703170777000082, -7.3141579629999 ], [ 112.703300476000209, -7.314123630999916 ], [ 112.703796386000022, -7.314123630999916 ], [ 112.703781128000173, -7.313931464999825 ], [ 112.703773498000032, -7.313763141999914 ], [ 112.704498292000039, -7.313757896999959 ], [ 112.704742431000227, -7.313755988999958 ], [ 112.70477295, -7.313074589999871 ], [ 112.705383301000097, -7.312994480999919 ], [ 112.705543518000013, -7.312970161999942 ], [ 112.705886842000155, -7.312934875999872 ], [ 112.706230163000214, -7.312900065999941 ], [ 112.706596375000117, -7.312860011999874 ], [ 112.706848144000105, -7.312829492999924 ], [ 112.707099914000196, -7.312817572999961 ], [ 112.707702637000011, -7.312789916999975 ], [ 112.707786561000034, -7.312789916999975 ], [ 112.708496094000225, -7.312808512999879 ], [ 112.708930969000221, -7.312819957999977 ], [ 112.709098815000061, -7.312829970999815 ], [ 112.709190369000225, -7.31276988999997 ], [ 112.709381103000169, -7.312779902999921 ], [ 112.70967102100019, -7.312808989999951 ], [ 112.711349488000224, -7.312749861999919 ], [ 112.711341858000083, -7.31345558199996 ], [ 112.711341858000083, -7.313746928999933 ], [ 112.711341858000083, -7.314239978999922 ], [ 112.711318969000104, -7.314811228999872 ], [ 112.71128845200019, -7.315882205999912 ], [ 112.711280822000049, -7.31610012099992 ], [ 112.711257934000059, -7.316657064999902 ], [ 112.711235047000059, -7.317306995999957 ], [ 112.711212159000183, -7.317807673999823 ], [ 112.711204529000042, -7.318038462999823 ], [ 112.711067200000116, -7.318874358999949 ], [ 112.711051941000051, -7.31899022999994 ], [ 112.711021423000034, -7.319080352999947 ], [ 112.710975648000044, -7.319236277999892 ], [ 112.710891724000021, -7.319517133999966 ], [ 112.71071624800004, -7.320091723999951 ], [ 112.710609436000141, -7.320452212999953 ], [ 112.710578919000113, -7.320549964999941 ], [ 112.710533142000031, -7.320767402999934 ], [ 112.710411071000067, -7.321378230999926 ], [ 112.710258484000178, -7.322140216999912 ], [ 112.71021270700021, -7.322735784999963 ], [ 112.710136414000203, -7.323579786999915 ], [ 112.710113525000224, -7.323863029999927 ], [ 112.710159302000193, -7.324742316999902 ], [ 112.710182190000069, -7.325079916999869 ], [ 112.710189819000107, -7.32526159299988 ], [ 112.71021270700021, -7.325590133999981 ], [ 112.710289001000092, -7.326167105999957 ], [ 112.71035766600005, -7.326677321999966 ], [ 112.710388183000191, -7.326869010999928 ], [ 112.710441590000073, -7.327260016999958 ], [ 112.710449218, -7.327488899999878 ], [ 112.710456848000035, -7.327711105999981 ], [ 112.710487365000063, -7.328599929999882 ], [ 112.710350036000136, -7.328985212999953 ], [ 112.710304261000147, -7.329106330999934 ], [ 112.710006715000077, -7.32945585199991 ], [ 112.709320068000011, -7.330220222999912 ], [ 112.709220886000139, -7.330309866999869 ], [ 112.709167481000236, -7.330359934999933 ], [ 112.709106445000202, -7.33041000399993 ], [ 112.709053040000072, -7.330470084999888 ], [ 112.708969116000048, -7.330530164999971 ], [ 112.708892823000042, -7.330599783999958 ], [ 112.708808899000019, -7.330669878999913 ], [ 112.708717347000174, -7.33074998799998 ], [ 112.708633423000151, -7.330830096999932 ], [ 112.708526611000025, -7.330910205999885 ], [ 112.708442689000094, -7.330989836999947 ], [ 112.708351135000044, -7.331069945999957 ], [ 112.70826721100002, -7.33115005399992 ], [ 112.708190917000138, -7.331220149999979 ], [ 112.708122254000045, -7.33128023099988 ], [ 112.708061219000228, -7.331349848999935 ], [ 112.708000183000081, -7.331409930999939 ], [ 112.70793914800015, -7.331459998999946 ], [ 112.707893371000182, -7.331520078999915 ], [ 112.707839966000051, -7.331570148999958 ], [ 112.707786561000034, -7.331620215999919 ], [ 112.707679748000032, -7.331739901999981 ], [ 112.707603455000026, -7.331830023999885 ], [ 112.707519531000116, -7.331920147999881 ], [ 112.707450867000148, -7.332009791999951 ], [ 112.707397460000038, -7.332079887999953 ], [ 112.707328797000173, -7.332180022999978 ], [ 112.707260131000339, -7.332290172999933 ], [ 112.707176208000078, -7.332419870999956 ], [ 112.707138061000023, -7.332489966999958 ], [ 112.70710754400011, -7.332558632999962 ], [ 112.707046509000065, -7.332650184999977 ], [ 112.707000732000097, -7.332729815999926 ], [ 112.70694732700008, -7.332809924999879 ], [ 112.706909180000025, -7.332900045999963 ], [ 112.706863403000057, -7.332980154999916 ], [ 112.706809998000153, -7.333059787999957 ], [ 112.706771851000099, -7.333139894999931 ], [ 112.706733704000044, -7.333209990999933 ], [ 112.706680299000027, -7.333290099999886 ], [ 112.706642150000107, -7.333360194999955 ], [ 112.706596375000117, -7.333429813999942 ], [ 112.706558228000063, -7.333499908999954 ], [ 112.706520081, -7.333570002999977 ], [ 112.706481935000056, -7.333640097999933 ], [ 112.706443786000023, -7.333710193999934 ], [ 112.706398011000033, -7.333779811999932 ], [ 112.706352234000065, -7.333839892999947 ], [ 112.706306457000096, -7.333909988999949 ], [ 112.706268310000041, -7.333980083999961 ], [ 112.706192016000159, -7.334099769999909 ], [ 112.706123353000066, -7.334199904999934 ], [ 112.706047057000205, -7.334320067999954 ], [ 112.705993652000075, -7.334400176999907 ], [ 112.705932617000144, -7.334479807999912 ], [ 112.705879211000138, -7.334559916999979 ], [ 112.705818176000321, -7.334650038999882 ], [ 112.705772399000011, -7.334710120999887 ], [ 112.705726624000022, -7.334780216999945 ], [ 112.70567321700014, -7.334859847999951 ], [ 112.705619812000123, -7.334949969999911 ], [ 112.705558777000078, -7.335030078999978 ], [ 112.705482483000196, -7.335140228999933 ], [ 112.705406189000087, -7.335239885999954 ], [ 112.70532989600008, -7.335340022999958 ], [ 112.705276488000095, -7.335400103999973 ], [ 112.705192567000154, -7.335509775999981 ], [ 112.705108643000017, -7.335609912999928 ], [ 112.705032349000021, -7.335710047999953 ], [ 112.704978942000025, -7.335770130999947 ], [ 112.704933167000036, -7.335830210999916 ], [ 112.704841613000099, -7.33593988399997 ], [ 112.704788208000195, -7.336009978999869 ], [ 112.704719544000227, -7.336100100999886 ], [ 112.704612732000101, -7.336229799999956 ], [ 112.704040528000178, -7.336809634999952 ], [ 112.70375824000007, -7.337098597999898 ], [ 112.703117370000314, -7.337667464999981 ], [ 112.702934266000057, -7.337834357999952 ], [ 112.702613831, -7.338115690999928 ], [ 112.701126099000135, -7.338939666999977 ], [ 112.700637818000018, -7.339220999999895 ], [ 112.700538636000147, -7.339276312999971 ], [ 112.699478149000015, -7.340347767999958 ], [ 112.699203491000048, -7.340621470999963 ], [ 112.699150086000031, -7.340676782999935 ], [ 112.69830322200005, -7.341496466999899 ], [ 112.698097229000041, -7.341701505999879 ], [ 112.697753906000116, -7.341941832999964 ], [ 112.697631835000038, -7.342025278999927 ], [ 112.697067261000029, -7.342418669999972 ], [ 112.696121217000155, -7.342920780999975 ], [ 112.695632934000287, -7.343183040999975 ], [ 112.695228577000194, -7.343412398999874 ], [ 112.694694520000098, -7.343579768999973 ], [ 112.694061280000142, -7.343825815999878 ], [ 112.693489076000219, -7.344047545999956 ], [ 112.693412780000131, -7.344077109999887 ], [ 112.692703247000054, -7.344411372999957 ], [ 112.692413330000022, -7.344549654999923 ], [ 112.69168090900007, -7.344897745999958 ], [ 112.691520691000164, -7.344964026999946 ], [ 112.691009522000058, -7.345165728999916 ], [ 112.690238953000176, -7.345471857999939 ], [ 112.689918518000013, -7.345565319999935 ], [ 112.689491271000065, -7.345691202999944 ], [ 112.688720703000058, -7.345918178999909 ], [ 112.688499450000222, -7.345982551999896 ], [ 112.687957764000089, -7.346143244999951 ], [ 112.687126160000048, -7.346323489999975 ], [ 112.686386108000079, -7.346482752999975 ], [ 112.685638428000061, -7.346695899999929 ], [ 112.685356140000181, -7.346781729999975 ], [ 112.685249330000033, -7.346815585999934 ], [ 112.683792114000084, -7.347264288999895 ], [ 112.682846070000096, -7.347579478999876 ], [ 112.682312012000011, -7.347833632999937 ], [ 112.68213653600003, -7.347919464999961 ], [ 112.681770324000126, -7.348141669999961 ], [ 112.681556702000194, -7.348270893999882 ], [ 112.681076049000126, -7.348562717999869 ], [ 112.68029785300007, -7.349216937999927 ], [ 112.680015564000087, -7.349457739999934 ], [ 112.679550170000084, -7.349732397999844 ], [ 112.679283143000134, -7.349887846999934 ], [ 112.678596496000068, -7.350293158999875 ], [ 112.678359985000156, -7.35043096499993 ], [ 112.677734375000227, -7.350642204999872 ], [ 112.677146912000012, -7.350813387999949 ], [ 112.6769332880001, -7.350877283999978 ], [ 112.67646789600019, -7.351013182999964 ], [ 112.676353455000026, -7.351032733999944 ], [ 112.675926208000078, -7.351108551999914 ], [ 112.675346374000128, -7.351210593999951 ], [ 112.674804688000222, -7.351306915999885 ], [ 112.674499511000135, -7.351325988999974 ], [ 112.673828125000114, -7.351368426999954 ], [ 112.673690796000074, -7.351377009999851 ], [ 112.673271179000039, -7.351403712999911 ], [ 112.67255401500006, -7.351383684999973 ], [ 112.671829223000145, -7.351364135999916 ], [ 112.671546935000038, -7.351356505999945 ], [ 112.671470642000031, -7.351354598999933 ], [ 112.671173095000199, -7.35134649299988 ], [ 112.670600891000277, -7.351295470999958 ], [ 112.669891358000086, -7.351233482999874 ], [ 112.669799806000015, -7.351213454999879 ] ] ] ] } },
{ "type": "Feature", "properties": { "GID_3": "IDN.11.35.12_1", "GID_0": "IDN", "COUNTRY": "Indonesia", "GID_1": "IDN.11_1", "NAME_1": "Jawa Timur", "NL_NAME_1": "NA", "GID_2": "IDN.11.35_1", "NAME_2": "Surabaya", "NL_NAME_2": "NA", "NAME_3": "Kenjeran", "VARNAME_3": "NA", "NL_NAME_3": "NA", "TYPE_3": "Kecamatan", "ENGTYPE_3": "Sub-district", "CC_3": "3578210", "HASC_3": "NA", "LULC2021": 77, "LULC2022": 77, "LULC2023": 77, "LULC2024": 77, "Kecamatan": "Kenjeran", "UFSI": 722280004937000.0, "Kelas_Gena": "Tinggi", "n_titik_PU": 7, "Kelas_PU_2": "Tinggi", "Validasi": "Match", "Risiko_DBD": "62.486.672.571.580.900", "Kelas_DBD": "Tinggi", "Ranking": 3 }, "geometry": { "type": "MultiPolygon", "coordinates": [ [ [ [ 112.78567504800003, -7.225738524999883 ], [ 112.785598755000024, -7.225604533999899 ], [ 112.785476684000173, -7.225509166999927 ], [ 112.785339355000019, -7.225458621999906 ], [ 112.785110474000021, -7.225371359999883 ], [ 112.785018920000084, -7.22539854099989 ], [ 112.784858703000054, -7.225380897999969 ], [ 112.784736634000183, -7.225367069999891 ], [ 112.784507751000206, -7.225341795999952 ], [ 112.784240723000266, -7.225304126999902 ], [ 112.783920288000104, -7.225256919999936 ], [ 112.7835540760002, -7.225855827999908 ], [ 112.783218383000076, -7.226393222999945 ], [ 112.782699584000056, -7.226901053999882 ], [ 112.782669067000256, -7.226968287999966 ], [ 112.782653809000067, -7.227073191999921 ], [ 112.782684326000208, -7.227164743999936 ], [ 112.782745361000025, -7.227207660999966 ], [ 112.783035279000046, -7.227222441999913 ], [ 112.78327941900011, -7.227229594999869 ], [ 112.783355712000116, -7.227234362999923 ], [ 112.783599853000169, -7.22744703199993 ], [ 112.783721924000019, -7.22753477099991 ], [ 112.783935547000056, -7.227714537999873 ], [ 112.784118653000291, -7.227849005999872 ], [ 112.784202576000212, -7.227965353999934 ], [ 112.784126281000226, -7.228179931999932 ], [ 112.784042359000068, -7.228298664999954 ], [ 112.783943177000197, -7.228473662999875 ], [ 112.783882142000039, -7.228568076999977 ], [ 112.78377532900015, -7.228679656999873 ], [ 112.783752441000047, -7.229081153999971 ], [ 112.783782959000064, -7.229246616999887 ], [ 112.783859253000173, -7.229660033999892 ], [ 112.783874511000022, -7.229743479999968 ], [ 112.783821106000119, -7.230229377999933 ], [ 112.783805848000043, -7.23037147399998 ], [ 112.783912658000077, -7.230533598999955 ], [ 112.78383636500007, -7.231172083999979 ], [ 112.783752441000047, -7.231273173999966 ], [ 112.783691405000127, -7.231374740999854 ], [ 112.783653259000175, -7.231506347999925 ], [ 112.783439636000026, -7.231293677999872 ], [ 112.783203125000227, -7.231070516999978 ], [ 112.783020019000332, -7.230847833999974 ], [ 112.782600402000185, -7.230716227999892 ], [ 112.782287597000163, -7.230746268999894 ], [ 112.781898499000135, -7.230746268999894 ], [ 112.781547547000059, -7.230716227999892 ], [ 112.78122711200001, -7.230616092999981 ], [ 112.781372071000078, -7.230179785999837 ], [ 112.781364441000164, -7.229921340999965 ], [ 112.78116607700008, -7.229824543999939 ], [ 112.781135558000074, -7.229619501999935 ], [ 112.781089783000198, -7.229355811999937 ], [ 112.781082153000057, -7.229060172999937 ], [ 112.781074525000122, -7.228946207999911 ], [ 112.781036376000088, -7.228865145999976 ], [ 112.780967713000223, -7.228829859999962 ], [ 112.78047943200022, -7.228743552999902 ], [ 112.780410767000149, -7.228909968999915 ], [ 112.780212402000075, -7.22926997999997 ], [ 112.780113220000089, -7.22926997999997 ], [ 112.779312135000168, -7.229165552999916 ], [ 112.77919006400009, -7.22914981699995 ], [ 112.778648376000206, -7.228960037999968 ], [ 112.77838134700005, -7.228848457999902 ], [ 112.778213501000209, -7.228965758999948 ], [ 112.778060914000093, -7.228979110999944 ], [ 112.777893066000047, -7.228999614999964 ], [ 112.777717590000066, -7.228858947999981 ], [ 112.77747344900024, -7.22883891999993 ], [ 112.777374267000027, -7.229213237999886 ], [ 112.777221680000139, -7.229213237999886 ], [ 112.777069092000147, -7.229219912999895 ], [ 112.776695252000081, -7.229193208999902 ], [ 112.776573182000106, -7.229193208999902 ], [ 112.776504516000273, -7.229223250999894 ], [ 112.776145934000056, -7.22971773099988 ], [ 112.776008605000015, -7.229757785999936 ], [ 112.775894165000182, -7.2299060819999 ], [ 112.775657654000042, -7.229824543999939 ], [ 112.775535583000305, -7.229784488999883 ], [ 112.775451659000169, -7.230115889999979 ], [ 112.775291444000118, -7.23074197699998 ], [ 112.775207520000095, -7.231093882999971 ], [ 112.775199890000181, -7.231200695999917 ], [ 112.77494812000009, -7.232190608999929 ], [ 112.774551392000149, -7.232210157999873 ], [ 112.774002076000215, -7.232250212999816 ], [ 112.773422241000048, -7.23226976299992 ], [ 112.773162842000033, -7.232260227999916 ], [ 112.77297210800009, -7.232726096999954 ], [ 112.772850037000012, -7.233035086999905 ], [ 112.772781372000054, -7.233210086999918 ], [ 112.772697448000031, -7.233200071999875 ], [ 112.772499084000174, -7.233170032999965 ], [ 112.772239686000034, -7.233150004999914 ], [ 112.771331786000019, -7.233048914999927 ], [ 112.771057128000052, -7.234136580999916 ], [ 112.770912171000077, -7.23470163199994 ], [ 112.770774842000151, -7.234696386999872 ], [ 112.770599364000191, -7.235525607999932 ], [ 112.770584106000342, -7.235605716999885 ], [ 112.770568848000153, -7.235706328999981 ], [ 112.7703247070001, -7.235733507999896 ], [ 112.770034790000182, -7.235741615999927 ], [ 112.769569396000065, -7.235756873999946 ], [ 112.769355774000132, -7.235772609999913 ], [ 112.769065857000214, -7.235794065999926 ], [ 112.76879119900002, -7.235857485999929 ], [ 112.768333435000045, -7.235821724999937 ], [ 112.768035889000089, -7.235794543999873 ], [ 112.767822266000053, -7.236670969999921 ], [ 112.767364503000181, -7.236576556999921 ], [ 112.767066956000122, -7.236482142999932 ], [ 112.767051698000273, -7.236309049999932 ], [ 112.766891480000027, -7.236284731999945 ], [ 112.766899108000075, -7.235838889999911 ], [ 112.76679992600009, -7.235835074999954 ], [ 112.766464233000079, -7.235820291999971 ], [ 112.766204833000074, -7.235722541999962 ], [ 112.766082763000099, -7.235694408999962 ], [ 112.765945434000059, -7.235676764999823 ], [ 112.765869140000177, -7.235915183999907 ], [ 112.765800477000084, -7.236152647999916 ], [ 112.765556335000269, -7.23617982899998 ], [ 112.765411376000088, -7.236192701999869 ], [ 112.765327454000044, -7.236199854999938 ], [ 112.764930726000102, -7.236249922999889 ], [ 112.764694215000191, -7.236311434999948 ], [ 112.764595033000319, -7.236336230999939 ], [ 112.764450074000138, -7.236377237999932 ], [ 112.764373780000028, -7.236400126999968 ], [ 112.764244079000036, -7.236411571999952 ], [ 112.764053345000093, -7.236428260999901 ], [ 112.763900758000204, -7.23638153099995 ], [ 112.76383209200003, -7.236360072999958 ], [ 112.763702393000017, -7.236320017999844 ], [ 112.763900758000204, -7.235970496999869 ], [ 112.763923644000101, -7.235883712999964 ], [ 112.76410675000011, -7.235471247999953 ], [ 112.763710022000055, -7.235227106999901 ], [ 112.763191222000046, -7.23495101899988 ], [ 112.763099670000315, -7.234903333999966 ], [ 112.762962341000048, -7.234825610999906 ], [ 112.762657165000064, -7.234647274999929 ], [ 112.762535096000192, -7.234499454999934 ], [ 112.762359618, -7.234532831999957 ], [ 112.762298583000074, -7.234580038999923 ], [ 112.762168884000062, -7.234674930999972 ], [ 112.76206970200019, -7.234708309999974 ], [ 112.761947631000112, -7.234712122999952 ], [ 112.761787414000082, -7.234810829999958 ], [ 112.761703492000038, -7.234829425999976 ], [ 112.761566161000019, -7.234857081999962 ], [ 112.76129913300008, -7.234913824999921 ], [ 112.76113891600005, -7.234922407999932 ], [ 112.760978698000145, -7.234931467999957 ], [ 112.760963440000182, -7.235063551999872 ], [ 112.760849000000121, -7.235108851999883 ], [ 112.760490418000245, -7.235125541999935 ], [ 112.760040282000091, -7.235146045999954 ], [ 112.759757996000076, -7.235142229999894 ], [ 112.75946045000012, -7.235114573999908 ], [ 112.759338379000042, -7.235129831999927 ], [ 112.759017944000107, -7.235171793999939 ], [ 112.758819580000022, -7.235211370999934 ], [ 112.758750916000054, -7.235237121999944 ], [ 112.758483887000011, -7.235275268999885 ], [ 112.758399963000215, -7.235287189999895 ], [ 112.758171082000217, -7.235319613999934 ], [ 112.757843017000141, -7.235282421999955 ], [ 112.757698060000166, -7.235266685999932 ], [ 112.757637024000019, -7.234791278999921 ], [ 112.757629394000105, -7.234568118999903 ], [ 112.757621766000057, -7.234475611999926 ], [ 112.757606506000229, -7.234302043999946 ], [ 112.757476807000216, -7.233649252999953 ], [ 112.757469177000075, -7.233495712999911 ], [ 112.757385255000145, -7.232839106999961 ], [ 112.757339478000176, -7.23252725499998 ], [ 112.757278443000018, -7.232111452999959 ], [ 112.757270812000115, -7.231874464999976 ], [ 112.757217407000098, -7.231547354999918 ], [ 112.75718689100006, -7.231363772999941 ], [ 112.757164002000195, -7.230997085999945 ], [ 112.757133483000075, -7.230711459999952 ], [ 112.757072448000031, -7.230371951999928 ], [ 112.757095337000123, -7.230097770999976 ], [ 112.757148742000027, -7.230010984999979 ], [ 112.75736999500009, -7.229843616999972 ], [ 112.757476807000216, -7.229748724999979 ], [ 112.75753021200012, -7.229658125999947 ], [ 112.757637024000019, -7.229465006999931 ], [ 112.757728576000204, -7.229287623999937 ], [ 112.758026123000036, -7.228891371999964 ], [ 112.758064270000091, -7.228772639999931 ], [ 112.758056641000053, -7.228650568999967 ], [ 112.758026123000036, -7.228485105999937 ], [ 112.758163452000076, -7.22853899099988 ], [ 112.758293152000192, -7.228569506999918 ], [ 112.75838470400015, -7.228426455999966 ], [ 112.758720398000037, -7.227567672999953 ], [ 112.758438110000043, -7.227416037999944 ], [ 112.758460998000032, -7.227346896999904 ], [ 112.758529664000207, -7.226992130999975 ], [ 112.75852203300019, -7.226712227999883 ], [ 112.758361816000161, -7.226469516999884 ], [ 112.758293152000192, -7.226370811999971 ], [ 112.758216859000186, -7.226209163999954 ], [ 112.758171082000217, -7.226039885999967 ], [ 112.758125305000021, -7.225819110999964 ], [ 112.758102416000042, -7.225649355999963 ], [ 112.758056641000053, -7.225404738999885 ], [ 112.758003234000171, -7.225104807999969 ], [ 112.758064270000091, -7.224967002999904 ], [ 112.758056641000053, -7.224856375999934 ], [ 112.758049011000139, -7.224667071999875 ], [ 112.758041381000226, -7.224541185999954 ], [ 112.7580719, -7.224462031999963 ], [ 112.758125305000021, -7.224339961999817 ], [ 112.75822448700012, -7.22441577799998 ], [ 112.758758545000092, -7.224626064999939 ], [ 112.758811952000087, -7.224306582999873 ], [ 112.759155273000033, -7.224404811999932 ], [ 112.759414673000151, -7.224525450999977 ], [ 112.75956726000004, -7.224351881999894 ], [ 112.759780885000055, -7.224174498999957 ], [ 112.759918214000209, -7.224170208999965 ], [ 112.760009766000053, -7.224063873999967 ], [ 112.760169983000083, -7.223953245999951 ], [ 112.760322570000085, -7.223890302999905 ], [ 112.760353089000205, -7.223726747999876 ], [ 112.760429383000087, -7.223687170999881 ], [ 112.760551453000062, -7.223599433999937 ], [ 112.760559081000338, -7.22326517099998 ], [ 112.76031494200015, -7.22323751499988 ], [ 112.760330200000112, -7.223060131999944 ], [ 112.760345459000064, -7.222814082999946 ], [ 112.759674072000053, -7.222744464999948 ], [ 112.759674072000053, -7.222425459999954 ], [ 112.759666442000139, -7.222251413999913 ], [ 112.759490966000158, -7.22215700199996 ], [ 112.759216308000191, -7.222129820999896 ], [ 112.759231567000143, -7.221996783999941 ], [ 112.759284974000025, -7.221563338999943 ], [ 112.759315491000166, -7.221461296999905 ], [ 112.759338379000042, -7.221217632999924 ], [ 112.759353637000117, -7.221109867999871 ], [ 112.759483338000109, -7.22053766099998 ], [ 112.759506225000109, -7.220409869999969 ], [ 112.759529113000212, -7.22032022399992 ], [ 112.75956726000004, -7.220095634999893 ], [ 112.759590148000029, -7.219930171999977 ], [ 112.759605407000095, -7.219818591999967 ], [ 112.759628295000084, -7.219688415999883 ], [ 112.759651184000063, -7.219549179999888 ], [ 112.759674072000053, -7.21943807699995 ], [ 112.759719849000021, -7.219166754999947 ], [ 112.759750366000162, -7.21894311899996 ], [ 112.759773254000038, -7.218840121999961 ], [ 112.759796143000131, -7.218690394999896 ], [ 112.759834290000185, -7.21844720799993 ], [ 112.759872437000013, -7.218200206999938 ], [ 112.759902953000051, -7.217970370999922 ], [ 112.759918214000209, -7.21786642099994 ], [ 112.75995636000016, -7.217589854999972 ], [ 112.759971619000225, -7.217506408999895 ], [ 112.760002135000263, -7.217370032999895 ], [ 112.760047912000232, -7.217040061999967 ], [ 112.76015472500012, -7.216320990999975 ], [ 112.760177613000224, -7.216156005999892 ], [ 112.76020050000011, -7.216013431999897 ], [ 112.760223388000213, -7.215864656999941 ], [ 112.760246277000078, -7.215707301999885 ], [ 112.760292054000047, -7.215576648999956 ], [ 112.760330200000112, -7.215465545999962 ], [ 112.760383606000119, -7.215289114999962 ], [ 112.760437011000022, -7.215144632999966 ], [ 112.760475160000055, -7.215027807999888 ], [ 112.760520935000045, -7.214889525999922 ], [ 112.760574342000268, -7.214738368999917 ], [ 112.760627747000171, -7.214555740999913 ], [ 112.760665894000226, -7.214462755999875 ], [ 112.760711671000195, -7.214320181999881 ], [ 112.760734557000092, -7.214235782999936 ], [ 112.760765076000098, -7.214114664999954 ], [ 112.760787964000201, -7.214005946999976 ], [ 112.760818481000115, -7.213820455999951 ], [ 112.760841370000207, -7.213689802999966 ], [ 112.760841370000207, -7.213597297999854 ], [ 112.760849000000121, -7.213456153999971 ], [ 112.760849000000121, -7.213379859999975 ], [ 112.76085662800017, -7.213307379999947 ], [ 112.76085662800017, -7.213168620999909 ], [ 112.760864258000083, -7.213059425999916 ], [ 112.760871888000224, -7.212978838999902 ], [ 112.760879516000159, -7.212759971999958 ], [ 112.760971070000096, -7.212200164999956 ], [ 112.760986329000161, -7.212093829999958 ], [ 112.761009217000151, -7.211909771999956 ], [ 112.760986329000161, -7.2117700579999 ], [ 112.761062622000168, -7.211760044999892 ], [ 112.761039734000065, -7.211615562999953 ], [ 112.761009217000151, -7.211490153999932 ], [ 112.761238098000149, -7.211430071999928 ], [ 112.761322022000172, -7.21124982799995 ], [ 112.761352539000086, -7.211180209999952 ], [ 112.761367797000275, -7.211103915999956 ], [ 112.761436462, -7.210790156999849 ], [ 112.761489868000012, -7.210529803999975 ], [ 112.761543275000236, -7.210360048999974 ], [ 112.761642457000107, -7.209969997999906 ], [ 112.761672974000021, -7.209836481999901 ], [ 112.761680604000162, -7.209675788999903 ], [ 112.762039185000049, -7.208443163999902 ], [ 112.76206970200019, -7.208339691999868 ], [ 112.761093139000081, -7.208014488999936 ], [ 112.761146546000191, -7.207258223999929 ], [ 112.761459351000212, -7.207258223999929 ], [ 112.761268615000063, -7.207082747999948 ], [ 112.760795593000012, -7.20655488899996 ], [ 112.760108948000152, -7.205834388999961 ], [ 112.759506225000109, -7.20518398199988 ], [ 112.758842468000012, -7.204445361999944 ], [ 112.75830078100023, -7.203947065999955 ], [ 112.758010864000084, -7.203536033999967 ], [ 112.7580719, -7.203434466999965 ], [ 112.758239745000083, -7.203069209999967 ], [ 112.758415223000043, -7.202663420999954 ], [ 112.75852203300019, -7.202156543999934 ], [ 112.758270264000089, -7.201598643999887 ], [ 112.757781983000086, -7.201131818999897 ], [ 112.757637024000019, -7.200543878999895 ], [ 112.757514954000044, -7.19963073699995 ], [ 112.757438660000162, -7.199529646999849 ], [ 112.757026673000269, -7.19898176099997 ], [ 112.756889344000228, -7.198332785999924 ], [ 112.7569885260001, -7.197769163999908 ], [ 112.757064820000323, -7.197631834999925 ], [ 112.757080078000172, -7.19751834799996 ], [ 112.757286073000046, -7.197262287999934 ], [ 112.757560731000012, -7.197091101999945 ], [ 112.758102416000042, -7.196715831999825 ], [ 112.758598327000072, -7.196493624999903 ], [ 112.758857727000077, -7.196288584999934 ], [ 112.759353637000117, -7.196100710999929 ], [ 112.759963989000084, -7.195896148999964 ], [ 112.760406494000108, -7.19582748299996 ], [ 112.760940552000193, -7.195759294999903 ], [ 112.761657715000069, -7.195793628999979 ], [ 112.761825561000137, -7.195809839999981 ], [ 112.762153626000213, -7.195724962999975 ], [ 112.762557983000193, -7.195742128999882 ], [ 112.763038635000157, -7.195810794999886 ], [ 112.763618470000097, -7.195930002999887 ], [ 112.763954163000221, -7.196032522999928 ], [ 112.764801025000111, -7.196254730999954 ], [ 112.765274047000048, -7.196493624999903 ], [ 112.765502930000025, -7.196672439999872 ], [ 112.765823365000188, -7.196819781999977 ], [ 112.765983581000114, -7.196949957999834 ], [ 112.766273499000135, -7.197140216999856 ], [ 112.766578674000016, -7.197370052999929 ], [ 112.767059326000208, -7.197770118999927 ], [ 112.767692566000051, -7.198249816999976 ], [ 112.76799011200012, -7.198440074999951 ], [ 112.768272400000228, -7.198540209999976 ], [ 112.768646240000066, -7.198729991999926 ], [ 112.76957702600032, -7.199450014999911 ], [ 112.76982879600007, -7.199699878999979 ], [ 112.770072937000236, -7.19992017699991 ], [ 112.770240783000077, -7.20004987599998 ], [ 112.770393372000058, -7.200150012999927 ], [ 112.770606995000207, -7.200310230999946 ], [ 112.770843506, -7.200459957999897 ], [ 112.771865844000217, -7.201223850999952 ], [ 112.772369385000047, -7.201693534999833 ], [ 112.772544861000142, -7.202103136999881 ], [ 112.772491455000022, -7.202179430999877 ], [ 112.77279663000013, -7.202251911999952 ], [ 112.77279663000013, -7.202843666999968 ], [ 112.774757384000168, -7.20304727599995 ], [ 112.774444580000022, -7.205687044999934 ], [ 112.774513245000094, -7.20574998799998 ], [ 112.774688721000075, -7.205999849999955 ], [ 112.774757384000168, -7.206140040999856 ], [ 112.774833680000029, -7.206369876999929 ], [ 112.774909974000025, -7.206599234999942 ], [ 112.775108338000223, -7.206711292999955 ], [ 112.775344849000021, -7.206839083999967 ], [ 112.775466920000099, -7.206906317999938 ], [ 112.775352477000069, -7.207235812999897 ], [ 112.775299072000053, -7.207417488999965 ], [ 112.775733947000049, -7.207590101999926 ], [ 112.775886535000041, -7.207640171999969 ], [ 112.776016236000032, -7.207696436999925 ], [ 112.776130676000093, -7.207749843999977 ], [ 112.776199341000165, -7.207809924999822 ], [ 112.776252747000171, -7.20795011599995 ], [ 112.776336670000092, -7.208179949999874 ], [ 112.77635955900007, -7.208320140999945 ], [ 112.776390076000098, -7.208541393999951 ], [ 112.776580810000041, -7.208570479999935 ], [ 112.776664734000065, -7.208570479999935 ], [ 112.77676391600005, -7.208200454999883 ], [ 112.776847840000073, -7.20797204999991 ], [ 112.777000427000189, -7.207736490999935 ], [ 112.777343750000114, -7.207902430999923 ], [ 112.778083802000083, -7.208079814999962 ], [ 112.778526306000231, -7.208230018999927 ], [ 112.779083252000305, -7.208370207999906 ], [ 112.779502869000112, -7.208489893999968 ], [ 112.780021668000018, -7.208660601999952 ], [ 112.779960633000201, -7.209007262999933 ], [ 112.779899597000053, -7.209269522999875 ], [ 112.779823304000047, -7.209619044999954 ], [ 112.779769897000051, -7.209881305999943 ], [ 112.779693603000055, -7.210291385999881 ], [ 112.779579163000221, -7.210580348999883 ], [ 112.779457092000143, -7.210835933999817 ], [ 112.779373168, -7.211051463999979 ], [ 112.779281616000048, -7.211050033999925 ], [ 112.779228211000145, -7.21120977399994 ], [ 112.779090882000219, -7.211719989999949 ], [ 112.778976440000179, -7.212120055999947 ], [ 112.778839111000138, -7.212679862999948 ], [ 112.778762817000029, -7.212999819999879 ], [ 112.778671210000311, -7.213360035999926 ], [ 112.778628972000206, -7.213509256999941 ], [ 112.778563679000058, -7.213739932999943 ], [ 112.778397, -7.214330000999894 ], [ 112.778336, -7.214520999999877 ], [ 112.778167999000175, -7.215049998999973 ], [ 112.77803545800009, -7.215412912999966 ], [ 112.778, -7.215510000999927 ], [ 112.777878000000101, -7.21579 ], [ 112.777733, -7.21646 ], [ 112.777489, -7.21728 ], [ 112.777474754000082, -7.217350508999971 ], [ 112.777389326000161, -7.217772305999972 ], [ 112.777333000000112, -7.217965 ], [ 112.777321535000283, -7.218004083999972 ], [ 112.777267457000107, -7.218190192999884 ], [ 112.777246001000094, -7.2183095339999 ], [ 112.777240818000109, -7.218338360999894 ], [ 112.777237001000231, -7.21836 ], [ 112.777137942000081, -7.218870028999959 ], [ 112.777178799000012, -7.21884066399997 ], [ 112.777229310000052, -7.218804359999922 ], [ 112.777879002000191, -7.219057321999969 ], [ 112.778188384000032, -7.219177782999907 ], [ 112.778358460000049, -7.219244002999972 ], [ 112.778445061000184, -7.219278697999925 ], [ 112.778495885000098, -7.219299059999969 ], [ 112.778656000000296, -7.219363 ], [ 112.778938293000124, -7.219477653999945 ], [ 112.779830932000209, -7.219802856999934 ], [ 112.779754638000099, -7.22018432699997 ], [ 112.780197144000113, -7.220240116999946 ], [ 112.780952454000044, -7.220499991999873 ], [ 112.781669616000045, -7.220829962999915 ], [ 112.782005311000034, -7.220969198999967 ], [ 112.782119751000096, -7.221007347999944 ], [ 112.78221893400007, -7.221041679999928 ], [ 112.783058166000046, -7.221292018999975 ], [ 112.784088055000097, -7.221600029999934 ], [ 112.784088134000172, -7.222049711999944 ], [ 112.784061425, -7.22217657799996 ], [ 112.784050001000082, -7.222231000999955 ], [ 112.784081001000231, -7.222738998999944 ], [ 112.784086718000026, -7.222846009999841 ], [ 112.784088126000029, -7.222870212999965 ], [ 112.784093872000085, -7.222879889999888 ], [ 112.784126281000226, -7.222933767999905 ], [ 112.784332953000103, -7.222981650999941 ], [ 112.78456900100025, -7.223036 ], [ 112.785538, -7.223199000999898 ], [ 112.786438001000192, -7.223331 ], [ 112.786696999000128, -7.223350000999972 ], [ 112.786895745000038, -7.223373927999887 ], [ 112.78686467600005, -7.223504994999928 ], [ 112.786819457000092, -7.223695753999891 ], [ 112.786705017000031, -7.224154472999942 ], [ 112.786651348000191, -7.224352887999885 ], [ 112.786605999000017, -7.224520998999935 ], [ 112.786475230000178, -7.225026953999816 ], [ 112.786186229000123, -7.22614617399995 ], [ 112.78581237700007, -7.225897311999972 ], [ 112.78567504800003, -7.225738524999883 ] ] ] ] } },
{ "type": "Feature", "properties": { "GID_3": "IDN.11.35.13_1", "GID_0": "IDN", "COUNTRY": "Indonesia", "GID_1": "IDN.11_1", "NAME_1": "Jawa Timur", "NL_NAME_1": "NA", "GID_2": "IDN.11.35_1", "NAME_2": "Surabaya", "NL_NAME_2": "NA", "NAME_3": "Krembangan", "VARNAME_3": "NA", "NL_NAME_3": "NA", "TYPE_3": "Kecamatan", "ENGTYPE_3": "Sub-district", "CC_3": "3578260", "HASC_3": "NA", "LULC2021": 87, "LULC2022": 87, "LULC2023": 87, "LULC2024": 87, "Kecamatan": "Krembangan", "UFSI": 6964522116210001.0, "Kelas_Gena": "Tinggi", "n_titik_PU": 7, "Kelas_PU_2": "Tinggi", "Validasi": "Match", "Risiko_DBD": "53.225.935.109.520.600", "Kelas_DBD": "Sedang", "Ranking": 7 }, "geometry": { "type": "MultiPolygon", "coordinates": [ [ [ [ 112.742202759000179, -7.24412012099998 ], [ 112.742126465000069, -7.24412012099998 ], [ 112.741790772000058, -7.244190216999925 ], [ 112.741363525000111, -7.244349956999883 ], [ 112.740798950000112, -7.244569776999867 ], [ 112.73992919900013, -7.244919775999961 ], [ 112.739501952000069, -7.24501228299988 ], [ 112.73918914800015, -7.24507999399998 ], [ 112.739067077000072, -7.24507999399998 ], [ 112.73857879600007, -7.245110034999868 ], [ 112.738380432000326, -7.245097636999844 ], [ 112.738227845000097, -7.245090006999931 ], [ 112.737358094000115, -7.244909762999953 ], [ 112.73718261800002, -7.244870185999957 ], [ 112.737060547000283, -7.244840144999955 ], [ 112.736648559000173, -7.244750022999938 ], [ 112.736122131000116, -7.244629859999975 ], [ 112.735977172000048, -7.244589805999908 ], [ 112.735870362000128, -7.244559763999916 ], [ 112.735511780000138, -7.244480132999911 ], [ 112.734893799000019, -7.244349956999883 ], [ 112.734741211000028, -7.244309901999941 ], [ 112.73453521700003, -7.244268892999912 ], [ 112.734153747000164, -7.244190216999925 ], [ 112.733779907000098, -7.244134901999928 ], [ 112.733581542000138, -7.244110107999916 ], [ 112.733245849000127, -7.244071005999899 ], [ 112.732986449, -7.244040011999971 ], [ 112.732879639000203, -7.244009017999929 ], [ 112.732589721000068, -7.243929861999959 ], [ 112.732223511000143, -7.243843555999888 ], [ 112.73206329300001, -7.243804453999871 ], [ 112.731704712000123, -7.243717669999967 ], [ 112.731338502000199, -7.243629932999909 ], [ 112.73098754800003, -7.243543623999869 ], [ 112.730400086000145, -7.243399619999934 ], [ 112.730178833000082, -7.243346214999974 ], [ 112.729827881000119, -7.243259905999935 ], [ 112.729324340000289, -7.243119716999956 ], [ 112.728965759000062, -7.24298620299993 ], [ 112.728782655000145, -7.242895603999898 ], [ 112.728294372000164, -7.242647169999941 ], [ 112.728080749000014, -7.24253988199996 ], [ 112.727981567000143, -7.242479801999934 ], [ 112.72791290400005, -7.242430209999952 ], [ 112.727760314000079, -7.24228000699992 ], [ 112.727622986000029, -7.242121219999945 ], [ 112.72753143400007, -7.242010116999893 ], [ 112.727294922000056, -7.241688251999904 ], [ 112.727203368, -7.241559980999966 ], [ 112.72697448700012, -7.241165637999927 ], [ 112.726913452000304, -7.241059779999944 ], [ 112.726852417000146, -7.240960120999887 ], [ 112.726745605000019, -7.240699767999956 ], [ 112.726509093000118, -7.240099907999934 ], [ 112.726463318000015, -7.239916801999925 ], [ 112.726348876000088, -7.23951005999993 ], [ 112.726287843000136, -7.239170073999958 ], [ 112.726348876000088, -7.238664627999924 ], [ 112.726379395000095, -7.238375663999932 ], [ 112.726402283000198, -7.238210201999891 ], [ 112.726432800000111, -7.237969874999919 ], [ 112.726448058000187, -7.237807749999945 ], [ 112.726211547000048, -7.237750052999957 ], [ 112.726058960000159, -7.237711428999944 ], [ 112.725769043000014, -7.23763990499998 ], [ 112.725440978000165, -7.23753023199987 ], [ 112.725128174000019, -7.237420081999915 ], [ 112.724746703000164, -7.237299918999895 ], [ 112.724426270000208, -7.237205504999906 ], [ 112.72408294700017, -7.237102506999918 ], [ 112.723968506, -7.237070560999939 ], [ 112.723800659000062, -7.237020015999917 ], [ 112.723640441000157, -7.236971378999897 ], [ 112.723533631, -7.236938476999967 ], [ 112.723114014000203, -7.236811637999949 ], [ 112.723037720000093, -7.236790179999844 ], [ 112.722259522000172, -7.236581324999975 ], [ 112.722068787000126, -7.236529827999959 ], [ 112.721290589000205, -7.236320017999844 ], [ 112.72059631400009, -7.236130236999941 ], [ 112.720581055000139, -7.236229895999941 ], [ 112.720550537000122, -7.236419677999891 ], [ 112.72048187300004, -7.236832141999912 ], [ 112.720458985000164, -7.236959932999923 ], [ 112.720443726000212, -7.23766994399989 ], [ 112.720489501000202, -7.238629818999925 ], [ 112.720520020000095, -7.239140032999956 ], [ 112.720527648000029, -7.239309787999957 ], [ 112.720550537000122, -7.239480018999927 ], [ 112.720649719000107, -7.240719793999972 ], [ 112.720687866000162, -7.241238593999924 ], [ 112.720687866000162, -7.241380689999971 ], [ 112.720710754000152, -7.241539954999894 ], [ 112.720726012000114, -7.241782663999913 ], [ 112.720771789000082, -7.24231052399989 ], [ 112.720787048000034, -7.24249124499994 ], [ 112.720802308000088, -7.24272966299992 ], [ 112.720832825000343, -7.243030069999918 ], [ 112.720832825000343, -7.243107318999932 ], [ 112.720840455000257, -7.243247507999968 ], [ 112.720848083000192, -7.24341869299991 ], [ 112.720870972000057, -7.243800162999946 ], [ 112.720878602000312, -7.243874071999926 ], [ 112.720886230000019, -7.24401998399992 ], [ 112.72089386000016, -7.244178770999952 ], [ 112.720901490000074, -7.244884966999905 ], [ 112.720909118, -7.245159624999928 ], [ 112.720916749000025, -7.245460033999962 ], [ 112.720901490000074, -7.246491909999918 ], [ 112.720886230000019, -7.247139929999889 ], [ 112.720520020000095, -7.247145174999957 ], [ 112.720329284000172, -7.247142314999905 ], [ 112.720176697000056, -7.247139929999889 ], [ 112.71996307400002, -7.247139929999889 ], [ 112.719833373000029, -7.247135639999954 ], [ 112.719673158000091, -7.247129916999938 ], [ 112.719360351000205, -7.247119903999931 ], [ 112.718902587000116, -7.247089862999928 ], [ 112.718437195000206, -7.247089862999928 ], [ 112.71833038300008, -7.247089862999928 ], [ 112.718109132000109, -7.247089862999928 ], [ 112.717903137000235, -7.247089862999928 ], [ 112.71764373800022, -7.247089862999928 ], [ 112.717117310000162, -7.247119903999931 ], [ 112.717178344000217, -7.24701976699987 ], [ 112.717231751000099, -7.246950148999929 ], [ 112.717277526000089, -7.246860026999911 ], [ 112.717330933000312, -7.246769904999894 ], [ 112.717407227000081, -7.246640203999846 ], [ 112.717453004000049, -7.246580123999934 ], [ 112.717498779000039, -7.246478080999907 ], [ 112.717559814000197, -7.246349810999959 ], [ 112.717590333000089, -7.246280191999972 ], [ 112.717628479000041, -7.246200083999952 ], [ 112.717689515000188, -7.24605989399987 ], [ 112.717712403000064, -7.245989798999915 ], [ 112.717742920000205, -7.245820045999949 ], [ 112.717742920000205, -7.245679853999945 ], [ 112.717727662000016, -7.245590209999932 ], [ 112.717720031000226, -7.24544000599991 ], [ 112.717697143000237, -7.245299815999942 ], [ 112.717689515000188, -7.245210169999893 ], [ 112.717658996000068, -7.245129107999958 ], [ 112.71764373800022, -7.245011805999923 ], [ 112.717620849000014, -7.244929788999968 ], [ 112.717582702000072, -7.244790076999948 ], [ 112.717552186000034, -7.244669913999871 ], [ 112.717521667000142, -7.244550228999913 ], [ 112.717491150000342, -7.244420049999974 ], [ 112.717468262000011, -7.244349956999883 ], [ 112.717437743000119, -7.244229793999978 ], [ 112.717407227000081, -7.244100569999944 ], [ 112.717391968000129, -7.24401998399992 ], [ 112.717361450000112, -7.243939874999967 ], [ 112.717346191000161, -7.243859768999926 ], [ 112.717315675000123, -7.243752001999951 ], [ 112.717292786000144, -7.243629932999909 ], [ 112.717269898000154, -7.243549823999956 ], [ 112.717239379000034, -7.243420122999964 ], [ 112.71720886200012, -7.243340014999887 ], [ 112.717178344000217, -7.243269920999978 ], [ 112.717147827000076, -7.243189811999969 ], [ 112.717109680000021, -7.243110178999871 ], [ 112.717071533000194, -7.243040084999961 ], [ 112.717002868000122, -7.242919921999942 ], [ 112.716949463000219, -7.242839812999875 ], [ 112.716590881000229, -7.242877005999958 ], [ 112.71638488900021, -7.242893218999882 ], [ 112.715629578000176, -7.242950438999969 ], [ 112.715263366000045, -7.242885112999943 ], [ 112.715026855000133, -7.242760657999838 ], [ 112.714851379000152, -7.242694853999978 ], [ 112.714698792000036, -7.242702484999882 ], [ 112.71459961000005, -7.242745398999887 ], [ 112.714508056000113, -7.242911338999932 ], [ 112.714469909000059, -7.242976664999958 ], [ 112.714202881, -7.24299097099987 ], [ 112.713874816000043, -7.243009088999941 ], [ 112.713798523000037, -7.242831230999968 ], [ 112.713111878000063, -7.241402148999953 ], [ 112.713088989000198, -7.241189955999971 ], [ 112.713119506000112, -7.241062164999903 ], [ 112.713211060000049, -7.240740299999914 ], [ 112.713233948000038, -7.240646837999975 ], [ 112.713287354000158, -7.240564821999953 ], [ 112.713348389000316, -7.240417479999962 ], [ 112.713638305000018, -7.239994524999929 ], [ 112.71374511800002, -7.239817141999936 ], [ 112.713691712000013, -7.239739895999833 ], [ 112.71354675300006, -7.23993062999989 ], [ 112.713363647000165, -7.240170000999967 ], [ 112.712997437000013, -7.240651605999972 ], [ 112.71280670100009, -7.240900039999872 ], [ 112.712768554000036, -7.240770816999941 ], [ 112.712654114000202, -7.240841387999922 ], [ 112.712432861000025, -7.240836141999921 ], [ 112.712326049000126, -7.240808010999899 ], [ 112.712135315000182, -7.24075794099997 ], [ 112.712028504000045, -7.240723609999975 ], [ 112.711891173000026, -7.240675449999969 ], [ 112.7117538440001, -7.240602493999972 ], [ 112.711631776000104, -7.240554808999946 ], [ 112.711532594000118, -7.240531444999931 ], [ 112.711418151000089, -7.240502833999869 ], [ 112.711296081000114, -7.24049472899992 ], [ 112.711120605000019, -7.240484712999887 ], [ 112.711029053000061, -7.240477084999895 ], [ 112.710861205000015, -7.24042749299997 ], [ 112.710784912, -7.240420339999901 ], [ 112.710632324000017, -7.24034166399997 ], [ 112.710449218, -7.24025010999992 ], [ 112.71033477800006, -7.240184306999936 ], [ 112.710289001000092, -7.240124225999921 ], [ 112.710205079000161, -7.240026951999937 ], [ 112.710098267000035, -7.239902018999942 ], [ 112.710014343000012, -7.239799022999932 ], [ 112.70988464400034, -7.239609241999858 ], [ 112.709823609000182, -7.239517212999942 ], [ 112.709701538000104, -7.239292621999937 ], [ 112.709663391000049, -7.239228724999975 ], [ 112.709571839000091, -7.238973616999942 ], [ 112.709617614000081, -7.238649844999941 ], [ 112.709602356000119, -7.238463878999937 ], [ 112.709579467000026, -7.23821782999994 ], [ 112.709419250000224, -7.238046645999873 ], [ 112.709327698000266, -7.23794793999997 ], [ 112.709251404000042, -7.237861155999894 ], [ 112.709114075000116, -7.237642287999904 ], [ 112.709175111000036, -7.23754835099993 ], [ 112.709251404000042, -7.237481116999902 ], [ 112.709403992000034, -7.237443445999872 ], [ 112.709518432000095, -7.237488269999972 ], [ 112.709632873000032, -7.237531184999966 ], [ 112.70986938600015, -7.237662790999934 ], [ 112.709930419000102, -7.237733363999894 ], [ 112.709999085000163, -7.237811087999944 ], [ 112.710098267000035, -7.237925528999881 ], [ 112.71021270700021, -7.238054274999968 ], [ 112.710464477000073, -7.238137245999894 ], [ 112.710723876000316, -7.23809766699992 ], [ 112.710853577000307, -7.238086222999868 ], [ 112.710990906, -7.238031387999968 ], [ 112.71107483000003, -7.237995146999879 ], [ 112.711242675000221, -7.237896441999965 ], [ 112.711357116000158, -7.237390995999817 ], [ 112.711311341000169, -7.237142561999974 ], [ 112.711296081000114, -7.237012385999947 ], [ 112.71128845200019, -7.236868380999908 ], [ 112.7112655640002, -7.236497401999941 ], [ 112.711219787000232, -7.236249922999889 ], [ 112.711204529000042, -7.236153602999934 ], [ 112.711174012000129, -7.236053942999945 ], [ 112.71107483000003, -7.235857485999929 ], [ 112.710968017000027, -7.23577308699987 ], [ 112.710769653000284, -7.235730647999901 ], [ 112.710586547000048, -7.235735892999912 ], [ 112.710472107000214, -7.235737800999971 ], [ 112.710144044000117, -7.235878466999964 ], [ 112.710014343000012, -7.235942839999893 ], [ 112.709777832000213, -7.236066818999916 ], [ 112.709579467000026, -7.236205577999954 ], [ 112.709480285000041, -7.236260889999926 ], [ 112.709289551000211, -7.236366272999931 ], [ 112.709053040000072, -7.236439228999927 ], [ 112.708824157000095, -7.236534117999952 ], [ 112.708648681000113, -7.236575126999981 ], [ 112.708465575000105, -7.2366170869999 ], [ 112.708389282000098, -7.236616611999978 ], [ 112.708190917000138, -7.236610888999905 ], [ 112.708084107000104, -7.236465454999973 ], [ 112.707977295000205, -7.236318587999904 ], [ 112.707969665000064, -7.236222743999974 ], [ 112.707946778000064, -7.235821724999937 ], [ 112.708007812000119, -7.235605716999885 ], [ 112.708030700000108, -7.235522270999979 ], [ 112.708122254000045, -7.235258102999978 ], [ 112.708305358000075, -7.234446524999896 ], [ 112.70831298800033, -7.234334467999872 ], [ 112.70831298800033, -7.234166144999961 ], [ 112.708305358000075, -7.234059809999962 ], [ 112.70831298800033, -7.233812807999868 ], [ 112.708343507000109, -7.233717440999953 ], [ 112.708381654000164, -7.233627318999879 ], [ 112.708465575000105, -7.233407973999931 ], [ 112.70878601000004, -7.232953547999898 ], [ 112.708854676000215, -7.232858180999926 ], [ 112.708900451000204, -7.232798097999932 ], [ 112.708969116000048, -7.232707976999961 ], [ 112.709114075000116, -7.232538700999953 ], [ 112.709251404000042, -7.232448576999957 ], [ 112.709320068000011, -7.232392310999955 ], [ 112.709403992000034, -7.232272147999936 ], [ 112.709625244000222, -7.232251644999906 ], [ 112.709907533000205, -7.23233556699995 ], [ 112.710350036000136, -7.232314585999973 ], [ 112.710342408000201, -7.232095717999925 ], [ 112.710311889000081, -7.231986522999932 ], [ 112.710289001000092, -7.231904028999963 ], [ 112.710266112000113, -7.231797218999816 ], [ 112.710113525000224, -7.231530665999969 ], [ 112.710021973000039, -7.231431960999942 ], [ 112.709953308000195, -7.231351852999978 ], [ 112.709892272000047, -7.231274603999907 ], [ 112.709770204000279, -7.231122493999919 ], [ 112.709648133000087, -7.23097467499997 ], [ 112.709571839000091, -7.230876922999869 ], [ 112.709358215000066, -7.230771540999967 ], [ 112.709243774000242, -7.230709552999883 ], [ 112.709114075000116, -7.230639933999896 ], [ 112.708969116000048, -7.230596064999929 ], [ 112.708877564000318, -7.230611800999952 ], [ 112.708724975000223, -7.230637073999901 ], [ 112.708641053000065, -7.230619905999902 ], [ 112.708511352000073, -7.230599879999943 ], [ 112.708389282000098, -7.230585573999917 ], [ 112.70826721100002, -7.230579851999892 ], [ 112.7081527710003, -7.230589866999935 ], [ 112.708076477000077, -7.230599879999943 ], [ 112.707946778000064, -7.230639933999896 ], [ 112.707832336000024, -7.230669975999888 ], [ 112.707702637000011, -7.230700014999968 ], [ 112.707580566000161, -7.230700014999968 ], [ 112.707458496000186, -7.230669975999888 ], [ 112.707382202000076, -7.230639933999896 ], [ 112.707290650000118, -7.230599879999943 ], [ 112.707229615000301, -7.230529783999941 ], [ 112.707153321000078, -7.230410098999869 ], [ 112.707130433000088, -7.230340002999924 ], [ 112.707099914000196, -7.230209826999896 ], [ 112.707092286000034, -7.230070112999897 ], [ 112.707092286000034, -7.229969977999872 ], [ 112.707092286000034, -7.229819773999964 ], [ 112.707092286000034, -7.229740141999969 ], [ 112.707092286000034, -7.229660033999892 ], [ 112.707092286000034, -7.22955989899998 ], [ 112.707092286000034, -7.229459761999919 ], [ 112.707092286000034, -7.229350088999922 ], [ 112.707092286000034, -7.22922992599996 ], [ 112.707092286000034, -7.22911977799987 ], [ 112.707092286000034, -7.228984831999981 ], [ 112.707092286000034, -7.228889941999967 ], [ 112.707092286000034, -7.228789804999849 ], [ 112.707092286000034, -7.228690147999941 ], [ 112.707092286000034, -7.228610038999875 ], [ 112.707092286000034, -7.228459834999967 ], [ 112.707077025000103, -7.228330135999897 ], [ 112.707077025000103, -7.228199957999891 ], [ 112.707077025000103, -7.228069781999977 ], [ 112.707077025000103, -7.227990149999926 ], [ 112.707061767000141, -7.227859973999898 ], [ 112.707038879000152, -7.227729797999871 ], [ 112.707031250000114, -7.227650164999943 ], [ 112.70700836200001, -7.227570055999934 ], [ 112.706993104000048, -7.227489946999924 ], [ 112.706962585000042, -7.227419852999901 ], [ 112.706932068000128, -7.227350234999903 ], [ 112.706871033000084, -7.227260112999943 ], [ 112.706809998000153, -7.227190017999931 ], [ 112.706748962000233, -7.227129934999823 ], [ 112.706687927000075, -7.227069854999911 ], [ 112.706596375000117, -7.226990222999973 ], [ 112.706520081, -7.226910114999953 ], [ 112.706466674000012, -7.226850031999845 ], [ 112.706398011000033, -7.226739883999869 ], [ 112.706352234000065, -7.22664022399988 ], [ 112.706298829000048, -7.226510047999966 ], [ 112.706283570000096, -7.226429939999889 ], [ 112.706260682000334, -7.226339817999929 ], [ 112.706237793000128, -7.226260183999955 ], [ 112.706222535000165, -7.22617006299987 ], [ 112.706207275000111, -7.226069927999959 ], [ 112.706199646000073, -7.22595977799989 ], [ 112.706199646000073, -7.225880145999952 ], [ 112.706199646000073, -7.225790023999878 ], [ 112.706199646000073, -7.225689887999977 ], [ 112.706199646000073, -7.225590227999874 ], [ 112.706207275000111, -7.225510118999978 ], [ 112.706207275000111, -7.225389957999937 ], [ 112.706222535000165, -7.225269794999917 ], [ 112.706222535000165, -7.225150106999877 ], [ 112.706230163000214, -7.225019930999963 ], [ 112.706230163000214, -7.224899767999943 ], [ 112.706237793000128, -7.224760055999923 ], [ 112.706481935000056, -7.224780081999882 ], [ 112.706680299000027, -7.224180221999916 ], [ 112.70674133200032, -7.223909853999942 ], [ 112.70674133200032, -7.223780154999929 ], [ 112.706672669000227, -7.223649978999902 ], [ 112.706558228000063, -7.2234802239999 ], [ 112.706550598000035, -7.22332000699987 ], [ 112.706748962000233, -7.22330999299993 ], [ 112.706932068000128, -7.223209858999837 ], [ 112.707099914000196, -7.223120211999969 ], [ 112.707252503000063, -7.223080157999959 ], [ 112.707336425000108, -7.223090170999967 ], [ 112.707588196000074, -7.22330999299993 ], [ 112.707733154000152, -7.223390101999939 ], [ 112.708023072000174, -7.223430156999939 ], [ 112.708610535000162, -7.223292349999895 ], [ 112.708877564000318, -7.223229884999967 ], [ 112.708946228000173, -7.223179816999902 ], [ 112.708961486000021, -7.223100185999897 ], [ 112.708976746000189, -7.222829817999923 ], [ 112.708999633000076, -7.222579956999937 ], [ 112.708999633000076, -7.222479819999933 ], [ 112.709060668, -7.222390174999873 ], [ 112.709220886000139, -7.222300052999969 ], [ 112.709327698000266, -7.222270011999967 ], [ 112.709480285000041, -7.222249983999973 ], [ 112.709648133000087, -7.222199915999852 ], [ 112.709991454000146, -7.222320079999918 ], [ 112.710136414000203, -7.222380159999943 ], [ 112.710273742000027, -7.222380159999943 ], [ 112.710441590000073, -7.222360133999871 ], [ 112.710548400000221, -7.222340105999876 ], [ 112.710678101000212, -7.222239970999965 ], [ 112.710823058000187, -7.222109794999938 ], [ 112.710983276000093, -7.222020147999899 ], [ 112.711257934000059, -7.22191 ], [ 112.711357116000158, -7.22186994599997 ], [ 112.711402893000127, -7.221799849999968 ], [ 112.711372376000327, -7.221610068999894 ], [ 112.711311341000169, -7.221409796999922 ], [ 112.711090088000105, -7.221159934999946 ], [ 112.710708618000126, -7.220260142999848 ], [ 112.710517884000183, -7.219560144999946 ], [ 112.710487365000063, -7.219409942999846 ], [ 112.710510254000042, -7.219250200999966 ], [ 112.710540772000058, -7.219110011999874 ], [ 112.710487365000063, -7.218810079999969 ], [ 112.710319519000222, -7.218329904999905 ], [ 112.710296631000233, -7.218239783999934 ], [ 112.710243226000216, -7.218060016999971 ], [ 112.710136414000203, -7.217700004999926 ], [ 112.710151672000052, -7.217510223999966 ], [ 112.710479737000128, -7.217440127999907 ], [ 112.710777283000084, -7.217319964999945 ], [ 112.710868835000156, -7.217289923999942 ], [ 112.71101379400011, -7.21729993699995 ], [ 112.711112977000084, -7.217279910999821 ], [ 112.71211242600009, -7.216969965999908 ], [ 112.712303162000126, -7.216909885999939 ], [ 112.712356568000018, -7.216839789999881 ], [ 112.712463380000031, -7.216760158999875 ], [ 112.712661744000116, -7.216780184999948 ], [ 112.71304321200023, -7.21669006299993 ], [ 112.714141846000189, -7.216289996999876 ], [ 112.714363099000252, -7.21612977999996 ], [ 112.714462281000124, -7.216040134999901 ], [ 112.714637757000105, -7.215849875999879 ], [ 112.714912415000072, -7.215610027999958 ], [ 112.714996339000095, -7.215429781999944 ], [ 112.715110779000156, -7.215060233999907 ], [ 112.715171814000087, -7.214739798999972 ], [ 112.715187073000038, -7.2145800589999 ], [ 112.715133668000021, -7.214399813999819 ], [ 112.71514129600007, -7.214300155999922 ], [ 112.715187073000038, -7.214210031999926 ], [ 112.715393067000036, -7.214009761999876 ], [ 112.715568543000018, -7.213819980999972 ], [ 112.715660095000089, -7.21365022599997 ], [ 112.715682983000079, -7.213530062999951 ], [ 112.71563720600011, -7.213160037999899 ], [ 112.715499877000184, -7.212389946999963 ], [ 112.715423584000177, -7.212190149999969 ], [ 112.715133668000021, -7.2117700579999 ], [ 112.715133668000021, -7.211639880999883 ], [ 112.715118407000091, -7.211289882999893 ], [ 112.715057374000025, -7.211040020999917 ], [ 112.715026855000133, -7.210720060999904 ], [ 112.715049744000112, -7.210247993999928 ], [ 112.715057374000025, -7.21016979299992 ], [ 112.715118407000091, -7.210030078999921 ], [ 112.715309143000013, -7.209760188999894 ], [ 112.715469361000146, -7.209569929999873 ], [ 112.715629578000176, -7.209489822999899 ], [ 112.716049195000096, -7.209459781999897 ], [ 112.716377258000193, -7.209499835999907 ], [ 112.716728210000269, -7.209589957999924 ], [ 112.717369080000026, -7.209799765999946 ], [ 112.717453004000049, -7.209760188999894 ], [ 112.717620849000014, -7.209720133999951 ], [ 112.717666626000096, -7.209640025999875 ], [ 112.717697143000237, -7.209449768999946 ], [ 112.717666626000096, -7.209050177999927 ], [ 112.717697143000237, -7.208859920999942 ], [ 112.71778106700026, -7.208640098999922 ], [ 112.717872619000218, -7.208499906999975 ], [ 112.718276977000073, -7.207990167999981 ], [ 112.718597412, -7.207779882999887 ], [ 112.718650818000015, -7.207729815999926 ], [ 112.718688964000194, -7.207640171999969 ], [ 112.718673706000118, -7.207509992999974 ], [ 112.718597412, -7.207389831999876 ], [ 112.718536377000078, -7.207260130999884 ], [ 112.718566894000219, -7.207190035999929 ], [ 112.718650818000015, -7.207129954999971 ], [ 112.718811035000044, -7.207069872999966 ], [ 112.718978883000091, -7.207049846999894 ], [ 112.719108581000114, -7.207089900999904 ], [ 112.719238280000127, -7.207180022999921 ], [ 112.719306946000302, -7.207300185999941 ], [ 112.719558715000062, -7.20778989799993 ], [ 112.719688416000054, -7.208069801999898 ], [ 112.71987152200029, -7.208439826999893 ], [ 112.720100403000174, -7.2089200019999 ], [ 112.720283509000183, -7.209249971999952 ], [ 112.720710754000152, -7.210110186999884 ], [ 112.720787048000034, -7.210140228999876 ], [ 112.721038819000114, -7.210189818999936 ], [ 112.721183776000203, -7.210219859999825 ], [ 112.721420287000115, -7.21028995599994 ], [ 112.721519470000089, -7.21031999499985 ], [ 112.721588135000161, -7.210279940999897 ], [ 112.721710206000012, -7.210730075999948 ], [ 112.721916198000031, -7.211090087999878 ], [ 112.721946717000151, -7.211239814999942 ], [ 112.721946717000151, -7.211450099999979 ], [ 112.721931458000199, -7.211750028999973 ], [ 112.722000122000054, -7.211790083999972 ], [ 112.722183228000063, -7.211780070999964 ], [ 112.722587585000042, -7.211780070999964 ], [ 112.722877503000063, -7.211709974999906 ], [ 112.723190308000085, -7.211579798999878 ], [ 112.723640441000157, -7.211329936999903 ], [ 112.723731995000094, -7.21160983999988 ], [ 112.724166871000193, -7.212609766999947 ], [ 112.724258423000265, -7.212810038999976 ], [ 112.72429657000032, -7.21290016099988 ], [ 112.724838257000101, -7.214034555999945 ], [ 112.725021363000337, -7.214409828999919 ], [ 112.725311280000255, -7.215030192999905 ], [ 112.725372315000072, -7.215139865999959 ], [ 112.725425720000089, -7.215239524999902 ], [ 112.725921631, -7.21616983399997 ], [ 112.726242066000168, -7.21665000899992 ], [ 112.726409911000133, -7.216826438999931 ], [ 112.726470947000053, -7.216889857999945 ], [ 112.7268219, -7.217199801999925 ], [ 112.727546692000146, -7.21775007299982 ], [ 112.727813722000178, -7.2179198259999 ], [ 112.728279114000316, -7.218180179999877 ], [ 112.729347229000155, -7.218870162999963 ], [ 112.729400634000058, -7.218949793999968 ], [ 112.729492188000108, -7.218933105999895 ], [ 112.72966766400009, -7.218900203999965 ], [ 112.729873658000088, -7.21897983599996 ], [ 112.729988099000025, -7.219049930999972 ], [ 112.730056762000117, -7.219089984999925 ], [ 112.730171205000147, -7.219250200999966 ], [ 112.730209351000099, -7.219359873999963 ], [ 112.730178833000082, -7.219570159999932 ], [ 112.730110169000227, -7.219669817999943 ], [ 112.730331420000311, -7.219870089999972 ], [ 112.730392455000128, -7.219920156999933 ], [ 112.730491638000103, -7.219999790999964 ], [ 112.73056793100011, -7.220200061999947 ], [ 112.730667113000095, -7.220379828999967 ], [ 112.730812072000163, -7.220689772999947 ], [ 112.73098754800003, -7.221139906999895 ], [ 112.731033325000226, -7.221210002999896 ], [ 112.731094361000146, -7.221327304999932 ], [ 112.7312393200001, -7.221168517999956 ], [ 112.731491089000087, -7.220941542999981 ], [ 112.731552124000018, -7.220885276999979 ], [ 112.731826782000098, -7.220738410999957 ], [ 112.732192992000023, -7.220606326999871 ], [ 112.732452392000141, -7.22058153099988 ], [ 112.732543946000078, -7.220592020999959 ], [ 112.732391357000097, -7.221665381999856 ], [ 112.732261658000198, -7.222597597999879 ], [ 112.732231141000057, -7.222859859999915 ], [ 112.732162476000099, -7.223360060999937 ], [ 112.732147217000033, -7.223470210999949 ], [ 112.732032777000086, -7.22420978599996 ], [ 112.7319335950001, -7.224532602999943 ], [ 112.73165130700022, -7.225279807999925 ], [ 112.730911255000024, -7.226940153999919 ], [ 112.730812072000163, -7.227149962999874 ], [ 112.730178833000082, -7.228569984999979 ], [ 112.729949952000197, -7.229040144999942 ], [ 112.729911805000143, -7.229117392999967 ], [ 112.729682922000165, -7.229569911999931 ], [ 112.729621887, -7.229680061999943 ], [ 112.729461669000216, -7.23004007399993 ], [ 112.729110718000015, -7.230669975999888 ], [ 112.728889465000066, -7.23104000099994 ], [ 112.728851318000238, -7.231108665999955 ], [ 112.72879028300008, -7.23121023099992 ], [ 112.728408813000101, -7.231979846999934 ], [ 112.72840118400029, -7.232098579999956 ], [ 112.72840118400029, -7.232190131999971 ], [ 112.728485108000314, -7.23237085299985 ], [ 112.728660584000068, -7.232643602999929 ], [ 112.728698731, -7.232719896999924 ], [ 112.729003905000013, -7.233018875999903 ], [ 112.729072571000188, -7.233079910999891 ], [ 112.729156495000211, -7.233170032999965 ], [ 112.729393006000123, -7.233379839999941 ], [ 112.729537963000098, -7.233501433999947 ], [ 112.729858398000033, -7.233759879999923 ], [ 112.729934691000039, -7.233816622999939 ], [ 112.730041504000155, -7.233900069999891 ], [ 112.73036193900009, -7.234169959999917 ], [ 112.730491638000103, -7.234256743999936 ], [ 112.730728149000015, -7.234419821999893 ], [ 112.730735779000156, -7.234291552999935 ], [ 112.73074340900007, -7.234220026999878 ], [ 112.730796814000087, -7.233860014999948 ], [ 112.730827331000228, -7.233650207999915 ], [ 112.730873108000196, -7.233264922999922 ], [ 112.730903626000099, -7.233049869999888 ], [ 112.730949401000203, -7.232399939999937 ], [ 112.731147766000049, -7.232429980999939 ], [ 112.7312393200001, -7.232439993999947 ], [ 112.731376649000026, -7.232490062999943 ], [ 112.732322693000128, -7.232845304999955 ], [ 112.732421875000341, -7.232881546999977 ], [ 112.732872009000289, -7.233049869999888 ], [ 112.732963563000226, -7.233092783999894 ], [ 112.733421325000108, -7.233290195999871 ], [ 112.733589172000052, -7.233359813999868 ], [ 112.733879089000084, -7.233530044999839 ], [ 112.734199524000132, -7.233663558999979 ], [ 112.734291078000069, -7.233699797999918 ], [ 112.734741211000028, -7.2338209159999 ], [ 112.735183715000062, -7.233940123999901 ], [ 112.735313416000054, -7.233970164999903 ], [ 112.735336304000043, -7.233760355999948 ], [ 112.735397340000077, -7.233180045999916 ], [ 112.73542022800018, -7.232900142999938 ], [ 112.735412598000266, -7.232774256999903 ], [ 112.735412598000266, -7.232629774999964 ], [ 112.734580994000225, -7.23240995499998 ], [ 112.734390260000055, -7.232339858999921 ], [ 112.734489440000061, -7.23183011999987 ], [ 112.734573364000084, -7.231413362999945 ], [ 112.734596252000074, -7.231329916999869 ], [ 112.734619141000053, -7.231258390999926 ], [ 112.734680176000097, -7.231080054999893 ], [ 112.734848022000051, -7.230659960999958 ], [ 112.735626220000199, -7.230909823999923 ], [ 112.735893250000117, -7.230959891999873 ], [ 112.735977172000048, -7.230989932999876 ], [ 112.736267090000069, -7.231070041999942 ], [ 112.736808776000316, -7.231200217999969 ], [ 112.737380982000104, -7.231329916999869 ], [ 112.737609863000102, -7.231379985999922 ], [ 112.737670899000022, -7.231420040999978 ], [ 112.73770141500006, -7.231500148999942 ], [ 112.737846374000014, -7.231579780999937 ], [ 112.73802948000025, -7.231579780999937 ], [ 112.738159179000036, -7.2315602299999 ], [ 112.7382507330002, -7.231639860999962 ], [ 112.7382736200002, -7.231709956999964 ], [ 112.738281250000114, -7.231800078999981 ], [ 112.738281250000114, -7.231890200999942 ], [ 112.738288880000027, -7.232059955999944 ], [ 112.73829650800019, -7.232174395999948 ], [ 112.73831176900012, -7.23231983099987 ], [ 112.738327027000082, -7.232450008999933 ], [ 112.738357544000223, -7.232580184999961 ], [ 112.738372802000072, -7.232659816999956 ], [ 112.738403321000192, -7.232769966999911 ], [ 112.73841857900004, -7.232850074999874 ], [ 112.738449097000057, -7.23293018399994 ], [ 112.738487244000112, -7.233059882999839 ], [ 112.738517761000026, -7.233150004999914 ], [ 112.738548280000032, -7.233236788999932 ], [ 112.738586426000325, -7.23332977299998 ], [ 112.738639832000104, -7.233459948999894 ], [ 112.738670348000028, -7.23354005799996 ], [ 112.738693237, -7.233620166999913 ], [ 112.738723755000024, -7.23368978499991 ], [ 112.738761902000078, -7.233809947999816 ], [ 112.738800049000019, -7.233940123999901 ], [ 112.738830566000274, -7.234029770999882 ], [ 112.738853454000036, -7.234129904999975 ], [ 112.738861084000177, -7.23420858399993 ], [ 112.738868713000102, -7.234360218999939 ], [ 112.738861084000177, -7.23445987599996 ], [ 112.738853454000036, -7.234539984999913 ], [ 112.738853454000036, -7.234620093999979 ], [ 112.738830566000274, -7.234749793999924 ], [ 112.738807677000068, -7.234829902999934 ], [ 112.73877716100003, -7.234950065999897 ], [ 112.738746644000116, -7.235099792999961 ], [ 112.738731384000062, -7.235179899999935 ], [ 112.738708495000083, -7.235260008999887 ], [ 112.738693237, -7.235340116999964 ], [ 112.738670348000028, -7.235420225999974 ], [ 112.738647462000017, -7.235509872999955 ], [ 112.738632201000087, -7.235589980999919 ], [ 112.738601685000049, -7.235670089999871 ], [ 112.73857879600007, -7.235760211999889 ], [ 112.738548280000032, -7.235839842999894 ], [ 112.738533019000101, -7.235929964999968 ], [ 112.738502503000063, -7.236010073999978 ], [ 112.738471984000057, -7.236110210999868 ], [ 112.738441467000143, -7.236199854999938 ], [ 112.738403321000192, -7.236299991999942 ], [ 112.738372802000072, -7.236400126999968 ], [ 112.738327027000082, -7.236499785999968 ], [ 112.738319397000168, -7.23657989499992 ], [ 112.738288880000027, -7.236680029999945 ], [ 112.7382507330002, -7.236780641999928 ], [ 112.73819732600009, -7.23688983999989 ], [ 112.738166809000177, -7.236979960999975 ], [ 112.738151551000101, -7.23706006999987 ], [ 112.738121032000208, -7.237140178999937 ], [ 112.738098144000105, -7.237209796999934 ], [ 112.738052369000116, -7.23736 ], [ 112.738021850000109, -7.237470149999979 ], [ 112.737991334000071, -7.237549780999871 ], [ 112.737968445000092, -7.237619876999929 ], [ 112.737937926000313, -7.2377099979999 ], [ 112.737907410000275, -7.237790106999967 ], [ 112.737869263000221, -7.237929820999966 ], [ 112.737838744000101, -7.238049983999872 ], [ 112.737823486000252, -7.238140105999889 ], [ 112.737808228000063, -7.238230227999964 ], [ 112.737800598000149, -7.238319873999956 ], [ 112.737800598000149, -7.238450049999869 ], [ 112.737800598000149, -7.238580226999886 ], [ 112.737808228000063, -7.238659857999892 ], [ 112.737831116000052, -7.23877000799996 ], [ 112.737861633000307, -7.238860129999978 ], [ 112.737876891000155, -7.23893976099987 ], [ 112.737907410000275, -7.239019869999936 ], [ 112.737937926000313, -7.239099978999889 ], [ 112.737991334000071, -7.239200114999846 ], [ 112.738037109000061, -7.239309787999957 ], [ 112.738082886000029, -7.239399909999918 ], [ 112.738128663000225, -7.23951005999993 ], [ 112.738182068000128, -7.239620207999963 ], [ 112.738220215000183, -7.23968982599996 ], [ 112.7382736200002, -7.239789962999964 ], [ 112.73829650800019, -7.23986005699993 ], [ 112.738342285000158, -7.239920138999935 ], [ 112.738388062000126, -7.239990234999937 ], [ 112.738441467000143, -7.240069865999942 ], [ 112.738502503000063, -7.240159987999959 ], [ 112.738548280000032, -7.240220070999953 ], [ 112.738601685000049, -7.240290163999873 ], [ 112.738632201000087, -7.240359304999913 ], [ 112.738693237, -7.240449903999945 ], [ 112.738723755000024, -7.240530012999898 ], [ 112.738769530000013, -7.240670203999969 ], [ 112.738807677000068, -7.240789889999917 ], [ 112.738830566000274, -7.240869998999813 ], [ 112.738853454000036, -7.240950107999936 ], [ 112.738868713000102, -7.241030215999899 ], [ 112.738891601000091, -7.241119860999959 ], [ 112.738922120000211, -7.241250038999965 ], [ 112.738929748000146, -7.241340160999812 ], [ 112.738952636000249, -7.241439817999947 ], [ 112.738967895000201, -7.241539954999894 ], [ 112.738990783000077, -7.241640089999919 ], [ 112.739021302000083, -7.241749762999973 ], [ 112.739036560000045, -7.241849899999977 ], [ 112.739059449000138, -7.241960047999953 ], [ 112.739082337000013, -7.242060184999957 ], [ 112.739112854000041, -7.242199897999967 ], [ 112.73912811200023, -7.242290019999871 ], [ 112.739158631, -7.242370128999937 ], [ 112.739196778000064, -7.242479801999934 ], [ 112.739242555000033, -7.242559909999898 ], [ 112.739280701000098, -7.242640018999964 ], [ 112.739326476000087, -7.24271011299993 ], [ 112.739402770000197, -7.242819784999938 ], [ 112.739448547000165, -7.24288988099994 ], [ 112.739509582000323, -7.242969989999949 ], [ 112.739578248000157, -7.24306011199991 ], [ 112.739639281000109, -7.243130206999922 ], [ 112.739723205000018, -7.243219851999982 ], [ 112.739776612000014, -7.243279933999816 ], [ 112.739852906000124, -7.243340014999887 ], [ 112.73992919900013, -7.243390081999962 ], [ 112.73999023500005, -7.243440151999948 ], [ 112.740058898000143, -7.243470190999915 ], [ 112.74015045200008, -7.243519782999954 ], [ 112.740219116000048, -7.243549823999956 ], [ 112.740356445000316, -7.243589878999956 ], [ 112.740493774000015, -7.243619917999979 ], [ 112.740638733000083, -7.243639945999917 ], [ 112.740737915000068, -7.243649958999981 ], [ 112.740837097000167, -7.243659971999818 ], [ 112.740951538000104, -7.243669986999919 ], [ 112.74105835000023, -7.243669986999919 ], [ 112.741157532000102, -7.24367999999987 ], [ 112.741271973000039, -7.24367999999987 ], [ 112.741363525000111, -7.24367999999987 ], [ 112.741447448000258, -7.24367999999987 ], [ 112.741523742000027, -7.243669986999919 ], [ 112.74160766600005, -7.243669986999919 ], [ 112.741691590000073, -7.243669986999919 ], [ 112.741836549000027, -7.24367999999987 ], [ 112.741920471000071, -7.243690013999981 ], [ 112.741996764000078, -7.243700026999932 ], [ 112.742118835000156, -7.243720054999926 ], [ 112.742218017000027, -7.243740080999942 ], [ 112.742309571000078, -7.243770121999944 ], [ 112.742401123000036, -7.243820189999951 ], [ 112.742469788000108, -7.243869781999933 ], [ 112.742523194000114, -7.243939874999967 ], [ 112.742591857000207, -7.244032381999887 ], [ 112.742507935000162, -7.244100092999929 ], [ 112.742202759000179, -7.24412012099998 ] ] ] ] } },
{ "type": "Feature", "properties": { "GID_3": "IDN.11.35.14_1", "GID_0": "IDN", "COUNTRY": "Indonesia", "GID_1": "IDN.11_1", "NAME_1": "Jawa Timur", "NL_NAME_1": "NA", "GID_2": "IDN.11.35_1", "NAME_2": "Surabaya", "NL_NAME_2": "NA", "NAME_3": "Lakarsantri", "VARNAME_3": "NA", "NL_NAME_3": "NA", "TYPE_3": "Kecamatan", "ENGTYPE_3": "Sub-district", "CC_3": "3578140", "HASC_3": "NA", "LULC2021": 46, "LULC2022": 45, "LULC2023": 47, "LULC2024": 47, "Kecamatan": "Lakarsantri", "UFSI": 45474946962700000.0, "Kelas_Gena": "Sedang", "n_titik_PU": 6, "Kelas_PU_2": "Sedang", "Validasi": "Match", "Risiko_DBD": "10.007.642.606.708.200", "Kelas_DBD": "Sangat Rendah", "Ranking": 26 }, "geometry": { "type": "MultiPolygon", "coordinates": [ [ [ [ 112.655105590000062, -7.35688829299994 ], [ 112.654708861000017, -7.356721877999973 ], [ 112.654380798000034, -7.356211185999882 ], [ 112.65515136700003, -7.353210447999913 ], [ 112.655708313000105, -7.349159717999953 ], [ 112.655975341000044, -7.345558641999901 ], [ 112.655754090000073, -7.342586039999901 ], [ 112.654983521000077, -7.34055614499988 ], [ 112.654632568000011, -7.340078829999925 ], [ 112.654426575000116, -7.340102195999975 ], [ 112.653831482000214, -7.338997839999934 ], [ 112.652008057000216, -7.337532995999936 ], [ 112.650253295000198, -7.336403369999914 ], [ 112.648506165000072, -7.335300445999962 ], [ 112.64857482900004, -7.334816455999885 ], [ 112.64857482900004, -7.334239958999888 ], [ 112.648780823000038, -7.33360147399992 ], [ 112.648895264000203, -7.333461284999942 ], [ 112.649032593000015, -7.333040712999946 ], [ 112.649162292000028, -7.33272266299997 ], [ 112.649139405000028, -7.332417010999961 ], [ 112.649139405000028, -7.331677913999897 ], [ 112.649108886000022, -7.331155776999879 ], [ 112.649101258000314, -7.330480574999967 ], [ 112.649047851000091, -7.329486845999895 ], [ 112.649032593000015, -7.329155920999881 ], [ 112.6492309570001, -7.328862666999953 ], [ 112.649383544000102, -7.328620910999916 ], [ 112.649383544000102, -7.328493594999884 ], [ 112.649497987000018, -7.328200340999956 ], [ 112.649620055000014, -7.328047751999918 ], [ 112.650016784000059, -7.327742099999966 ], [ 112.650138855000137, -7.327742099999966 ], [ 112.650138855000137, -7.327623843999959 ], [ 112.650230409000073, -7.327058791999832 ], [ 112.650260925000111, -7.32678317999995 ], [ 112.650398254000038, -7.325302599999929 ], [ 112.650421143000017, -7.325058458999877 ], [ 112.650527955000143, -7.324170111999933 ], [ 112.650611877000188, -7.323579311999879 ], [ 112.650695801000211, -7.323003767999978 ], [ 112.650741578000179, -7.322682856999961 ], [ 112.650878907000106, -7.321515559999909 ], [ 112.650840760000051, -7.321432590999962 ], [ 112.65080261300011, -7.321352957999977 ], [ 112.650756836000028, -7.321270465999874 ], [ 112.650764466000055, -7.321186064999949 ], [ 112.650733948000038, -7.32104539799991 ], [ 112.650672912, -7.320956228999933 ], [ 112.650596619000112, -7.320888518999936 ], [ 112.65048980600011, -7.320792673999961 ], [ 112.650337219000221, -7.320657252999979 ], [ 112.650253295000198, -7.320519445999935 ], [ 112.650245667000036, -7.320342539999956 ], [ 112.65014648500005, -7.320150375999958 ], [ 112.650070191000282, -7.320029257999977 ], [ 112.649917602000187, -7.319922922999979 ], [ 112.64978790300006, -7.319879530999913 ], [ 112.649719238000102, -7.319826125999953 ], [ 112.649650574000134, -7.319763182999964 ], [ 112.649581909000062, -7.319693087999951 ], [ 112.649520873000142, -7.319625376999852 ], [ 112.649436951000098, -7.31952857999994 ], [ 112.649391174000016, -7.319469451999908 ], [ 112.649291992000144, -7.319419859999812 ], [ 112.649223327000072, -7.319375037999919 ], [ 112.649101258000314, -7.319321154999898 ], [ 112.648986816000047, -7.319314001999942 ], [ 112.648818970000093, -7.319277285999931 ], [ 112.648651122000047, -7.319269179999935 ], [ 112.648506165000072, -7.319252966999954 ], [ 112.648399353000059, -7.31912231299998 ], [ 112.648338318000128, -7.318987368999899 ], [ 112.648399353000059, -7.318746565999959 ], [ 112.648437500000114, -7.318501948999881 ], [ 112.648498535000272, -7.318240641999921 ], [ 112.648567201000105, -7.31797170699997 ], [ 112.648628234000057, -7.317759513999931 ], [ 112.648658753000063, -7.317553041999872 ], [ 112.648681641000167, -7.317369460999885 ], [ 112.648727416000156, -7.317100525999933 ], [ 112.64873504600007, -7.31690835899991 ], [ 112.648750305000021, -7.316802501999973 ], [ 112.648818970000093, -7.316679953999937 ], [ 112.648849487, -7.316553592999981 ], [ 112.648941041000171, -7.316266058999872 ], [ 112.648971557000209, -7.31595182399991 ], [ 112.649017334000177, -7.315727233999894 ], [ 112.649047851000091, -7.315567968999972 ], [ 112.64909362800006, -7.315408706999904 ], [ 112.649139405000028, -7.315145491999886 ], [ 112.649169922000169, -7.314974308999979 ], [ 112.649238587000013, -7.314823148999949 ], [ 112.649353028000064, -7.314563273999966 ], [ 112.648796082000104, -7.314485550999905 ], [ 112.648025513000221, -7.314379690999942 ], [ 112.647613526000328, -7.314310072999888 ], [ 112.647392273000037, -7.314272880999908 ], [ 112.646034240000063, -7.314128398999969 ], [ 112.64491272000032, -7.31411314099995 ], [ 112.64422607500012, -7.314041614999951 ], [ 112.64334869400011, -7.313844680999921 ], [ 112.642929077000076, -7.313732147999929 ], [ 112.642410278000057, -7.313605784999879 ], [ 112.642036438000218, -7.313551901999972 ], [ 112.641593934000184, -7.313326358999916 ], [ 112.641380309000169, -7.313229083999886 ], [ 112.641281127000184, -7.313218593999977 ], [ 112.64089965900007, -7.313597201999869 ], [ 112.640777588000105, -7.31369495399997 ], [ 112.640609741000048, -7.313744543999974 ], [ 112.640296936000027, -7.313632487999939 ], [ 112.640060425000229, -7.313543318999962 ], [ 112.639717101000087, -7.31350278799988 ], [ 112.639282226000091, -7.31354284199989 ], [ 112.639152527000078, -7.313545226999906 ], [ 112.639030457000104, -7.31349420499987 ], [ 112.638847351000209, -7.313306330999978 ], [ 112.638656616000162, -7.313066481999954 ], [ 112.638496399000132, -7.312946795999949 ], [ 112.638244630000031, -7.31285238199996 ], [ 112.63806915400005, -7.31281566499996 ], [ 112.637535096000079, -7.312979219999818 ], [ 112.637252808000198, -7.313059806999888 ], [ 112.637001037, -7.313098907999972 ], [ 112.636482239000088, -7.312897203999967 ], [ 112.636520386000143, -7.312550067999837 ], [ 112.636589050000111, -7.311930178999944 ], [ 112.636596680000025, -7.311502933999975 ], [ 112.633972167000024, -7.311443805999943 ], [ 112.633712768, -7.311438082999928 ], [ 112.630912781000234, -7.311544417999926 ], [ 112.629417419000106, -7.311640262999958 ], [ 112.629257201000087, -7.309156417999873 ], [ 112.629241943000011, -7.309084414999973 ], [ 112.629142761000026, -7.308590888999902 ], [ 112.629264831000114, -7.308536529999913 ], [ 112.628852845000324, -7.304210186999967 ], [ 112.628776551000101, -7.303341865999926 ], [ 112.628669739000088, -7.302687644999935 ], [ 112.628738404000046, -7.302593230999946 ], [ 112.628807068000015, -7.302485942999965 ], [ 112.628829956000118, -7.302401541999927 ], [ 112.628730774000132, -7.302189826999893 ], [ 112.628692627000078, -7.30207061699997 ], [ 112.628730774000132, -7.301601886999833 ], [ 112.628738404000046, -7.301443099999915 ], [ 112.628692627000078, -7.301264285999878 ], [ 112.628585815000065, -7.301051615999938 ], [ 112.628433227000073, -7.300870417999874 ], [ 112.628356934000067, -7.300780295999971 ], [ 112.627784729000041, -7.300681590999886 ], [ 112.627426148000154, -7.30041789899991 ], [ 112.626220704000048, -7.300080298999944 ], [ 112.626373291000164, -7.29995822799998 ], [ 112.626426696000067, -7.299870013999964 ], [ 112.626525878000052, -7.299641132999966 ], [ 112.626762389000078, -7.299080848999949 ], [ 112.626838685000166, -7.298888682999973 ], [ 112.626907348000032, -7.298755168999946 ], [ 112.626991272000055, -7.298657893999973 ], [ 112.627105713000219, -7.298534870999902 ], [ 112.627349854000045, -7.29825544299996 ], [ 112.627433776000089, -7.298015593999935 ], [ 112.627578735000043, -7.29762363299983 ], [ 112.627708436000034, -7.297149180999895 ], [ 112.627769471000079, -7.296852588999968 ], [ 112.627807618000134, -7.296683788999871 ], [ 112.627868653000064, -7.296435832999975 ], [ 112.627914428000054, -7.29621028899993 ], [ 112.628005982000332, -7.295942781999941 ], [ 112.628028869000218, -7.295859335999978 ], [ 112.628074646000186, -7.295547960999954 ], [ 112.62818908600002, -7.294842719999963 ], [ 112.62829589900025, -7.294229506999841 ], [ 112.628326415000288, -7.293775080999978 ], [ 112.628387450000105, -7.293478965999896 ], [ 112.628471374000128, -7.292933940999944 ], [ 112.62854766800001, -7.292165754999871 ], [ 112.628570556000113, -7.29144716199994 ], [ 112.628570556000113, -7.290703773999951 ], [ 112.628555298000151, -7.289960383999926 ], [ 112.628631592000033, -7.28973722399985 ], [ 112.628654480000023, -7.289639948999877 ], [ 112.628738404000046, -7.289629935999926 ], [ 112.628936768000131, -7.289500234999934 ], [ 112.628997804000164, -7.289460182999903 ], [ 112.629188538000108, -7.289340019999941 ], [ 112.629623413000104, -7.289209841999934 ], [ 112.629966737000132, -7.289120196999932 ], [ 112.630508422000048, -7.28910016899988 ], [ 112.630599976000212, -7.28910016899988 ], [ 112.630882262000114, -7.28910016899988 ], [ 112.631401062, -7.288849829999947 ], [ 112.631652831000224, -7.28875017199988 ], [ 112.631843567000033, -7.288680076999867 ], [ 112.632499695000092, -7.288650034999932 ], [ 112.632598878000067, -7.28870010299994 ], [ 112.633140563000211, -7.288899898999944 ], [ 112.633460998000146, -7.289020059999928 ], [ 112.63372039800015, -7.289090155999929 ], [ 112.634086610000054, -7.289050101999919 ], [ 112.634498597000061, -7.289110183999924 ], [ 112.634819031, -7.289140222999947 ], [ 112.635047912, -7.289120196999932 ], [ 112.635124206000114, -7.289097308999942 ], [ 112.635292054000161, -7.289050101999919 ], [ 112.635581970000089, -7.288909911999951 ], [ 112.6359176630001, -7.28875017199988 ], [ 112.636207581000122, -7.288650034999932 ], [ 112.636528014000078, -7.288549899999907 ], [ 112.636688232000211, -7.288569926999969 ], [ 112.636741639000093, -7.288660047999883 ], [ 112.636833191000051, -7.28875017199988 ], [ 112.636894226000209, -7.28880739199991 ], [ 112.637023925000108, -7.288955686999941 ], [ 112.637100219000104, -7.289040565999926 ], [ 112.637268066000047, -7.289245127999891 ], [ 112.63748931900011, -7.289040088999968 ], [ 112.637657165000178, -7.288899898999944 ], [ 112.638038635000044, -7.288720130999877 ], [ 112.63820648300009, -7.288690089999875 ], [ 112.639038087000017, -7.288670062999927 ], [ 112.639549256000123, -7.288660047999883 ], [ 112.639739990000066, -7.288650034999932 ], [ 112.640060425000229, -7.288640021999925 ], [ 112.640411376000202, -7.28857993999992 ], [ 112.640663148000044, -7.288539884999977 ], [ 112.640968322000276, -7.288539884999977 ], [ 112.641181945000085, -7.28856658899997 ], [ 112.641410828000176, -7.288599967999971 ], [ 112.641693116000056, -7.288650034999932 ], [ 112.641868592000037, -7.288670062999927 ], [ 112.642227174000027, -7.288677215999883 ], [ 112.642372131000343, -7.288680076999867 ], [ 112.642761231, -7.288650034999932 ], [ 112.642951965000179, -7.288660047999883 ], [ 112.643478393, -7.288680076999867 ], [ 112.643997192000029, -7.288770197999952 ], [ 112.644187928000065, -7.288839816999939 ], [ 112.645172119000222, -7.288909911999951 ], [ 112.645599365000066, -7.288879870999949 ], [ 112.645790101000216, -7.288839816999939 ], [ 112.645881653000288, -7.288819789999877 ], [ 112.64626312300004, -7.288730143999942 ], [ 112.646751403000167, -7.28861999399993 ], [ 112.647293091000051, -7.288539884999977 ], [ 112.647399901000199, -7.288522243999864 ], [ 112.647682190000182, -7.288450240999964 ], [ 112.647750855000027, -7.288494587999878 ], [ 112.648185730000023, -7.290487288999827 ], [ 112.648391723000145, -7.291504858999929 ], [ 112.649360656000113, -7.291220665999845 ], [ 112.650245667000036, -7.290960788999939 ], [ 112.650596619000112, -7.290857790999951 ], [ 112.650535583000078, -7.290356159999874 ], [ 112.650627137000015, -7.29035949799993 ], [ 112.65206146200012, -7.290416240999889 ], [ 112.652076721000071, -7.289963243999978 ], [ 112.654144287, -7.289999960999978 ], [ 112.65437316800012, -7.290003775999878 ], [ 112.655624389000081, -7.290025709999895 ], [ 112.655891419000227, -7.289601801999936 ], [ 112.655967713000109, -7.289629935999926 ], [ 112.656700134000062, -7.289889335999931 ], [ 112.65679168600002, -7.289746761999936 ], [ 112.657638551000332, -7.28992557499987 ], [ 112.658638000000337, -7.290137289999905 ], [ 112.660041809000063, -7.290520190999871 ], [ 112.660789489000081, -7.290686130999916 ], [ 112.662345887000129, -7.290970801999947 ], [ 112.662467957000104, -7.290989399999887 ], [ 112.663139344000115, -7.291116237999972 ], [ 112.663276673000041, -7.291140556999949 ], [ 112.665428161000023, -7.291415214999972 ], [ 112.666275023000139, -7.291523932999951 ], [ 112.666481018000013, -7.291686057999868 ], [ 112.667022706000239, -7.291742801999874 ], [ 112.667373657000098, -7.291854380999951 ], [ 112.668067932000213, -7.291898726999875 ], [ 112.66826629600007, -7.291697977999888 ], [ 112.668395995000083, -7.291714190999926 ], [ 112.668624878000287, -7.291742801999874 ], [ 112.668983460000163, -7.291765213999952 ], [ 112.669425964000311, -7.291854380999951 ], [ 112.669654846000071, -7.292121887999883 ], [ 112.671142579000161, -7.292456148999918 ], [ 112.671501160000048, -7.292603969999902 ], [ 112.671516419000227, -7.292475223999929 ], [ 112.671936036000034, -7.292523383999878 ], [ 112.671714783000084, -7.293796061999956 ], [ 112.672248841000055, -7.293903826999895 ], [ 112.672317504000148, -7.293959140999959 ], [ 112.672317504000148, -7.294166563999966 ], [ 112.672904969000115, -7.294170855999937 ], [ 112.673164368000016, -7.294172286999981 ], [ 112.674530030000028, -7.294216632999905 ], [ 112.675567626000088, -7.294250487999875 ], [ 112.675567626000088, -7.294471262999934 ], [ 112.67555999800004, -7.296409128999869 ], [ 112.675567626000088, -7.296689986999922 ], [ 112.675582887000019, -7.297309875999872 ], [ 112.675590515000295, -7.297850130999905 ], [ 112.675582887000019, -7.298307417999979 ], [ 112.675582887000019, -7.298570154999879 ], [ 112.675582887000019, -7.299180030999821 ], [ 112.675582887000019, -7.299283027999877 ], [ 112.675384522000058, -7.29946851699998 ], [ 112.675239563000218, -7.299605845999963 ], [ 112.674201965000179, -7.300127505999967 ], [ 112.674087524000015, -7.300218581999957 ], [ 112.674041747000047, -7.300717352999925 ], [ 112.673789978000059, -7.301897048999933 ], [ 112.673789978000059, -7.302259922999895 ], [ 112.673927307000213, -7.302940367999895 ], [ 112.674087524000015, -7.303099154999927 ], [ 112.674476623000146, -7.303594587999953 ], [ 112.674346924000019, -7.303858279999929 ], [ 112.674308777000078, -7.303929805999871 ], [ 112.674308777000078, -7.304307460999951 ], [ 112.674308777000078, -7.304530143999898 ], [ 112.674301147000051, -7.304950236999957 ], [ 112.674293519000116, -7.305488108999953 ], [ 112.674316405000013, -7.305860041999892 ], [ 112.674362182000209, -7.306200027999978 ], [ 112.674377441000161, -7.306479930999956 ], [ 112.674362182000209, -7.307030200999975 ], [ 112.674316405000013, -7.307320117999893 ], [ 112.674308777000078, -7.307405471999971 ], [ 112.674232483000196, -7.307869910999955 ], [ 112.674171448000038, -7.308279989999846 ], [ 112.674079894000101, -7.308690071999933 ], [ 112.674057008000204, -7.30886745499987 ], [ 112.674003601000095, -7.309289931999899 ], [ 112.673973084000181, -7.309500216999822 ], [ 112.673881530000017, -7.309897422999825 ], [ 112.673851013000103, -7.310019968999939 ], [ 112.673759461000145, -7.310500143999946 ], [ 112.67372131400009, -7.310665606999976 ], [ 112.67360687200005, -7.311160087999951 ], [ 112.67352295, -7.311590194999894 ], [ 112.67350006200013, -7.311692714999936 ], [ 112.673370361000138, -7.312300205999918 ], [ 112.673355102000187, -7.312373636999894 ], [ 112.673294067000029, -7.312614917999952 ], [ 112.673118591000048, -7.313360212999896 ], [ 112.672981262, -7.314060210999969 ], [ 112.672798156000113, -7.314459799999952 ], [ 112.672653197000045, -7.314866542999937 ], [ 112.672363281000116, -7.315700052999944 ], [ 112.671836854000162, -7.316850183999975 ], [ 112.671623229000147, -7.317120073999945 ], [ 112.671569824000244, -7.31719016999989 ], [ 112.671607971000071, -7.317530155999975 ], [ 112.672409058000085, -7.31764364199995 ], [ 112.673217774000022, -7.317760466999914 ], [ 112.674415587000112, -7.318007468999895 ], [ 112.675498963000223, -7.31831550499993 ], [ 112.675834656, -7.318410396999866 ], [ 112.677337647000058, -7.318787574999874 ], [ 112.677825927000185, -7.318930148999868 ], [ 112.67800140300028, -7.318981170999905 ], [ 112.678100585000152, -7.319039821999979 ], [ 112.678436278000163, -7.319149971999934 ], [ 112.678878784000176, -7.319275854999887 ], [ 112.679100037000239, -7.319340227999874 ], [ 112.679199219000111, -7.319359778999967 ], [ 112.679222107000214, -7.319439887999977 ], [ 112.679428100000109, -7.323680876999958 ], [ 112.679542542000036, -7.32479000099994 ], [ 112.679527282000322, -7.325200080999934 ], [ 112.679512024000132, -7.325554846999978 ], [ 112.679443360000164, -7.327270984999871 ], [ 112.679443360000164, -7.327410220999866 ], [ 112.679260254000042, -7.32877015999992 ], [ 112.679153442000143, -7.328951358999916 ], [ 112.678916931000231, -7.329339981999908 ], [ 112.678619384000172, -7.329639910999958 ], [ 112.677566528000057, -7.330188273999966 ], [ 112.677200318000018, -7.330380915999967 ], [ 112.676666260000047, -7.33033847899992 ], [ 112.676307678000057, -7.330297468999902 ], [ 112.675949097000171, -7.331231592999927 ], [ 112.675689697000166, -7.331423281999889 ], [ 112.675476074000017, -7.331830500999956 ], [ 112.67539978100001, -7.331973552999955 ], [ 112.675109862000227, -7.332858561999899 ], [ 112.674995422000165, -7.333103655999935 ], [ 112.674919128000056, -7.333185194999942 ], [ 112.674835204000033, -7.333250044999886 ], [ 112.674743652000302, -7.333504199999936 ], [ 112.674736022000047, -7.333754061999912 ], [ 112.674636840000176, -7.33417034099989 ], [ 112.674629212000241, -7.334244251999962 ], [ 112.674659729000041, -7.334327697999981 ], [ 112.674621582000327, -7.334507941999959 ], [ 112.674659729000041, -7.334577082999886 ], [ 112.674629212000241, -7.334660053999926 ], [ 112.673530578000168, -7.334139823999976 ], [ 112.673057556000231, -7.334030151999968 ], [ 112.672760010000161, -7.334020138999904 ], [ 112.67244720500014, -7.334040164999976 ], [ 112.67185211200001, -7.334169863999875 ], [ 112.671638489000202, -7.334159849999935 ], [ 112.671691895000095, -7.334469794999904 ], [ 112.671730041000046, -7.334650038999882 ], [ 112.67170715300017, -7.334799765999946 ], [ 112.671722411000019, -7.334939956999904 ], [ 112.67170715300017, -7.335080145999939 ], [ 112.671676636000029, -7.335509775999981 ], [ 112.671752930000139, -7.336009978999869 ], [ 112.671768188000101, -7.336209773999883 ], [ 112.671302796000191, -7.336649893999891 ], [ 112.670791625000106, -7.33659982699993 ], [ 112.670181274000129, -7.336219786999948 ], [ 112.669548034000286, -7.335680006999951 ], [ 112.669120789000203, -7.335420131999911 ], [ 112.668495177000182, -7.335212229999968 ], [ 112.668067932000213, -7.335010051999916 ], [ 112.667861938000101, -7.335000036999929 ], [ 112.66732788000013, -7.334969997999906 ], [ 112.667198181000117, -7.334992408999881 ], [ 112.666481018000013, -7.335120199999892 ], [ 112.666061401000206, -7.335140228999933 ], [ 112.665802001000088, -7.335120199999892 ], [ 112.665618897000172, -7.335169791999931 ], [ 112.66535186700014, -7.335319994999907 ], [ 112.665252685000041, -7.335460185999978 ], [ 112.665229797000165, -7.335579871999926 ], [ 112.665191650000111, -7.335899828999914 ], [ 112.665130615000066, -7.33597993799998 ], [ 112.66449737500011, -7.335639951999894 ], [ 112.66413879300012, -7.335400103999973 ], [ 112.663856507000219, -7.335239885999954 ], [ 112.663398743000016, -7.335030078999978 ], [ 112.663291931000231, -7.334969997999906 ], [ 112.663208007000208, -7.334859847999951 ], [ 112.66246032700019, -7.334619998999926 ], [ 112.662147522000282, -7.33460998399994 ], [ 112.661720275000221, -7.334819793999827 ], [ 112.66114044200026, -7.335509775999981 ], [ 112.660881043000018, -7.335969447999901 ], [ 112.660942078000062, -7.336214065999968 ], [ 112.661155701000212, -7.336422443999936 ], [ 112.661231994000218, -7.336566447999928 ], [ 112.661254883000083, -7.336650846999873 ], [ 112.66139221200001, -7.33675813699989 ], [ 112.661422729000265, -7.337001800999872 ], [ 112.661514283000201, -7.337203502999955 ], [ 112.661682128000166, -7.337388991999944 ], [ 112.662246704000154, -7.337758063999956 ], [ 112.662414550000221, -7.337957857999925 ], [ 112.662719727000081, -7.338460444999953 ], [ 112.663085937, -7.339082240999971 ], [ 112.663192749000018, -7.339341640999976 ], [ 112.663185119000104, -7.339468955999905 ], [ 112.663154602000077, -7.339545249999901 ], [ 112.663414002000081, -7.339651584999842 ], [ 112.663612366000166, -7.339730261999932 ], [ 112.663711548000038, -7.339808464999919 ], [ 112.663864135000154, -7.339855194999814 ], [ 112.66395568900009, -7.339910029999885 ], [ 112.664047241000162, -7.339925765999965 ], [ 112.664184570000089, -7.339957236999908 ], [ 112.664413451000087, -7.339941500999942 ], [ 112.664474487, -7.339870929999961 ], [ 112.664604187000236, -7.340019701999836 ], [ 112.664810180000018, -7.340192317999879 ], [ 112.664970397000161, -7.340348719999952 ], [ 112.665130615000066, -7.340395926999975 ], [ 112.665252685000041, -7.340403555999956 ], [ 112.665199280000024, -7.340964793999945 ], [ 112.665145873000142, -7.341479300999879 ], [ 112.665077210000049, -7.342216490999874 ], [ 112.665054321000184, -7.342494487999943 ], [ 112.664970397000161, -7.34332227699997 ], [ 112.664886475000117, -7.344180584999947 ], [ 112.664787293000131, -7.345680236999954 ], [ 112.664703369000108, -7.346757887999956 ], [ 112.664634704000036, -7.347636698999906 ], [ 112.664604187000236, -7.348407744999918 ], [ 112.664596557000323, -7.348488330999942 ], [ 112.664604187000236, -7.348913668999955 ], [ 112.66465759200014, -7.349114417999942 ], [ 112.66468811100026, -7.349395273999903 ], [ 112.664695739000194, -7.34951972999994 ], [ 112.664703369000108, -7.349820613999952 ], [ 112.664581299000133, -7.350847719999933 ], [ 112.664566040000068, -7.351440429999968 ], [ 112.664466858000196, -7.351444719999961 ], [ 112.663764953000054, -7.351404190999972 ], [ 112.663635254000269, -7.351381777999961 ], [ 112.66314697200005, -7.35130119299987 ], [ 112.662422180000135, -7.351342677999924 ], [ 112.661956788000111, -7.351779460999921 ], [ 112.661483764000081, -7.35233402199998 ], [ 112.660980225000117, -7.352919578999945 ], [ 112.660911560000159, -7.352993964999939 ], [ 112.660781861000032, -7.353083133999974 ], [ 112.659797669000113, -7.353587150999942 ], [ 112.659622192000029, -7.353641510999978 ], [ 112.659530640000298, -7.353641510999978 ], [ 112.658996582000213, -7.353643892999912 ], [ 112.65836334200003, -7.354025840999896 ], [ 112.656936646000077, -7.35608863799996 ], [ 112.656867980000129, -7.356191157999888 ], [ 112.656341553000175, -7.356820106999976 ], [ 112.656044006000116, -7.35688829299994 ], [ 112.655105590000062, -7.35688829299994 ] ] ] ] } },
{ "type": "Feature", "properties": { "GID_3": "IDN.11.35.15_1", "GID_0": "IDN", "COUNTRY": "Indonesia", "GID_1": "IDN.11_1", "NAME_1": "Jawa Timur", "NL_NAME_1": "NA", "GID_2": "IDN.11.35_1", "NAME_2": "Surabaya", "NL_NAME_2": "NA", "NAME_3": "Mulyorejo", "VARNAME_3": "NA", "NL_NAME_3": "NA", "TYPE_3": "Kecamatan", "ENGTYPE_3": "Sub-district", "CC_3": "3578090", "HASC_3": "NA", "LULC2021": 72, "LULC2022": 72, "LULC2023": 73, "LULC2024": 73, "Kecamatan": "Mulyorejo", "UFSI": 507606119419000.0, "Kelas_Gena": "Sedang", "n_titik_PU": 6, "Kelas_PU_2": "Sedang", "Validasi": "Match", "Risiko_DBD": "183.189.614.717.353", "Kelas_DBD": "Sangat Rendah", "Ranking": 22 }, "geometry": { "type": "MultiPolygon", "coordinates": [ [ [ [ 112.771506333000048, -7.28525684799996 ], [ 112.771530151000206, -7.285079955999947 ], [ 112.771545411000034, -7.284999368999877 ], [ 112.773490905000244, -7.285286424999981 ], [ 112.773658753000063, -7.285310268999922 ], [ 112.773534002000019, -7.285734568999942 ], [ 112.773483387000169, -7.285906724999904 ], [ 112.773422241000048, -7.286114691999956 ], [ 112.77337646400008, -7.286273001999916 ], [ 112.773359961000097, -7.286339537999936 ], [ 112.773348671, -7.286385046999953 ], [ 112.773345948000042, -7.286396026999967 ], [ 112.773200989000088, -7.286909580999918 ], [ 112.773049568000033, -7.287337813999898 ], [ 112.773018007000019, -7.287426982999932 ], [ 112.773013655000227, -7.28743751899998 ], [ 112.772979736000138, -7.287518501999955 ], [ 112.772934515000088, -7.287648133999937 ], [ 112.772893435000015, -7.287765897999975 ], [ 112.77286494000009, -7.287847173999978 ], [ 112.772814729000061, -7.287990205999961 ], [ 112.772712708000086, -7.28828000999988 ], [ 112.772605896000073, -7.288578033999954 ], [ 112.772521972000277, -7.28881597499992 ], [ 112.772354126000096, -7.289286612999945 ], [ 112.77229224600012, -7.289286999999888 ], [ 112.772277833000089, -7.289287089999902 ], [ 112.771957398000154, -7.289313315999948 ], [ 112.771284178000201, -7.28937577399995 ], [ 112.771195614000135, -7.28938398899993 ], [ 112.770980835000046, -7.28940391499998 ], [ 112.770821053000191, -7.289408669999943 ], [ 112.771110999000143, -7.287636998999972 ], [ 112.771160941000062, -7.28757982999997 ], [ 112.771187028000099, -7.287549835999869 ], [ 112.771195999000042, -7.287495000999968 ], [ 112.771217346000185, -7.287366389999875 ], [ 112.771301270000208, -7.286910055999954 ], [ 112.771318137000094, -7.28666732399995 ], [ 112.771332, -7.286471 ], [ 112.771350565000034, -7.286345485999959 ], [ 112.771377999000038, -7.286159998999892 ], [ 112.77141588700033, -7.285928927999976 ], [ 112.771428984000067, -7.285833587999889 ], [ 112.771439074000227, -7.285759439999879 ], [ 112.771506333000048, -7.28525684799996 ] ] ], [ [ [ 112.762207000000217, -7.27881 ], [ 112.762209038000037, -7.278758058999927 ], [ 112.76223755, -7.278019904999951 ], [ 112.762242993000086, -7.277425790999928 ], [ 112.762245000000121, -7.277187 ], [ 112.764655963000223, -7.277413358999979 ], [ 112.764650249000056, -7.277469360999874 ], [ 112.764640808000081, -7.277560232999974 ], [ 112.764625004000095, -7.277702183999963 ], [ 112.76458700000012, -7.27804 ], [ 112.76456470200003, -7.278240680999943 ], [ 112.764556884000058, -7.27830982099988 ], [ 112.76451873700023, -7.278550146999976 ], [ 112.764502551000305, -7.278661426999918 ], [ 112.764488000000256, -7.27876 ], [ 112.76440772, -7.279263361999938 ], [ 112.764350891000049, -7.279618739999933 ], [ 112.764709473000039, -7.279689787999928 ], [ 112.765533447000166, -7.279789924999875 ], [ 112.765878324000028, -7.279839432999893 ], [ 112.766021729000045, -7.279860018999898 ], [ 112.76645660500003, -7.279900072999908 ], [ 112.766967774000136, -7.279950141999905 ], [ 112.767272949000017, -7.279990196999904 ], [ 112.768572193000068, -7.280140759999938 ], [ 112.768737792000024, -7.280159949999927 ], [ 112.768936133000011, -7.280180234999932 ], [ 112.769912720000207, -7.280280112999947 ], [ 112.770530701000098, -7.280340193999848 ], [ 112.770973207000111, -7.280370234999907 ], [ 112.771284288000061, -7.280391467999891 ], [ 112.77155303900031, -7.280409811999903 ], [ 112.771987914000192, -7.280439852999905 ], [ 112.772033691000161, -7.280340193999848 ], [ 112.772026952000033, -7.280291545999887 ], [ 112.772018433000085, -7.280230045999872 ], [ 112.772036777000039, -7.280071601999907 ], [ 112.772057, -7.279901 ], [ 112.772072000000207, -7.27976 ], [ 112.772081248000063, -7.279693720999887 ], [ 112.772102357000108, -7.279545305999875 ], [ 112.772257446000026, -7.278597377999972 ], [ 112.772362, -7.277959999999894 ], [ 112.772400000000175, -7.27773 ], [ 112.772408, -7.27763 ], [ 112.772419609000053, -7.277550843999961 ], [ 112.772430420000205, -7.277480125999887 ], [ 112.772438050000119, -7.277400015999945 ], [ 112.772491455000022, -7.27686977299993 ], [ 112.772560119000104, -7.276239870999973 ], [ 112.772712708000086, -7.275370120999924 ], [ 112.772827149000022, -7.274670122999908 ], [ 112.772850037000012, -7.274569987999882 ], [ 112.772903442000029, -7.2742071159999 ], [ 112.77307891800001, -7.273109911999882 ], [ 112.77326965400016, -7.272400855999933 ], [ 112.773292541000046, -7.272329807999824 ], [ 112.773368836000031, -7.272019862999912 ], [ 112.773445130000141, -7.271605491999935 ], [ 112.773490905000244, -7.27136993299996 ], [ 112.773612976000095, -7.270850180999958 ], [ 112.773719788000108, -7.270309925999925 ], [ 112.773765565000076, -7.270105838999939 ], [ 112.773811340000066, -7.269879817999879 ], [ 112.773834228000169, -7.26972818399986 ], [ 112.773880005000137, -7.269499777999954 ], [ 112.774040223000043, -7.268690109999966 ], [ 112.774055481000232, -7.268613813999934 ], [ 112.774070739000081, -7.26851987699996 ], [ 112.774116516000049, -7.268419741999935 ], [ 112.774276734000182, -7.268446445999928 ], [ 112.774360656000226, -7.268097399999931 ], [ 112.774925232000214, -7.268068790999962 ], [ 112.774925232000214, -7.267426490999924 ], [ 112.775131226000212, -7.266843317999928 ], [ 112.775695801000097, -7.266939639999975 ], [ 112.77586364800004, -7.26617431699998 ], [ 112.77607727100019, -7.266214846999958 ], [ 112.776466369000104, -7.266288756999927 ], [ 112.777435302000072, -7.266232012999865 ], [ 112.777664185000049, -7.266252517999874 ], [ 112.777748107000093, -7.266259670999943 ], [ 112.777786256000127, -7.266055106999943 ], [ 112.77783966100003, -7.26576089799994 ], [ 112.77783966100003, -7.265504360999955 ], [ 112.777801514000089, -7.265409945999977 ], [ 112.777565003000177, -7.265261173999932 ], [ 112.777183533000084, -7.265129087999981 ], [ 112.777015685000038, -7.265079020999963 ], [ 112.776840209000056, -7.265026567999939 ], [ 112.776672364000092, -7.264870642999938 ], [ 112.776283263000209, -7.26440858899997 ], [ 112.776344299000129, -7.264097213999889 ], [ 112.77648162800017, -7.264110087999882 ], [ 112.776611328000058, -7.264126777999934 ], [ 112.776824951000094, -7.263943194999911 ], [ 112.777046204000158, -7.263907432999929 ], [ 112.777221680000139, -7.263872146999915 ], [ 112.777328492000038, -7.263819693999949 ], [ 112.77761840800008, -7.263795375999962 ], [ 112.777778626000213, -7.263725279999846 ], [ 112.77791595500014, -7.263614654999913 ], [ 112.778060914000093, -7.263492106999934 ], [ 112.778190613000106, -7.263203142999885 ], [ 112.776939392000031, -7.262560367999981 ], [ 112.776557923000041, -7.262380121999911 ], [ 112.776489258000083, -7.262340067999958 ], [ 112.77640533400006, -7.26230478299982 ], [ 112.775550841000154, -7.261802196999952 ], [ 112.775474548000147, -7.26197480999997 ], [ 112.775413513000331, -7.262092112999881 ], [ 112.775230409000073, -7.262430190999964 ], [ 112.775093080000033, -7.262678622999942 ], [ 112.774971009000183, -7.262673377999931 ], [ 112.774902343, -7.262611864999826 ], [ 112.774719238000216, -7.262452602999872 ], [ 112.774658202000069, -7.262405394999973 ], [ 112.774543762, -7.262369155999977 ], [ 112.774223327000072, -7.262611864999826 ], [ 112.773910522000051, -7.26253795699995 ], [ 112.774009704000264, -7.262169836999931 ], [ 112.774116516000049, -7.261859892999951 ], [ 112.774261476000106, -7.26157998899987 ], [ 112.774322509000172, -7.261461733999965 ], [ 112.774398805000033, -7.261320113999943 ], [ 112.774436951000212, -7.261158466999916 ], [ 112.77436828600014, -7.260970115999953 ], [ 112.774330139000085, -7.260859965999884 ], [ 112.774429321000071, -7.260651110999959 ], [ 112.774497987000132, -7.260495662999972 ], [ 112.77452850300017, -7.260429857999952 ], [ 112.774620055000014, -7.260235308999938 ], [ 112.77478790300006, -7.259907245999955 ], [ 112.774917602000073, -7.259739875999969 ], [ 112.774986267000031, -7.25965023099991 ], [ 112.775001526000096, -7.259510039999952 ], [ 112.77500915600001, -7.259270190999928 ], [ 112.775131226000212, -7.259250162999933 ], [ 112.775207520000095, -7.259230136999975 ], [ 112.775283814000204, -7.259170055999959 ], [ 112.77530670200008, -7.258999823999943 ], [ 112.775329591000173, -7.25887012499993 ], [ 112.775489806000337, -7.258689880999952 ], [ 112.775573730000019, -7.258644580999942 ], [ 112.775703431000011, -7.258369921999929 ], [ 112.775726319000114, -7.258299827999906 ], [ 112.775756836000028, -7.258220194999979 ], [ 112.775802613000224, -7.258130072999904 ], [ 112.775840760000051, -7.258029937999879 ], [ 112.775878907000106, -7.257929800999932 ], [ 112.775932312, -7.257820127999935 ], [ 112.775978089000205, -7.257709979999959 ], [ 112.776039124000135, -7.257579803999931 ], [ 112.77610015900018, -7.257460115999891 ], [ 112.776161195000213, -7.257319926999912 ], [ 112.77622223000003, -7.257180212999913 ], [ 112.776283263000209, -7.257030010999927 ], [ 112.776336670000092, -7.256879805999915 ], [ 112.776412964000201, -7.256730078999965 ], [ 112.77648162800017, -7.256569861999935 ], [ 112.776550293000241, -7.256400108999912 ], [ 112.776618957000096, -7.256239890999893 ], [ 112.776687622000168, -7.256070135999892 ], [ 112.776771546000191, -7.255880354999931 ], [ 112.776817321000181, -7.255750178999961 ], [ 112.776908875000117, -7.255562304999899 ], [ 112.776947022000172, -7.255459784999914 ], [ 112.777008057000103, -7.255330085999958 ], [ 112.777061462, -7.255219935999889 ], [ 112.777107239000316, -7.255129813999929 ], [ 112.777183533000084, -7.255000113999927 ], [ 112.77725982600009, -7.254899978999958 ], [ 112.77732086200001, -7.254849910999951 ], [ 112.777381897000168, -7.254809856999884 ], [ 112.777450561000137, -7.254769801999942 ], [ 112.777519226000209, -7.254730223999957 ], [ 112.77761840800008, -7.254690168999957 ], [ 112.777778626000213, -7.254642486999899 ], [ 112.777816772000165, -7.254546164999908 ], [ 112.77791595500014, -7.254293917999917 ], [ 112.778503417000024, -7.254425525999977 ], [ 112.779151917000036, -7.254549979999979 ], [ 112.779983521000077, -7.254680155999893 ], [ 112.780914307000216, -7.254846095999881 ], [ 112.781066895000208, -7.254658221999875 ], [ 112.781196594000221, -7.254499434999957 ], [ 112.781417846000068, -7.254230021999888 ], [ 112.781547547000059, -7.254075049999926 ], [ 112.781921387000011, -7.253650664999896 ], [ 112.782043458000089, -7.253501415999892 ], [ 112.782112121000182, -7.253415106999967 ], [ 112.782234192000033, -7.253257273999964 ], [ 112.7804489130001, -7.252650737999943 ], [ 112.780197144000113, -7.252478599999904 ], [ 112.780563354000037, -7.252136706999977 ], [ 112.7808837890002, -7.251900195999951 ], [ 112.781211854000048, -7.251609801999962 ], [ 112.781311036000034, -7.25153636899995 ], [ 112.78165435700032, -7.25122117899997 ], [ 112.781806947000177, -7.251073836999979 ], [ 112.782226562, -7.250677107999877 ], [ 112.78267669700017, -7.250246524999966 ], [ 112.783027649000132, -7.249917982999875 ], [ 112.78336334200003, -7.249596117999886 ], [ 112.783424378000177, -7.249483584999894 ], [ 112.783454894000215, -7.249200820999874 ], [ 112.783584595000207, -7.248918055999923 ], [ 112.783721924000019, -7.248928068999874 ], [ 112.783805848000043, -7.248983858999964 ], [ 112.784034729000268, -7.24902009799996 ], [ 112.784271240000066, -7.249057769999922 ], [ 112.785186768000131, -7.249202251999975 ], [ 112.785339355000019, -7.249226569999962 ], [ 112.785522461000141, -7.249257086999933 ], [ 112.7859268200001, -7.249322889999917 ], [ 112.786285400000111, -7.249380587999894 ], [ 112.786735535000275, -7.249485014999948 ], [ 112.787971496000182, -7.249772070999882 ], [ 112.788711548000038, -7.250196455999912 ], [ 112.788810730000137, -7.249758242999974 ], [ 112.788993836000031, -7.248965262999945 ], [ 112.789207459000181, -7.248024463999968 ], [ 112.789260864000084, -7.247805118999963 ], [ 112.789749146000304, -7.247849940999913 ], [ 112.790336609000178, -7.247930049999979 ], [ 112.79057312000009, -7.247950077999974 ], [ 112.791557311000133, -7.248031138999977 ], [ 112.792152404000035, -7.24807977699993 ], [ 112.792282105000027, -7.24807977699993 ], [ 112.792823791000046, -7.248263834999875 ], [ 112.792831421000187, -7.24860000599989 ], [ 112.792808533000084, -7.249189853999951 ], [ 112.792800902000067, -7.249360083999932 ], [ 112.792747497000164, -7.250020026999891 ], [ 112.792709350000109, -7.250289917999908 ], [ 112.792686462, -7.250539778999894 ], [ 112.792663573000141, -7.250899790999938 ], [ 112.792633057000103, -7.251206874999923 ], [ 112.791725159000293, -7.251034736999941 ], [ 112.79150390600023, -7.250993727999969 ], [ 112.791442969000059, -7.251220726999918 ], [ 112.791709901000104, -7.251283644999887 ], [ 112.792437608000228, -7.251409007999882 ], [ 112.792617802000336, -7.251440007999975 ], [ 112.7925796520002, -7.252009867999959 ], [ 112.792572021000069, -7.252099989999863 ], [ 112.793006897000168, -7.252230165999947 ], [ 112.793411256000127, -7.252339838999887 ], [ 112.793838501000209, -7.252449988999956 ], [ 112.794113159000176, -7.252540110999973 ], [ 112.794517517000031, -7.252649782999981 ], [ 112.794601441000054, -7.252668856999946 ], [ 112.795349121000072, -7.252759932999936 ], [ 112.795433045000095, -7.252820013999951 ], [ 112.795570374000022, -7.252820013999951 ], [ 112.795898437000119, -7.252940176999914 ], [ 112.797019958000078, -7.253327844999944 ], [ 112.797111512000015, -7.253359793999891 ], [ 112.797142028000053, -7.25346994399996 ], [ 112.797607422000056, -7.253509998999903 ], [ 112.797767640000075, -7.253550052999913 ], [ 112.798599244000229, -7.253849981999963 ], [ 112.79940032900015, -7.25407981799998 ], [ 112.800018310000041, -7.254220008999937 ], [ 112.801193238000224, -7.25455999299993 ], [ 112.801879883000083, -7.254759786999955 ], [ 112.80288696200023, -7.255149840999877 ], [ 112.803573609000068, -7.255270003999954 ], [ 112.803787232000104, -7.255310057999964 ], [ 112.803863525000111, -7.255320070999915 ], [ 112.804008485000054, -7.255370140999958 ], [ 112.804267884000069, -7.255440233999934 ], [ 112.804450988000099, -7.255479812999909 ], [ 112.804679871000189, -7.255489825999916 ], [ 112.805816650000111, -7.255630015999884 ], [ 112.806373596000071, -7.255710123999961 ], [ 112.806549072000166, -7.255679607999923 ], [ 112.810020447000056, -7.254397392999977 ], [ 112.810447694000118, -7.256391048999888 ], [ 112.810729980000019, -7.256642817999932 ], [ 112.810844422000287, -7.257152556999927 ], [ 112.814521790000072, -7.258325576999937 ], [ 112.816215514000078, -7.257325649999871 ], [ 112.816810607000207, -7.258647441999813 ], [ 112.8269882190001, -7.261769770999933 ], [ 112.828063965000183, -7.263182638999979 ], [ 112.831550598000035, -7.261493682999856 ], [ 112.836326599000245, -7.267322062999881 ], [ 112.831687927000189, -7.268297193999956 ], [ 112.830772399000239, -7.268852709999976 ], [ 112.82793426600017, -7.269451140999934 ], [ 112.82543182400002, -7.26997756999998 ], [ 112.822639465000066, -7.271202564999896 ], [ 112.818817139000089, -7.271990298999981 ], [ 112.818107605000023, -7.272276400999942 ], [ 112.818176269000219, -7.272391318999951 ], [ 112.816658020000091, -7.273467063999931 ], [ 112.816337585000156, -7.274233816999981 ], [ 112.8155365, -7.275377750999951 ], [ 112.814895630000137, -7.276322364999942 ], [ 112.814437866000048, -7.27686118999992 ], [ 112.813774110000054, -7.277519225999924 ], [ 112.81307220500014, -7.278405189999944 ], [ 112.812705995000215, -7.279120920999958 ], [ 112.812622071000078, -7.27923011699994 ], [ 112.81257629400011, -7.279290198999945 ], [ 112.812492370000086, -7.279439925999952 ], [ 112.812438965000183, -7.27953004799997 ], [ 112.812408448000042, -7.279611586999977 ], [ 112.812370299, -7.279709815999979 ], [ 112.812332153000057, -7.279829978999885 ], [ 112.812286378000067, -7.279950141999905 ], [ 112.812248231000012, -7.280089853999925 ], [ 112.812210084000185, -7.28020000399988 ], [ 112.812171935000265, -7.280300138999905 ], [ 112.812118530000021, -7.280399798999895 ], [ 112.812072753000052, -7.280489920999969 ], [ 112.812019348000035, -7.280570028999932 ], [ 112.811958312000115, -7.280660152999928 ], [ 112.811897277000071, -7.280729770999926 ], [ 112.811813355000254, -7.280829905999951 ], [ 112.811752320000096, -7.280879973999902 ], [ 112.811691285000279, -7.280940055999906 ], [ 112.811622619000104, -7.281000136999978 ], [ 112.811538695000081, -7.281060218999926 ], [ 112.811447143, -7.281119822999869 ], [ 112.811363220000089, -7.281189917999882 ], [ 112.811271668000131, -7.281250000999876 ], [ 112.811172485000043, -7.281320093999909 ], [ 112.811058045000095, -7.281380176999903 ], [ 112.810951233000196, -7.281439779999971 ], [ 112.810836792000032, -7.281509875999973 ], [ 112.810722352000312, -7.281559942999934 ], [ 112.810607909000169, -7.281620025999871 ], [ 112.810493469000107, -7.281680105999953 ], [ 112.81037902800017, -7.28173017599994 ], [ 112.810272216000044, -7.281779765999943 ], [ 112.810157776000324, -7.281829832999904 ], [ 112.810050965000073, -7.281879900999968 ], [ 112.809951783000088, -7.281919954999978 ], [ 112.809852601000216, -7.281960008999931 ], [ 112.809753419000344, -7.282010078999974 ], [ 112.809646606000115, -7.282050132999927 ], [ 112.809562683000195, -7.28209018799987 ], [ 112.809463501000209, -7.28212022699995 ], [ 112.8093566900003, -7.282159805999925 ], [ 112.809249878000173, -7.282199859999878 ], [ 112.808624268000131, -7.282549381999956 ], [ 112.808425904000046, -7.282668589999957 ], [ 112.808158874000128, -7.282830237999974 ], [ 112.808029175000115, -7.28290557899993 ], [ 112.80778503400029, -7.283083914999906 ], [ 112.807495118000134, -7.283303259999968 ], [ 112.807220458000074, -7.283553123999923 ], [ 112.807060243000137, -7.283694742999955 ], [ 112.806915283000194, -7.283835409999938 ], [ 112.806808471000068, -7.283928393999929 ], [ 112.806701661000261, -7.284028528999954 ], [ 112.806587218000118, -7.284133910999969 ], [ 112.806427003000067, -7.2842860209999 ], [ 112.806335449000017, -7.284319876999973 ], [ 112.805686951000325, -7.284476756999879 ], [ 112.805496217000041, -7.284524439999927 ], [ 112.805282592000026, -7.284576891999905 ], [ 112.805084228000283, -7.284625528999925 ], [ 112.804901124000025, -7.284668920999877 ], [ 112.80462646400008, -7.284784316999946 ], [ 112.804222107000101, -7.284951209999974 ], [ 112.804122925000115, -7.284992693999925 ], [ 112.803787232000104, -7.285123824999971 ], [ 112.803573609000068, -7.285096645999943 ], [ 112.803382873000146, -7.285068511999896 ], [ 112.803298949000123, -7.285055159999956 ], [ 112.803146362, -7.285031317999938 ], [ 112.802940369000112, -7.284999368999877 ], [ 112.802719117000265, -7.284965037999882 ], [ 112.802597046000074, -7.284945963999974 ], [ 112.802474975000109, -7.284927367999956 ], [ 112.802375793000124, -7.284912584999972 ], [ 112.802291897000259, -7.284947859999875 ], [ 112.802268987000161, -7.284760995999875 ], [ 112.801674, -7.284549 ], [ 112.801612344000091, -7.284527372999889 ], [ 112.801483154000039, -7.284482479999895 ], [ 112.800964815000043, -7.284475481999948 ], [ 112.800529344000211, -7.284469802999922 ], [ 112.800605773000029, -7.284251688999916 ], [ 112.800712585000156, -7.283983706999948 ], [ 112.800773621000076, -7.283821581999973 ], [ 112.800811768000131, -7.283736227999896 ], [ 112.80094146600004, -7.28349494899993 ], [ 112.80094146600004, -7.283371447999912 ], [ 112.800933838000105, -7.283220767999978 ], [ 112.800933838000105, -7.283089159999918 ], [ 112.801002502000074, -7.282989024999893 ], [ 112.801162719000104, -7.282772539999939 ], [ 112.801200866000158, -7.282684802999938 ], [ 112.801200866000158, -7.282586573999879 ], [ 112.801208496000072, -7.282420157999979 ], [ 112.801216126000213, -7.282251357999883 ], [ 112.801223754000262, -7.282088279999869 ], [ 112.801223754000262, -7.281929014999946 ], [ 112.801208496000072, -7.281731128999979 ], [ 112.801223754000262, -7.280655382999896 ], [ 112.801193238000224, -7.280517576999955 ], [ 112.801177979000158, -7.28044080799998 ], [ 112.801162719000104, -7.280355928999882 ], [ 112.80113220200019, -7.280222892999973 ], [ 112.801116944000114, -7.280106544999967 ], [ 112.801094056000011, -7.279994964999958 ], [ 112.801063537000232, -7.279896734999909 ], [ 112.800872803000061, -7.279824733999931 ], [ 112.800834656, -7.279709338999965 ], [ 112.800788879000038, -7.279557226999884 ], [ 112.800727844000107, -7.279339313999969 ], [ 112.800628662, -7.279016970999976 ], [ 112.800582887000132, -7.278859613999884 ], [ 112.800521851000212, -7.278669834999903 ], [ 112.800476074000017, -7.278515814999878 ], [ 112.800422669000113, -7.278320788999906 ], [ 112.800384522000058, -7.278204917999915 ], [ 112.800331115000063, -7.278028487999961 ], [ 112.800300598000263, -7.277921676999938 ], [ 112.800086976000216, -7.277193545999978 ], [ 112.800033569000107, -7.277026175999936 ], [ 112.799957275000224, -7.276717185999928 ], [ 112.799926758000083, -7.276587484999936 ], [ 112.799888612000132, -7.276418684999896 ], [ 112.799842835000163, -7.276235102999919 ], [ 112.799430848000043, -7.27448177399998 ], [ 112.799362182000095, -7.274317740999891 ], [ 112.79862976000004, -7.274356364999903 ], [ 112.798240662000012, -7.274371145999964 ], [ 112.797821045000205, -7.274559974999875 ], [ 112.797348023000154, -7.274649143999966 ], [ 112.796867370000086, -7.27473211299997 ], [ 112.796752930000025, -7.274751663999837 ], [ 112.79659271200012, -7.274785517999874 ], [ 112.795745850000344, -7.274970053999937 ], [ 112.795120238000095, -7.275105 ], [ 112.793876648000037, -7.275360106999926 ], [ 112.793121337000343, -7.275520324999945 ], [ 112.792823791000046, -7.275583267999878 ], [ 112.792625427000189, -7.275626181999883 ], [ 112.792472839000197, -7.275660513999981 ], [ 112.79043579100005, -7.276115417999961 ], [ 112.790344239000092, -7.275567531999911 ], [ 112.790115356000229, -7.275613783999916 ], [ 112.789878845000089, -7.275661943999921 ], [ 112.789764405000028, -7.275755880999952 ], [ 112.789733105000096, -7.275760394999963 ], [ 112.789665223000043, -7.275770186999978 ], [ 112.789512635000051, -7.275770186999978 ], [ 112.789480520000097, -7.275778119999927 ], [ 112.789445219000299, -7.275786839999967 ], [ 112.789352418000021, -7.275809763999973 ], [ 112.789176940000061, -7.275849817999926 ], [ 112.789009094000221, -7.275889872999926 ], [ 112.788836760000095, -7.275920958999961 ], [ 112.788824841000178, -7.275923735999982 ], [ 112.788757325, -7.275939464999965 ], [ 112.78867340100021, -7.275959967999881 ], [ 112.788490295000202, -7.276000022999938 ], [ 112.78832245000001, -7.276040076999948 ], [ 112.788139344000342, -7.276080130999958 ], [ 112.787971496000182, -7.27611017299995 ], [ 112.787803650000114, -7.276150226999903 ], [ 112.787766796000028, -7.276157026999954 ], [ 112.787714393000101, -7.276166696999951 ], [ 112.78764300100022, -7.276180000999886 ], [ 112.787563001000194, -7.276195 ], [ 112.787482999000304, -7.276209998999946 ], [ 112.787330999, -7.27623999899987 ], [ 112.787193001000105, -7.276269998999965 ], [ 112.787063999000111, -7.276299998999946 ], [ 112.786964628000305, -7.276321602999872 ], [ 112.786926269000105, -7.276329992999933 ], [ 112.786832077000099, -7.27634647699989 ], [ 112.786804018000339, -7.276351388999956 ], [ 112.786697388000221, -7.276370047999876 ], [ 112.786584411000035, -7.276391230999934 ], [ 112.786483764000309, -7.276410101999943 ], [ 112.786376953000058, -7.276430129999881 ], [ 112.786277771000073, -7.276450155999953 ], [ 112.786178589000201, -7.276470183999891 ], [ 112.786079407000216, -7.276490210999953 ], [ 112.78603251100003, -7.276499454999964 ], [ 112.78602, -7.27650199999988 ], [ 112.785980000000222, -7.27651 ], [ 112.785881, -7.27653 ], [ 112.785782000000154, -7.27655 ], [ 112.785683001000052, -7.276569998999889 ], [ 112.785568, -7.276599998999927 ], [ 112.785454, -7.27662 ], [ 112.785332, -7.27664 ], [ 112.78521000000012, -7.27667 ], [ 112.785079940000173, -7.276690013999882 ], [ 112.785049938000157, -7.27669739199996 ], [ 112.784957885000267, -7.27672004599998 ], [ 112.784828186000141, -7.276750087999972 ], [ 112.784713746000079, -7.27677011399993 ], [ 112.784591675000343, -7.276800154999933 ], [ 112.784469604000151, -7.276820182999927 ], [ 112.784347534000176, -7.276840208999886 ], [ 112.784312913, -7.276849153999933 ], [ 112.784281544, -7.276857256999961 ], [ 112.784233, -7.27687 ], [ 112.784119, -7.27689 ], [ 112.784012, -7.276909999999873 ], [ 112.783890000000156, -7.27693 ], [ 112.784021000000166, -7.27795 ], [ 112.784088000000111, -7.278477 ], [ 112.78437, -7.280145 ], [ 112.785652, -7.280012 ], [ 112.785669, -7.280178 ], [ 112.785706000000118, -7.280524 ], [ 112.785716000000207, -7.280594 ], [ 112.785728000000177, -7.280675 ], [ 112.785686, -7.280957999999885 ], [ 112.78566, -7.281137 ], [ 112.785561, -7.281816 ], [ 112.785699, -7.281826 ], [ 112.785751000000118, -7.28183 ], [ 112.785606, -7.282349 ], [ 112.785568, -7.282497 ], [ 112.785522, -7.282687 ], [ 112.785400000000209, -7.283210999999881 ], [ 112.785301000000118, -7.283624 ], [ 112.785278, -7.283722 ], [ 112.785248, -7.283853 ], [ 112.785164, -7.284221 ], [ 112.785106, -7.28422 ], [ 112.785065, -7.28422 ], [ 112.784004, -7.284214 ], [ 112.783958, -7.284423 ], [ 112.783251000000178, -7.284447999999884 ], [ 112.781822205000026, -7.284498157999963 ], [ 112.781822205000026, -7.284279822999963 ], [ 112.781826312000248, -7.284075709999911 ], [ 112.781829833000074, -7.283900737999943 ], [ 112.781829833000074, -7.283690929999977 ], [ 112.781829833000074, -7.283559798999875 ], [ 112.781829833000074, -7.283480167999926 ], [ 112.781829833000074, -7.283249854999895 ], [ 112.781829833000074, -7.282999992999919 ], [ 112.781829833000074, -7.282777784999894 ], [ 112.781829833000074, -7.282579897999881 ], [ 112.781573528000081, -7.282611029999885 ], [ 112.781425483000021, -7.28262894199986 ], [ 112.781433105000133, -7.282552241999895 ], [ 112.781433105000133, -7.282403944999885 ], [ 112.781425476000095, -7.282230853999977 ], [ 112.781425000000127, -7.282000043999972 ], [ 112.781158447000166, -7.28198909799994 ], [ 112.780891419000113, -7.281975269999975 ], [ 112.780842222000047, -7.281973219999941 ], [ 112.780754090000187, -7.281969546999903 ], [ 112.779479980000133, -7.282142637999925 ], [ 112.779418840000176, -7.282150280999929 ], [ 112.779396000000247, -7.282153 ], [ 112.779320000000212, -7.282162 ], [ 112.778315771000166, -7.282282861999931 ], [ 112.777732849000017, -7.282352924999941 ], [ 112.777511596000295, -7.28233051199993 ], [ 112.777132975000313, -7.282286825999961 ], [ 112.776817321000181, -7.282250404999957 ], [ 112.776451111000029, -7.282209395999871 ], [ 112.776123048000159, -7.282193182999947 ], [ 112.775962830000026, -7.282163143999867 ], [ 112.773529052000072, -7.281751154999881 ], [ 112.773086548000265, -7.281666277999875 ], [ 112.772656918000052, -7.281583110999918 ], [ 112.772537232000104, -7.281559942999934 ], [ 112.772384643, -7.281511782999871 ], [ 112.772291440000231, -7.281483588999947 ], [ 112.772193909000066, -7.281454085999883 ], [ 112.772000042000059, -7.281407850999813 ], [ 112.771903993000024, -7.281384944999957 ], [ 112.771583558000088, -7.281328676999919 ], [ 112.77092683800015, -7.281214167999963 ], [ 112.770530701000098, -7.281145095999932 ], [ 112.770462035000151, -7.281554697999979 ], [ 112.770441410000103, -7.281676513999912 ], [ 112.770401000000106, -7.281915 ], [ 112.770291766000128, -7.281943088999867 ], [ 112.770225524000011, -7.281960008999931 ], [ 112.770180639000046, -7.282013526999833 ], [ 112.77012634200014, -7.282078264999939 ], [ 112.770001047000164, -7.282465304999903 ], [ 112.769874573000038, -7.282855985999902 ], [ 112.769813537000118, -7.283045767999965 ], [ 112.769769006000047, -7.283199681999918 ], [ 112.769737244000112, -7.283309459999941 ], [ 112.76972261700007, -7.283372762999932 ], [ 112.769706725000106, -7.28344154399997 ], [ 112.769653293000147, -7.283782925999958 ], [ 112.769638000000214, -7.283879999999897 ], [ 112.769615000000272, -7.283967 ], [ 112.769592034000198, -7.284104796999941 ], [ 112.769524550000028, -7.284097141999837 ], [ 112.769386292000036, -7.284081458999935 ], [ 112.769249826000078, -7.28406715199992 ], [ 112.769149781000237, -7.284056662999944 ], [ 112.76879112600011, -7.284015014999966 ], [ 112.768755493000299, -7.284168238999939 ], [ 112.768753000000174, -7.284179 ], [ 112.768753000000174, -7.284365646999959 ], [ 112.768702629000018, -7.284358929999826 ], [ 112.768638610000153, -7.28435039399983 ], [ 112.768465338000055, -7.284328734999974 ], [ 112.768394471000079, -7.284319876999973 ], [ 112.768394471000079, -7.284491537999941 ], [ 112.768382734000056, -7.284644601999901 ], [ 112.7683715820001, -7.284790038999972 ], [ 112.768363163000345, -7.284963420999929 ], [ 112.768356324000024, -7.285104273999934 ], [ 112.767715454000154, -7.285065174999886 ], [ 112.766578674000016, -7.285062311999923 ], [ 112.766572120000205, -7.285388785999942 ], [ 112.766571000000113, -7.285442 ], [ 112.76597184700006, -7.285398055999906 ], [ 112.76586200700001, -7.285389936999934 ], [ 112.765888263000079, -7.285146630999975 ], [ 112.765892029000156, -7.285112381999966 ], [ 112.765907287, -7.284959791999881 ], [ 112.765419006000229, -7.284901618999982 ], [ 112.76538508200008, -7.285160552999969 ], [ 112.765358000000106, -7.285366999999894 ], [ 112.76509857200017, -7.28533744799995 ], [ 112.765075683000077, -7.285503862999974 ], [ 112.765047530000061, -7.285836672999949 ], [ 112.765022, -7.286135 ], [ 112.764999000000103, -7.286319999999876 ], [ 112.764938, -7.286736 ], [ 112.764918619000127, -7.28687080799989 ], [ 112.764892579000048, -7.287049292999939 ], [ 112.764511109000296, -7.286987304999968 ], [ 112.764450074000138, -7.287265299999945 ], [ 112.764336889000106, -7.287797178999824 ], [ 112.764328000000205, -7.287839 ], [ 112.764442, -7.287866999999892 ], [ 112.764381, -7.288176 ], [ 112.764337065000291, -7.288407277999966 ], [ 112.76432800300006, -7.288454532999936 ], [ 112.764222107000023, -7.288434676999884 ], [ 112.764129639000203, -7.288417338999977 ], [ 112.764129639000203, -7.288546562999898 ], [ 112.764068603000283, -7.289075374999868 ], [ 112.764045715000179, -7.289176939999948 ], [ 112.764023314000042, -7.289174478999939 ], [ 112.763793945000089, -7.289149283999961 ], [ 112.763702393000017, -7.289302347999921 ], [ 112.763160706, -7.289185047999979 ], [ 112.763038635000157, -7.289157390999947 ], [ 112.763042814000073, -7.289109598999971 ], [ 112.763046000000145, -7.28907 ], [ 112.763191000000234, -7.28852 ], [ 112.763214000000175, -7.28836 ], [ 112.763240715000165, -7.288212874999942 ], [ 112.763283000000229, -7.28798 ], [ 112.763283000000229, -7.287870253999927 ], [ 112.763357123000219, -7.287819995999939 ], [ 112.763534514000071, -7.287699719999921 ], [ 112.763490319000084, -7.287674266999943 ], [ 112.76334381200013, -7.287590025999975 ], [ 112.763304184000049, -7.287572688999887 ], [ 112.763252000000307, -7.28755 ], [ 112.763235038000175, -7.287504767999962 ], [ 112.763221741000052, -7.287469862999899 ], [ 112.763183594000111, -7.287299156999893 ], [ 112.763164660000029, -7.287208748999888 ], [ 112.763145, -7.287117 ], [ 112.763092, -7.28687 ], [ 112.76296200000013, -7.28634 ], [ 112.762672, -7.28519 ], [ 112.762661866000144, -7.285153147999893 ], [ 112.762650000000235, -7.28511 ], [ 112.762548324000022, -7.284732031999965 ], [ 112.762466000000131, -7.284426 ], [ 112.762405, -7.28420599999987 ], [ 112.762245000000121, -7.283597 ], [ 112.762240309000049, -7.283581338999966 ], [ 112.762177000000179, -7.283369999999877 ], [ 112.762131, -7.28301 ], [ 112.762131, -7.282889 ], [ 112.762131, -7.28255 ], [ 112.76213395200034, -7.28240240599996 ], [ 112.762138000000164, -7.282199999999875 ], [ 112.762138000000164, -7.282105 ], [ 112.762145624000027, -7.281906768999875 ], [ 112.762145996000072, -7.281896590999906 ], [ 112.762153626000213, -7.281779765999943 ], [ 112.762153626000213, -7.281386374999897 ], [ 112.76215814700015, -7.281240279999963 ], [ 112.762161000000106, -7.28114 ], [ 112.762161000000106, -7.280954999999892 ], [ 112.762166583000294, -7.280530673999976 ], [ 112.762168884000062, -7.280347345999928 ], [ 112.762176514000316, -7.279932021999912 ], [ 112.762176514000316, -7.27957010199998 ], [ 112.762176514000316, -7.279240131999927 ], [ 112.76219177300004, -7.279139994999923 ], [ 112.762205143000074, -7.278850857999885 ], [ 112.762207000000217, -7.27881 ] ] ] ] } },
{ "type": "Feature", "properties": { "GID_3": "IDN.11.35.16_1", "GID_0": "IDN", "COUNTRY": "Indonesia", "GID_1": "IDN.11_1", "NAME_1": "Jawa Timur", "NL_NAME_1": "NA", "GID_2": "IDN.11.35_1", "NAME_2": "Surabaya", "NL_NAME_2": "NA", "NAME_3": "Pabean Cantian", "VARNAME_3": "NA", "NL_NAME_3": "NA", "TYPE_3": "Kecamatan", "ENGTYPE_3": "Sub-district", "CC_3": "3578240", "HASC_3": "NA", "LULC2021": 96, "LULC2022": 96, "LULC2023": 96, "LULC2024": 96, "Kecamatan": "Pabean Cantian", "UFSI": 7324690506440000.0, "Kelas_Gena": "Tinggi", "n_titik_PU": 0, "Kelas_PU_2": "Rendah", "Validasi": "Tidak Match", "Risiko_DBD": "5.592.006.524.467.450", "Kelas_DBD": "Sedang", "Ranking": 2 }, "geometry": { "type": "MultiPolygon", "coordinates": [ [ [ [ 112.742271424000023, -7.247509954999941 ], [ 112.742309571000078, -7.247429847999967 ], [ 112.742370606000122, -7.247290134999957 ], [ 112.742431642000156, -7.247169970999892 ], [ 112.742462158000194, -7.247099875999936 ], [ 112.742523194000114, -7.246980189999931 ], [ 112.742553710000152, -7.246910093999873 ], [ 112.742607117000034, -7.246799945999896 ], [ 112.742652892000024, -7.246739863999892 ], [ 112.742683411000144, -7.24666976799989 ], [ 112.742736816000047, -7.246553897999888 ], [ 112.742782593000015, -7.246459960999914 ], [ 112.74281311000027, -7.246389864999912 ], [ 112.742843628000173, -7.246300220999956 ], [ 112.742881775000228, -7.246190070999887 ], [ 112.742912292000142, -7.246109961999935 ], [ 112.742942811000262, -7.246029852999868 ], [ 112.7429733270003, -7.245940208999912 ], [ 112.742988586000024, -7.245840071999964 ], [ 112.743019104000268, -7.245679853999945 ], [ 112.743026732000203, -7.245590209999932 ], [ 112.743041993000134, -7.245419978999962 ], [ 112.743041993000134, -7.245339870999885 ], [ 112.743041993000134, -7.245259761999932 ], [ 112.743041993000134, -7.245110034999868 ], [ 112.743026732000203, -7.244979858999955 ], [ 112.743019104000268, -7.244880198999965 ], [ 112.743011474000014, -7.24478483199988 ], [ 112.742988586000024, -7.244709968999928 ], [ 112.742927550000331, -7.244579791999968 ], [ 112.742889404000039, -7.24450015899987 ], [ 112.742851257000325, -7.244420049999974 ], [ 112.742797852000081, -7.244339943999933 ], [ 112.742721558000198, -7.244229793999978 ], [ 112.74267578100023, -7.244159220999904 ], [ 112.742591857000207, -7.244032381999887 ], [ 112.742523194000114, -7.243939874999967 ], [ 112.742469788000108, -7.243869781999933 ], [ 112.742401123000036, -7.243820189999951 ], [ 112.742309571000078, -7.243770121999944 ], [ 112.742218017000027, -7.243740080999942 ], [ 112.742118835000156, -7.243720054999926 ], [ 112.741996764000078, -7.243700026999932 ], [ 112.741920471000071, -7.243690013999981 ], [ 112.741836549000027, -7.24367999999987 ], [ 112.741691590000073, -7.243669986999919 ], [ 112.74160766600005, -7.243669986999919 ], [ 112.741523742000027, -7.243669986999919 ], [ 112.741447448000258, -7.24367999999987 ], [ 112.741363525000111, -7.24367999999987 ], [ 112.741271973000039, -7.24367999999987 ], [ 112.741157532000102, -7.24367999999987 ], [ 112.74105835000023, -7.243669986999919 ], [ 112.740951538000104, -7.243669986999919 ], [ 112.740837097000167, -7.243659971999818 ], [ 112.740737915000068, -7.243649958999981 ], [ 112.740638733000083, -7.243639945999917 ], [ 112.740493774000015, -7.243619917999979 ], [ 112.740356445000316, -7.243589878999956 ], [ 112.740219116000048, -7.243549823999956 ], [ 112.74015045200008, -7.243519782999954 ], [ 112.740058898000143, -7.243470190999915 ], [ 112.73999023500005, -7.243440151999948 ], [ 112.73992919900013, -7.243390081999962 ], [ 112.739852906000124, -7.243340014999887 ], [ 112.739776612000014, -7.243279933999816 ], [ 112.739723205000018, -7.243219851999982 ], [ 112.739639281000109, -7.243130206999922 ], [ 112.739578248000157, -7.24306011199991 ], [ 112.739509582000323, -7.242969989999949 ], [ 112.739448547000165, -7.24288988099994 ], [ 112.739402770000197, -7.242819784999938 ], [ 112.739326476000087, -7.24271011299993 ], [ 112.739280701000098, -7.242640018999964 ], [ 112.739242555000033, -7.242559909999898 ], [ 112.739196778000064, -7.242479801999934 ], [ 112.739158631, -7.242370128999937 ], [ 112.73912811200023, -7.242290019999871 ], [ 112.739112854000041, -7.242199897999967 ], [ 112.739082337000013, -7.242060184999957 ], [ 112.739059449000138, -7.241960047999953 ], [ 112.739036560000045, -7.241849899999977 ], [ 112.739021302000083, -7.241749762999973 ], [ 112.738990783000077, -7.241640089999919 ], [ 112.738967895000201, -7.241539954999894 ], [ 112.738952636000249, -7.241439817999947 ], [ 112.738929748000146, -7.241340160999812 ], [ 112.738922120000211, -7.241250038999965 ], [ 112.738891601000091, -7.241119860999959 ], [ 112.738868713000102, -7.241030215999899 ], [ 112.738853454000036, -7.240950107999936 ], [ 112.738830566000274, -7.240869998999813 ], [ 112.738807677000068, -7.240789889999917 ], [ 112.738769530000013, -7.240670203999969 ], [ 112.738723755000024, -7.240530012999898 ], [ 112.738693237, -7.240449903999945 ], [ 112.738632201000087, -7.240359304999913 ], [ 112.738601685000049, -7.240290163999873 ], [ 112.738548280000032, -7.240220070999953 ], [ 112.738502503000063, -7.240159987999959 ], [ 112.738441467000143, -7.240069865999942 ], [ 112.738388062000126, -7.239990234999937 ], [ 112.738342285000158, -7.239920138999935 ], [ 112.73829650800019, -7.23986005699993 ], [ 112.7382736200002, -7.239789962999964 ], [ 112.738220215000183, -7.23968982599996 ], [ 112.738182068000128, -7.239620207999963 ], [ 112.738128663000225, -7.23951005999993 ], [ 112.738082886000029, -7.239399909999918 ], [ 112.738037109000061, -7.239309787999957 ], [ 112.737991334000071, -7.239200114999846 ], [ 112.737937926000313, -7.239099978999889 ], [ 112.737907410000275, -7.239019869999936 ], [ 112.737876891000155, -7.23893976099987 ], [ 112.737861633000307, -7.238860129999978 ], [ 112.737831116000052, -7.23877000799996 ], [ 112.737808228000063, -7.238659857999892 ], [ 112.737800598000149, -7.238580226999886 ], [ 112.737800598000149, -7.238450049999869 ], [ 112.737800598000149, -7.238319873999956 ], [ 112.737808228000063, -7.238230227999964 ], [ 112.737823486000252, -7.238140105999889 ], [ 112.737838744000101, -7.238049983999872 ], [ 112.737869263000221, -7.237929820999966 ], [ 112.737907410000275, -7.237790106999967 ], [ 112.737937926000313, -7.2377099979999 ], [ 112.737968445000092, -7.237619876999929 ], [ 112.737991334000071, -7.237549780999871 ], [ 112.738021850000109, -7.237470149999979 ], [ 112.738052369000116, -7.23736 ], [ 112.738098144000105, -7.237209796999934 ], [ 112.738121032000208, -7.237140178999937 ], [ 112.738151551000101, -7.23706006999987 ], [ 112.738166809000177, -7.236979960999975 ], [ 112.73819732600009, -7.23688983999989 ], [ 112.7382507330002, -7.236780641999928 ], [ 112.738288880000027, -7.236680029999945 ], [ 112.738319397000168, -7.23657989499992 ], [ 112.738327027000082, -7.236499785999968 ], [ 112.738372802000072, -7.236400126999968 ], [ 112.738403321000192, -7.236299991999942 ], [ 112.738441467000143, -7.236199854999938 ], [ 112.738471984000057, -7.236110210999868 ], [ 112.738502503000063, -7.236010073999978 ], [ 112.738533019000101, -7.235929964999968 ], [ 112.738548280000032, -7.235839842999894 ], [ 112.73857879600007, -7.235760211999889 ], [ 112.738601685000049, -7.235670089999871 ], [ 112.738632201000087, -7.235589980999919 ], [ 112.738647462000017, -7.235509872999955 ], [ 112.738670348000028, -7.235420225999974 ], [ 112.738693237, -7.235340116999964 ], [ 112.738708495000083, -7.235260008999887 ], [ 112.738731384000062, -7.235179899999935 ], [ 112.738746644000116, -7.235099792999961 ], [ 112.73877716100003, -7.234950065999897 ], [ 112.738807677000068, -7.234829902999934 ], [ 112.738830566000274, -7.234749793999924 ], [ 112.738853454000036, -7.234620093999979 ], [ 112.738853454000036, -7.234539984999913 ], [ 112.738861084000177, -7.23445987599996 ], [ 112.738868713000102, -7.234360218999939 ], [ 112.738861084000177, -7.23420858399993 ], [ 112.738853454000036, -7.234129904999975 ], [ 112.738830566000274, -7.234029770999882 ], [ 112.738800049000019, -7.233940123999901 ], [ 112.738761902000078, -7.233809947999816 ], [ 112.738723755000024, -7.23368978499991 ], [ 112.738693237, -7.233620166999913 ], [ 112.738670348000028, -7.23354005799996 ], [ 112.738639832000104, -7.233459948999894 ], [ 112.738586426000325, -7.23332977299998 ], [ 112.738548280000032, -7.233236788999932 ], [ 112.738517761000026, -7.233150004999914 ], [ 112.738487244000112, -7.233059882999839 ], [ 112.738449097000057, -7.23293018399994 ], [ 112.73841857900004, -7.232850074999874 ], [ 112.738403321000192, -7.232769966999911 ], [ 112.738372802000072, -7.232659816999956 ], [ 112.738357544000223, -7.232580184999961 ], [ 112.738327027000082, -7.232450008999933 ], [ 112.73831176900012, -7.23231983099987 ], [ 112.73829650800019, -7.232174395999948 ], [ 112.738288880000027, -7.232059955999944 ], [ 112.738281250000114, -7.231890200999942 ], [ 112.738281250000114, -7.231800078999981 ], [ 112.7382736200002, -7.231709956999964 ], [ 112.7382507330002, -7.231639860999962 ], [ 112.738159179000036, -7.2315602299999 ], [ 112.73802948000025, -7.231579780999937 ], [ 112.737846374000014, -7.231579780999937 ], [ 112.73770141500006, -7.231500148999942 ], [ 112.737670899000022, -7.231420040999978 ], [ 112.737609863000102, -7.231379985999922 ], [ 112.737380982000104, -7.231329916999869 ], [ 112.736808776000316, -7.231200217999969 ], [ 112.736267090000069, -7.231070041999942 ], [ 112.735977172000048, -7.230989932999876 ], [ 112.735893250000117, -7.230959891999873 ], [ 112.735626220000199, -7.230909823999923 ], [ 112.734848022000051, -7.230659960999958 ], [ 112.734680176000097, -7.231080054999893 ], [ 112.734619141000053, -7.231258390999926 ], [ 112.734596252000074, -7.231329916999869 ], [ 112.734573364000084, -7.231413362999945 ], [ 112.734489440000061, -7.23183011999987 ], [ 112.734390260000055, -7.232339858999921 ], [ 112.734580994000225, -7.23240995499998 ], [ 112.735412598000266, -7.232629774999964 ], [ 112.735412598000266, -7.232774256999903 ], [ 112.73542022800018, -7.232900142999938 ], [ 112.735397340000077, -7.233180045999916 ], [ 112.735336304000043, -7.233760355999948 ], [ 112.735313416000054, -7.233970164999903 ], [ 112.735183715000062, -7.233940123999901 ], [ 112.734741211000028, -7.2338209159999 ], [ 112.734291078000069, -7.233699797999918 ], [ 112.734199524000132, -7.233663558999979 ], [ 112.733879089000084, -7.233530044999839 ], [ 112.733589172000052, -7.233359813999868 ], [ 112.733421325000108, -7.233290195999871 ], [ 112.732963563000226, -7.233092783999894 ], [ 112.732872009000289, -7.233049869999888 ], [ 112.732421875000341, -7.232881546999977 ], [ 112.732322693000128, -7.232845304999955 ], [ 112.731376649000026, -7.232490062999943 ], [ 112.7312393200001, -7.232439993999947 ], [ 112.731147766000049, -7.232429980999939 ], [ 112.730949401000203, -7.232399939999937 ], [ 112.730903626000099, -7.233049869999888 ], [ 112.730873108000196, -7.233264922999922 ], [ 112.730827331000228, -7.233650207999915 ], [ 112.730796814000087, -7.233860014999948 ], [ 112.73074340900007, -7.234220026999878 ], [ 112.730735779000156, -7.234291552999935 ], [ 112.730728149000015, -7.234419821999893 ], [ 112.730491638000103, -7.234256743999936 ], [ 112.73036193900009, -7.234169959999917 ], [ 112.730041504000155, -7.233900069999891 ], [ 112.729934691000039, -7.233816622999939 ], [ 112.729858398000033, -7.233759879999923 ], [ 112.729537963000098, -7.233501433999947 ], [ 112.729393006000123, -7.233379839999941 ], [ 112.729156495000211, -7.233170032999965 ], [ 112.729072571000188, -7.233079910999891 ], [ 112.729003905000013, -7.233018875999903 ], [ 112.728698731, -7.232719896999924 ], [ 112.728660584000068, -7.232643602999929 ], [ 112.728485108000314, -7.23237085299985 ], [ 112.72840118400029, -7.232190131999971 ], [ 112.72840118400029, -7.232098579999956 ], [ 112.728408813000101, -7.231979846999934 ], [ 112.72879028300008, -7.23121023099992 ], [ 112.728851318000238, -7.231108665999955 ], [ 112.728889465000066, -7.23104000099994 ], [ 112.729110718000015, -7.230669975999888 ], [ 112.729461669000216, -7.23004007399993 ], [ 112.729621887, -7.229680061999943 ], [ 112.729682922000165, -7.229569911999931 ], [ 112.729911805000143, -7.229117392999967 ], [ 112.729949952000197, -7.229040144999942 ], [ 112.730178833000082, -7.228569984999979 ], [ 112.730812072000163, -7.227149962999874 ], [ 112.730911255000024, -7.226940153999919 ], [ 112.73165130700022, -7.225279807999925 ], [ 112.7319335950001, -7.224532602999943 ], [ 112.732032777000086, -7.22420978599996 ], [ 112.732147217000033, -7.223470210999949 ], [ 112.732162476000099, -7.223360060999937 ], [ 112.732231141000057, -7.222859859999915 ], [ 112.732261658000198, -7.222597597999879 ], [ 112.732391357000097, -7.221665381999856 ], [ 112.732543946000078, -7.220592020999959 ], [ 112.732452392000141, -7.22058153099988 ], [ 112.732192992000023, -7.220606326999871 ], [ 112.731826782000098, -7.220738410999957 ], [ 112.731552124000018, -7.220885276999979 ], [ 112.731491089000087, -7.220941542999981 ], [ 112.7312393200001, -7.221168517999956 ], [ 112.731094361000146, -7.221327304999932 ], [ 112.731033325000226, -7.221210002999896 ], [ 112.73098754800003, -7.221139906999895 ], [ 112.730812072000163, -7.220689772999947 ], [ 112.730667113000095, -7.220379828999967 ], [ 112.73056793100011, -7.220200061999947 ], [ 112.730491638000103, -7.219999790999964 ], [ 112.730392455000128, -7.219920156999933 ], [ 112.730331420000311, -7.219870089999972 ], [ 112.730110169000227, -7.219669817999943 ], [ 112.730178833000082, -7.219570159999932 ], [ 112.730209351000099, -7.219359873999963 ], [ 112.730171205000147, -7.219250200999966 ], [ 112.730056762000117, -7.219089984999925 ], [ 112.729988099000025, -7.219049930999972 ], [ 112.729873658000088, -7.21897983599996 ], [ 112.72966766400009, -7.218900203999965 ], [ 112.729492188000108, -7.218933105999895 ], [ 112.729400634000058, -7.218949793999968 ], [ 112.729347229000155, -7.218870162999963 ], [ 112.728279114000316, -7.218180179999877 ], [ 112.727813722000178, -7.2179198259999 ], [ 112.727546692000146, -7.21775007299982 ], [ 112.7268219, -7.217199801999925 ], [ 112.726470947000053, -7.216889857999945 ], [ 112.726409911000133, -7.216826438999931 ], [ 112.726242066000168, -7.21665000899992 ], [ 112.725921631, -7.21616983399997 ], [ 112.725425720000089, -7.215239524999902 ], [ 112.725372315000072, -7.215139865999959 ], [ 112.725311280000255, -7.215030192999905 ], [ 112.725021363000337, -7.214409828999919 ], [ 112.724838257000101, -7.214034555999945 ], [ 112.72429657000032, -7.21290016099988 ], [ 112.724258423000265, -7.212810038999976 ], [ 112.724166871000193, -7.212609766999947 ], [ 112.723731995000094, -7.21160983999988 ], [ 112.723640441000157, -7.211329936999903 ], [ 112.723190308000085, -7.211579798999878 ], [ 112.722877503000063, -7.211709974999906 ], [ 112.722587585000042, -7.211780070999964 ], [ 112.722183228000063, -7.211780070999964 ], [ 112.722000122000054, -7.211790083999972 ], [ 112.721931458000199, -7.211750028999973 ], [ 112.721946717000151, -7.211450099999979 ], [ 112.721946717000151, -7.211239814999942 ], [ 112.721916198000031, -7.211090087999878 ], [ 112.721710206000012, -7.210730075999948 ], [ 112.721588135000161, -7.210279940999897 ], [ 112.721679687000119, -7.210209846999874 ], [ 112.721687317000033, -7.210130213999946 ], [ 112.721641540000064, -7.209929943999896 ], [ 112.721549988000106, -7.209819793999941 ], [ 112.721290589000205, -7.209579944999973 ], [ 112.721389771000077, -7.209489822999899 ], [ 112.721443176000093, -7.209410189999971 ], [ 112.72141265900018, -7.209300041999938 ], [ 112.72122192300003, -7.209060190999878 ], [ 112.721229553000171, -7.2089200019999 ], [ 112.721199037000133, -7.208789824999883 ], [ 112.721649170000092, -7.208570002999977 ], [ 112.721603393, -7.208469867999952 ], [ 112.721122741000045, -7.208660124999824 ], [ 112.721313477000194, -7.208429813999942 ], [ 112.721778869000104, -7.208199977999925 ], [ 112.721656799000129, -7.208020209999972 ], [ 112.720977784000183, -7.20831012799988 ], [ 112.720741273000044, -7.207859991999953 ], [ 112.721420287000115, -7.207570075999968 ], [ 112.721130371000072, -7.207079887999896 ], [ 112.720100403000174, -7.207449912999948 ], [ 112.7195434570001, -7.206190108999976 ], [ 112.719947816000058, -7.20597982399994 ], [ 112.719917297000052, -7.20588016399995 ], [ 112.719856262000121, -7.205820083999924 ], [ 112.719703674000129, -7.205810070999974 ], [ 112.719642639000085, -7.20570993399997 ], [ 112.719627381000123, -7.205609798999944 ], [ 112.719711304000043, -7.205530165999903 ], [ 112.719810487000132, -7.205349921999925 ], [ 112.719718933000195, -7.20527982599998 ], [ 112.719627381000123, -7.205289840999853 ], [ 112.719383239000308, -7.205299853999975 ], [ 112.719276429000047, -7.204979896999873 ], [ 112.718482972000174, -7.203370093999979 ], [ 112.718009950000123, -7.202390192999928 ], [ 112.717918396000186, -7.202179907999948 ], [ 112.717536925000104, -7.201350211999909 ], [ 112.717391968000129, -7.201039789999925 ], [ 112.717391968000129, -7.200900077999904 ], [ 112.717483520000087, -7.200759886999947 ], [ 112.717582702000072, -7.20066976499993 ], [ 112.717742920000205, -7.200570105999873 ], [ 112.71797180100009, -7.20023012199988 ], [ 112.718070983000075, -7.200180529999955 ], [ 112.717872619000218, -7.19984435899994 ], [ 112.717544556, -7.199317453999981 ], [ 112.717445374000135, -7.199137210999879 ], [ 112.717552186000034, -7.199117182999828 ], [ 112.717689515000188, -7.199083805999976 ], [ 112.717811585000163, -7.199044226999831 ], [ 112.717948914000203, -7.199030875999881 ], [ 112.718025208000086, -7.199057578999941 ], [ 112.718139649000136, -7.199070452999933 ], [ 112.718223572000056, -7.199103831999878 ], [ 112.71829986600028, -7.199163913999939 ], [ 112.718467712, -7.199157236999952 ], [ 112.718544007000105, -7.199083805999976 ], [ 112.718658448000156, -7.19902419999994 ], [ 112.718734741000162, -7.199077127999885 ], [ 112.718864440000061, -7.199163913999939 ], [ 112.719009399000129, -7.199157236999952 ], [ 112.719078065000076, -7.199123859999929 ], [ 112.719284057000095, -7.198997496999937 ], [ 112.719375611000032, -7.198884008999869 ], [ 112.719497680000131, -7.1988239289999 ], [ 112.719665527000075, -7.1988239289999 ], [ 112.719741821000184, -7.198790549999956 ], [ 112.71984100300017, -7.198657035999929 ], [ 112.720039368000016, -7.198643684999979 ], [ 112.719917297000052, -7.198337077999952 ], [ 112.720054626000206, -7.198403833999976 ], [ 112.720474243000012, -7.199242114999947 ], [ 112.72059631400009, -7.199500082999975 ], [ 112.72086334100004, -7.199989795999898 ], [ 112.721153260000165, -7.200600146999932 ], [ 112.721321105000243, -7.20053005099993 ], [ 112.722183228000063, -7.20229005799996 ], [ 112.725326538000104, -7.209020136999925 ], [ 112.725708008000083, -7.209760188999894 ], [ 112.726211547000048, -7.209650038999939 ], [ 112.726333618000126, -7.209630011999934 ], [ 112.726310729000261, -7.209430217999966 ], [ 112.727111816000047, -7.209370134999972 ], [ 112.726966857000207, -7.209030151999968 ], [ 112.724456787, -7.203269958999954 ], [ 112.725593568000022, -7.20277023299991 ], [ 112.72859191800012, -7.209129808999933 ], [ 112.72866821200023, -7.209115027999871 ], [ 112.730468749000011, -7.208769796999945 ], [ 112.730369569000231, -7.208109855999965 ], [ 112.730018615000063, -7.208179949999874 ], [ 112.729843139000195, -7.20714998099993 ], [ 112.732727050000108, -7.206649779999907 ], [ 112.732170106000012, -7.203820227999927 ], [ 112.732589721000068, -7.203740118999974 ], [ 112.732566834000181, -7.203579901999944 ], [ 112.732719422000059, -7.203518865999968 ], [ 112.732521057000213, -7.202919959999974 ], [ 112.732391357000097, -7.202889918999972 ], [ 112.73220062200005, -7.201990126999931 ], [ 112.731903076000322, -7.201970100999972 ], [ 112.732192992000023, -7.20190000499997 ], [ 112.732101440000065, -7.201350211999909 ], [ 112.73197937000009, -7.201220035999825 ], [ 112.731407165000064, -7.201290130999951 ], [ 112.731422424000016, -7.201409816999956 ], [ 112.731323241000041, -7.20132017099985 ], [ 112.731170654000152, -7.201350211999909 ], [ 112.731170654000152, -7.201439855999979 ], [ 112.731048584000177, -7.201469897999971 ], [ 112.731018067000036, -7.201340198999901 ], [ 112.730857849000131, -7.201340198999901 ], [ 112.730873108000196, -7.201519964999932 ], [ 112.730758667000032, -7.201509951999981 ], [ 112.730720520000204, -7.201280115999907 ], [ 112.73062896600004, -7.201240061999954 ], [ 112.730422974000248, -7.2003698339999 ], [ 112.73197937000009, -7.200079916999925 ], [ 112.731903076000322, -7.199699878999979 ], [ 112.731689453000172, -7.19970989199993 ], [ 112.731529236000142, -7.198510168999974 ], [ 112.724342347000288, -7.199870109999949 ], [ 112.723571778000064, -7.198520183999904 ], [ 112.723587036000026, -7.197999954999943 ], [ 112.733474732000332, -7.196335314999942 ], [ 112.734283447000053, -7.196199892999857 ], [ 112.734931945000199, -7.19610023599995 ], [ 112.734977722000167, -7.196430205999889 ], [ 112.735031128000173, -7.196760176999931 ], [ 112.735069274000125, -7.197030066999957 ], [ 112.73510742100018, -7.197239874999923 ], [ 112.735137940000072, -7.197420119999833 ], [ 112.7351684570001, -7.197589872999913 ], [ 112.735206603000051, -7.197750090999932 ], [ 112.735237122000171, -7.197919845999877 ], [ 112.735282897000275, -7.198080062999964 ], [ 112.735313416000054, -7.198249816999976 ], [ 112.735351563000108, -7.198410033999949 ], [ 112.73538970900006, -7.198569773999907 ], [ 112.73542022800018, -7.198729991999926 ], [ 112.735450745000094, -7.198880195999948 ], [ 112.735488892000035, -7.199029922999955 ], [ 112.735519408000073, -7.199180124999884 ], [ 112.735549927000193, -7.199319838999884 ], [ 112.735580444000107, -7.199470043999952 ], [ 112.735603332000096, -7.19961023299993 ], [ 112.735626220000199, -7.199720857999921 ], [ 112.735656739000092, -7.199880122999957 ], [ 112.735687256000119, -7.2000198369999 ], [ 112.735717772000157, -7.200150012999927 ], [ 112.73574829100005, -7.200290201999962 ], [ 112.735778808000191, -7.200419902999954 ], [ 112.735809326000094, -7.200550078999981 ], [ 112.735839843, -7.200679777999881 ], [ 112.735870362000128, -7.200809953999908 ], [ 112.735900878000166, -7.200940132999847 ], [ 112.735931397000286, -7.201059817999976 ], [ 112.735961914000086, -7.201179980999882 ], [ 112.735992432000103, -7.201300143999958 ], [ 112.736022949000017, -7.201419829999907 ], [ 112.736053468000023, -7.201529979999975 ], [ 112.736076354000147, -7.201650142999881 ], [ 112.73610687300004, -7.201769828999943 ], [ 112.736129761000029, -7.201879976999976 ], [ 112.73616027800017, -7.202000139999882 ], [ 112.736190797000063, -7.202129840999874 ], [ 112.736213683000074, -7.20225000399995 ], [ 112.736236572000053, -7.202380179999977 ], [ 112.736259460000042, -7.202519893999977 ], [ 112.736289979000162, -7.202650069999947 ], [ 112.736312865000059, -7.202789783999947 ], [ 112.736343384000179, -7.202939986999922 ], [ 112.736358642000027, -7.20308017799988 ], [ 112.736389161000147, -7.203229904999944 ], [ 112.736419678000061, -7.203390119999938 ], [ 112.736450196000192, -7.203539846999831 ], [ 112.736473083000192, -7.203690051999899 ], [ 112.736503601000209, -7.203849791999971 ], [ 112.736526490000074, -7.20399999599988 ], [ 112.736557007000215, -7.204150199999958 ], [ 112.736579895000091, -7.204299926999909 ], [ 112.736610412000118, -7.204440116999876 ], [ 112.736640930000135, -7.204579830999876 ], [ 112.736656189000087, -7.204710006999903 ], [ 112.73667907700019, -7.204840182999931 ], [ 112.736709594000104, -7.204969881999943 ], [ 112.736732482000093, -7.20510005999995 ], [ 112.736763001000213, -7.205230235999977 ], [ 112.736778259000062, -7.205359934999876 ], [ 112.73680114800004, -7.205490110999904 ], [ 112.736816406000116, -7.205619811999952 ], [ 112.73684692300003, -7.205760000999931 ], [ 112.736869811000133, -7.205890178999937 ], [ 112.73689270000034, -7.206009864999942 ], [ 112.736907958000188, -7.206140040999856 ], [ 112.736938477000308, -7.206260203999932 ], [ 112.73696136500007, -7.206369876999929 ], [ 112.736976624000022, -7.206480024999905 ], [ 112.736999512000125, -7.206580161999966 ], [ 112.737022401000104, -7.206679820999909 ], [ 112.73703765900018, -7.206769942999927 ], [ 112.737060547000283, -7.206870077999952 ], [ 112.737068176000093, -7.206960199999969 ], [ 112.737091064000083, -7.207059859999845 ], [ 112.737106322000045, -7.207159996999962 ], [ 112.737129211000138, -7.207260130999884 ], [ 112.737152099000014, -7.207359790999874 ], [ 112.737167358000193, -7.207469938999907 ], [ 112.737190246000068, -7.207570075999968 ], [ 112.737220765000075, -7.207680225999923 ], [ 112.737243651000199, -7.20778989799993 ], [ 112.737258912000129, -7.207890032999956 ], [ 112.7372818, -7.208000182999911 ], [ 112.737297059000184, -7.20808982799997 ], [ 112.73731994700006, -7.208189964999974 ], [ 112.737327575000222, -7.208280086999821 ], [ 112.737350464000201, -7.208370207999906 ], [ 112.737373352000191, -7.208459854999944 ], [ 112.737388611000029, -7.208549976999961 ], [ 112.73739624100017, -7.208630084999982 ], [ 112.737419129000159, -7.208710193999877 ], [ 112.737426757000208, -7.208789824999883 ], [ 112.737449646000073, -7.208869933999949 ], [ 112.737457276000328, -7.208950042999902 ], [ 112.737472534000176, -7.209030151999968 ], [ 112.737480165000193, -7.209109782999974 ], [ 112.737487793000128, -7.20918989199987 ], [ 112.73750305100009, -7.20927 ], [ 112.737518311000144, -7.209360121999907 ], [ 112.737518311000144, -7.209449768999946 ], [ 112.737533570000096, -7.209539890999963 ], [ 112.737541198000031, -7.209630011999934 ], [ 112.737548828000058, -7.209720133999951 ], [ 112.737556458000199, -7.209819793999941 ], [ 112.737571717000151, -7.209909915999958 ], [ 112.737571717000151, -7.210000036999929 ], [ 112.737579345000086, -7.210080145999882 ], [ 112.737586975000113, -7.21016979299992 ], [ 112.737586975000113, -7.210249900999884 ], [ 112.737602233000189, -7.210400103999973 ], [ 112.737609863000102, -7.210549830999923 ], [ 112.737617494000119, -7.210690021999824 ], [ 112.737632752000081, -7.21084022399998 ], [ 112.737640380000016, -7.210989950999931 ], [ 112.737640380000016, -7.211140155999942 ], [ 112.737648010000157, -7.211289882999893 ], [ 112.737663269000109, -7.211450099999979 ], [ 112.737663269000109, -7.211530208999875 ], [ 112.737663269000109, -7.21160983999988 ], [ 112.737670899000022, -7.211689948999947 ], [ 112.737670899000022, -7.211780070999964 ], [ 112.737670899000022, -7.211870192999925 ], [ 112.737670899000022, -7.211969851999925 ], [ 112.737678527000071, -7.21208000199988 ], [ 112.737678527000071, -7.212180136999905 ], [ 112.737678527000071, -7.212299822999967 ], [ 112.737693787000126, -7.212409972999922 ], [ 112.737693787000126, -7.212530135999941 ], [ 112.737693787000126, -7.212649821999946 ], [ 112.73770141500006, -7.212759971999958 ], [ 112.73770141500006, -7.212880134999921 ], [ 112.737709046000077, -7.212989806999929 ], [ 112.737709046000077, -7.213099956999827 ], [ 112.737709046000077, -7.213210104999973 ], [ 112.737716676000105, -7.21331977799997 ], [ 112.737716676000105, -7.213429927999925 ], [ 112.73773193400018, -7.213530062999951 ], [ 112.73773193400018, -7.213640212999962 ], [ 112.73773193400018, -7.213739871999906 ], [ 112.737739562000115, -7.213850019999882 ], [ 112.737747192000029, -7.213950156999829 ], [ 112.737747192000029, -7.214049816999875 ], [ 112.737762451000094, -7.214159964999965 ], [ 112.737762451000094, -7.214260101999969 ], [ 112.737770081, -7.214360236999937 ], [ 112.737770081, -7.214449882999872 ], [ 112.737777709000284, -7.214550017999898 ], [ 112.737777709000284, -7.214650152999923 ], [ 112.737792969000111, -7.214739798999972 ], [ 112.737792969000111, -7.214829920999875 ], [ 112.737792969000111, -7.21492004299995 ], [ 112.737800598000149, -7.215010166999946 ], [ 112.737800598000149, -7.215099810999902 ], [ 112.737800598000149, -7.215189932999976 ], [ 112.737808228000063, -7.215290069999924 ], [ 112.737808228000063, -7.215380191999941 ], [ 112.737808228000063, -7.215469835999954 ], [ 112.737823486000252, -7.215569972999901 ], [ 112.737823486000252, -7.215670107999927 ], [ 112.737831116000052, -7.215760229999944 ], [ 112.737831116000052, -7.215859888999944 ], [ 112.737838744000101, -7.215960025999948 ], [ 112.737838744000101, -7.216060160999973 ], [ 112.737846374000014, -7.216149807999841 ], [ 112.737846374000014, -7.216249942999866 ], [ 112.737846374000014, -7.216350077999891 ], [ 112.737861633000307, -7.216440200999955 ], [ 112.737861633000307, -7.216529845999844 ], [ 112.737861633000307, -7.216609954999967 ], [ 112.737869263000221, -7.21669006299993 ], [ 112.737869263000221, -7.216829776999873 ], [ 112.737869263000221, -7.216909885999939 ], [ 112.737869263000221, -7.217000007999843 ], [ 112.737876891000155, -7.21712017099992 ], [ 112.73789215100021, -7.21725988299994 ], [ 112.73789215100021, -7.217339990999903 ], [ 112.737899780000021, -7.2174301149999 ], [ 112.737907410000275, -7.217529772999967 ], [ 112.737907410000275, -7.217629909999914 ], [ 112.737922668000124, -7.217730044999939 ], [ 112.737930298000038, -7.217840194999894 ], [ 112.737937926000313, -7.217949866999902 ], [ 112.737937926000313, -7.218050001999927 ], [ 112.737953187000244, -7.218160151999882 ], [ 112.737953187000244, -7.218259811999872 ], [ 112.737953187000244, -7.218369959999961 ], [ 112.737953187000244, -7.218470096999965 ], [ 112.737960815000179, -7.21856021799988 ], [ 112.737960815000179, -7.218659877999869 ], [ 112.737960815000179, -7.218760012999894 ], [ 112.737960815000179, -7.218850134999968 ], [ 112.737960815000179, -7.218939780999847 ], [ 112.737968445000092, -7.219039915999872 ], [ 112.737968445000092, -7.219130039999868 ], [ 112.737968445000092, -7.219220161999942 ], [ 112.737968445000092, -7.219299792999948 ], [ 112.737983703000282, -7.219389914999965 ], [ 112.737983703000282, -7.219470023999918 ], [ 112.737983703000282, -7.219550131999881 ], [ 112.737991334000071, -7.219629763999933 ], [ 112.737991334000071, -7.219709871999953 ], [ 112.737991334000071, -7.219860076999964 ], [ 112.737998962, -7.220009803999915 ], [ 112.738006592000147, -7.22011327599995 ], [ 112.738006592000147, -7.22023010199996 ], [ 112.738006592000147, -7.220310210999969 ], [ 112.738021850000109, -7.220389841999918 ], [ 112.738021850000109, -7.22046995099987 ], [ 112.73802948000025, -7.220620154999949 ], [ 112.738037109000061, -7.220759868999892 ], [ 112.738037109000061, -7.220890044999919 ], [ 112.738037109000061, -7.221020220999947 ], [ 112.738037109000061, -7.221139906999895 ], [ 112.738052369000116, -7.221260069999971 ], [ 112.738052369000116, -7.221389770999963 ], [ 112.738052369000116, -7.221509933999869 ], [ 112.73805999700005, -7.221640109999896 ], [ 112.73805999700005, -7.221769808999966 ], [ 112.738067627000078, -7.22189998499988 ], [ 112.738067627000078, -7.222020147999899 ], [ 112.738082886000029, -7.222159861999899 ], [ 112.73809051600017, -7.222249983999973 ], [ 112.738098144000105, -7.222357748999855 ], [ 112.738113404000046, -7.222449777999941 ], [ 112.738121032000208, -7.222579956999937 ], [ 112.738128663000225, -7.2226600649999 ], [ 112.738128663000225, -7.222740173999966 ], [ 112.73813629100016, -7.222879885999873 ], [ 112.73813629100016, -7.22295999499994 ], [ 112.73813629100016, -7.223090170999967 ], [ 112.738151551000101, -7.223219871999959 ], [ 112.738151551000101, -7.22330999299993 ], [ 112.738151551000101, -7.223390101999939 ], [ 112.73813629100016, -7.223529815999939 ], [ 112.73813629100016, -7.223680017999925 ], [ 112.73813629100016, -7.223760126999878 ], [ 112.738342285000158, -7.223760126999878 ], [ 112.738456726000095, -7.223760126999878 ], [ 112.738563538000221, -7.223889827999869 ], [ 112.738616943000125, -7.223989962999894 ], [ 112.738746644000116, -7.224190234999924 ], [ 112.738822938000226, -7.224301337999975 ], [ 112.73893737800006, -7.224460124999894 ], [ 112.739112854000041, -7.224649905999968 ], [ 112.739372253000056, -7.224810123999816 ], [ 112.739593506, -7.22489023199995 ], [ 112.739799499000242, -7.224960802999931 ], [ 112.739952088000337, -7.225009917999898 ], [ 112.740287781, -7.225120067999967 ], [ 112.74050903400007, -7.225180148999868 ], [ 112.74064636300011, -7.225210189999871 ], [ 112.740722657000106, -7.225240230999873 ], [ 112.740966796000066, -7.225325107999879 ], [ 112.740989684000056, -7.225450038999895 ], [ 112.740982056000121, -7.225671291999902 ], [ 112.740982056000121, -7.225757597999973 ], [ 112.740982056000121, -7.225840091999942 ], [ 112.740982056000121, -7.22595834699996 ], [ 112.740982056000121, -7.226140020999878 ], [ 112.740966796000066, -7.226331232999883 ], [ 112.740951538000104, -7.226500032999922 ], [ 112.740936279000152, -7.226699351999969 ], [ 112.740921021000304, -7.226945875999945 ], [ 112.740921021000304, -7.227055548999886 ], [ 112.740913391000049, -7.22718620299986 ], [ 112.741111755000134, -7.227220058999819 ], [ 112.74143982000021, -7.227330206999966 ], [ 112.741447448000258, -7.228337763999946 ], [ 112.741447448000258, -7.228469847999918 ], [ 112.741447448000258, -7.228549956999871 ], [ 112.741447448000258, -7.229090213999939 ], [ 112.741455078000172, -7.229167937999932 ], [ 112.74146270700021, -7.229360103999966 ], [ 112.74146270700021, -7.229619978999949 ], [ 112.74143982000021, -7.230100153999899 ], [ 112.741287231000229, -7.230100153999899 ], [ 112.74108886700003, -7.230100153999899 ], [ 112.740890502000184, -7.23011016699985 ], [ 112.740890502000184, -7.230228899999815 ], [ 112.740898132000098, -7.230410098999869 ], [ 112.740905763000114, -7.230545997999911 ], [ 112.740921021000304, -7.230919837999977 ], [ 112.740921021000304, -7.231042385999956 ], [ 112.740928649000011, -7.231118201999948 ], [ 112.740928649000011, -7.231304645999899 ], [ 112.740936279000152, -7.231540201999962 ], [ 112.740943909000066, -7.231785772999956 ], [ 112.740951538000104, -7.231896875999951 ], [ 112.740959168000018, -7.232100009999897 ], [ 112.740966796000066, -7.232220172999973 ], [ 112.741012573000035, -7.232749937999927 ], [ 112.74102783100011, -7.232851504999928 ], [ 112.741035461000024, -7.232934474999922 ], [ 112.741073608000079, -7.233139991999963 ], [ 112.741096497000058, -7.233326912999928 ], [ 112.741119385000047, -7.233459948999894 ], [ 112.741172790000064, -7.233610152999972 ], [ 112.741226196000071, -7.233759879999923 ], [ 112.741302491000056, -7.233839988999875 ], [ 112.741371155000252, -7.233882903999813 ], [ 112.741477967000037, -7.233950136999965 ], [ 112.741661071000067, -7.23399829899995 ], [ 112.742233277000196, -7.234089850999965 ], [ 112.742568971000082, -7.234196185999963 ], [ 112.742683411000144, -7.234228609999889 ], [ 112.742828368000119, -7.234270094999943 ], [ 112.742927550000331, -7.234270094999943 ], [ 112.743103028000064, -7.234690188999878 ], [ 112.743186950000108, -7.235010146999912 ], [ 112.743194580000022, -7.235089302999882 ], [ 112.743217469000115, -7.235295294999958 ], [ 112.743324279000035, -7.235857008999972 ], [ 112.743347167000138, -7.235990047999962 ], [ 112.743385314000193, -7.236055850999946 ], [ 112.74342346100002, -7.236131666999881 ], [ 112.743522643000119, -7.236320017999844 ], [ 112.743721007000204, -7.236569881999912 ], [ 112.743873597000174, -7.236756800999899 ], [ 112.74405670100009, -7.236980438999865 ], [ 112.744262695000089, -7.237343787999976 ], [ 112.744476318000011, -7.237684249999916 ], [ 112.744812011000022, -7.238416670999925 ], [ 112.744987487000117, -7.238910196999939 ], [ 112.745063782000329, -7.23935556299989 ], [ 112.745079041000054, -7.239449976999936 ], [ 112.745101929000043, -7.239560126999947 ], [ 112.745147704000033, -7.239789962999964 ], [ 112.745170593000012, -7.239920138999935 ], [ 112.745361329000048, -7.240369795999925 ], [ 112.745399476000216, -7.24047517799994 ], [ 112.745628357000101, -7.241040228999964 ], [ 112.74595642200029, -7.241795061999881 ], [ 112.746063232000097, -7.241950034999888 ], [ 112.746383667000032, -7.242209910999918 ], [ 112.747032165000064, -7.242798328999925 ], [ 112.747108459000174, -7.242869852999888 ], [ 112.747261048000041, -7.243184089999943 ], [ 112.747299195000096, -7.243259905999935 ], [ 112.747337342000151, -7.243440151999948 ], [ 112.747337342000151, -7.243544578999945 ], [ 112.747344970000086, -7.243720531999941 ], [ 112.74736023000014, -7.244045734999929 ], [ 112.747367858000189, -7.24452447799996 ], [ 112.747375488000102, -7.245039938999867 ], [ 112.747383119000119, -7.245217799999921 ], [ 112.747398377000195, -7.245372771999939 ], [ 112.747421265000071, -7.245567798999843 ], [ 112.74746704000006, -7.245894908999901 ], [ 112.74749755900018, -7.246078014999966 ], [ 112.74754333400017, -7.246289729999887 ], [ 112.747558594000338, -7.246369838999954 ], [ 112.74754333400017, -7.24666118499988 ], [ 112.747512817000029, -7.246790885999872 ], [ 112.747482301000332, -7.246924876999969 ], [ 112.747352600000227, -7.247253894999972 ], [ 112.747245788000214, -7.247487068999931 ], [ 112.747154236000142, -7.247701643999903 ], [ 112.747016907000216, -7.248000144999935 ], [ 112.746917725000344, -7.248175620999973 ], [ 112.746841431000121, -7.248301028999947 ], [ 112.746597290000068, -7.248330115999977 ], [ 112.746398925000221, -7.24829006199991 ], [ 112.746040344000107, -7.248219965999965 ], [ 112.745689392000031, -7.248209952999957 ], [ 112.745483398000033, -7.248189926999885 ], [ 112.745292663000214, -7.248179911999955 ], [ 112.744491578000066, -7.24811983099994 ], [ 112.744079589000194, -7.248139856999956 ], [ 112.743927002000078, -7.248139856999956 ], [ 112.743728638000221, -7.248139856999956 ], [ 112.743568420000088, -7.248109817999932 ], [ 112.743492127000081, -7.24809646499989 ], [ 112.743293762000121, -7.248060225999893 ], [ 112.742942811000262, -7.247986316999913 ], [ 112.742576599000017, -7.247910022999918 ], [ 112.742340088000219, -7.247809886999903 ], [ 112.742187500000227, -7.247749805999888 ], [ 112.742240905000131, -7.247590063999894 ], [ 112.742271424000023, -7.247509954999941 ] ] ] ] } },
{ "type": "Feature", "properties": { "GID_3": "IDN.11.35.17_1", "GID_0": "IDN", "COUNTRY": "Indonesia", "GID_1": "IDN.11_1", "NAME_1": "Jawa Timur", "NL_NAME_1": "NA", "GID_2": "IDN.11.35_1", "NAME_2": "Surabaya", "NL_NAME_2": "NA", "NAME_3": "Pakal", "VARNAME_3": "NA", "NL_NAME_3": "NA", "TYPE_3": "Kecamatan", "ENGTYPE_3": "Sub-district", "CC_3": "3578281", "HASC_3": "NA", "LULC2021": 35, "LULC2022": 34, "LULC2023": 34, "LULC2024": 34, "Kecamatan": "Pakal", "UFSI": 44936085164200000.0, "Kelas_Gena": "Rendah", "n_titik_PU": 5, "Kelas_PU_2": "Sedang", "Validasi": "Tidak Match", "Risiko_DBD": "31.101.709.483.240.500", "Kelas_DBD": "Rendah", "Ranking": 28 }, "geometry": { "type": "MultiPolygon", "coordinates": [ [ [ [ 112.619842530000255, -7.258151053999939 ], [ 112.619697571000074, -7.258096217999935 ], [ 112.619544983000083, -7.258043288999829 ], [ 112.619262695000202, -7.257943153999975 ], [ 112.619064331000118, -7.257871627999918 ], [ 112.61891937200005, -7.25782203599988 ], [ 112.618797303000065, -7.257784843999957 ], [ 112.618621825000105, -7.257732868999881 ], [ 112.618469238000102, -7.257689476999929 ], [ 112.618316651000214, -7.257654189999869 ], [ 112.618171692000033, -7.257622718999926 ], [ 112.617988586000024, -7.257585524999968 ], [ 112.617835998000146, -7.257556437999938 ], [ 112.617630004000034, -7.257551669999941 ], [ 112.617507935000276, -7.257548332999932 ], [ 112.617210389000206, -7.2575259219999 ], [ 112.617301941000278, -7.257061479999948 ], [ 112.617340088000333, -7.256906509999908 ], [ 112.617370606, -7.256746767999914 ], [ 112.617446900000118, -7.256447790999971 ], [ 112.617538452000076, -7.256145 ], [ 112.617584229000045, -7.255906580999977 ], [ 112.617607117000148, -7.255834579999942 ], [ 112.617637634000062, -7.255660533999958 ], [ 112.617607117000148, -7.255501269999911 ], [ 112.617576599000131, -7.255321978999973 ], [ 112.617614746000186, -7.254837035999913 ], [ 112.617660523000154, -7.25441789599995 ], [ 112.617698669000106, -7.2541723249999 ], [ 112.617843629000163, -7.253198623999879 ], [ 112.617904664000321, -7.252652167999884 ], [ 112.617149354000048, -7.252643584999873 ], [ 112.616729736000138, -7.252598285999966 ], [ 112.615913391000163, -7.252522467999825 ], [ 112.615386963000105, -7.252477644999942 ], [ 112.614967346000299, -7.252460956999869 ], [ 112.614608765000071, -7.252446650999957 ], [ 112.614242553000281, -7.252400873999875 ], [ 112.614318848000153, -7.251998424999897 ], [ 112.614570618000016, -7.251362799999981 ], [ 112.614631653000174, -7.251096724999968 ], [ 112.614738463000094, -7.249942301999965 ], [ 112.614761352000301, -7.249767780999889 ], [ 112.614807129000269, -7.249422071999959 ], [ 112.614715577000197, -7.248787879999895 ], [ 112.614601134000054, -7.24836921799988 ], [ 112.614555359000065, -7.24820756999992 ], [ 112.613945008000087, -7.248133658999961 ], [ 112.612770081000122, -7.248111247999873 ], [ 112.610488892000149, -7.248053549999895 ], [ 112.609855652000306, -7.248068808999903 ], [ 112.609375000000114, -7.2481365189999 ], [ 112.608848572000284, -7.24823999399996 ], [ 112.608406067000033, -7.24828004799997 ], [ 112.607818604000158, -7.248387335999894 ], [ 112.606735230000027, -7.248611448999952 ], [ 112.606521606000115, -7.248613356999954 ], [ 112.605590820000089, -7.248401641999919 ], [ 112.604980469000111, -7.248204707999946 ], [ 112.604507446000071, -7.248061655999948 ], [ 112.604133606000119, -7.24791812899997 ], [ 112.603981019000116, -7.247831819999931 ], [ 112.6038665760002, -7.247767924999891 ], [ 112.603492736000021, -7.247635363999962 ], [ 112.603469848000032, -7.247563839999884 ], [ 112.603385926000215, -7.247383116999913 ], [ 112.603240967000033, -7.247145652999905 ], [ 112.603118896000183, -7.247074126999962 ], [ 112.602851869, -7.247019289999969 ], [ 112.602668763000111, -7.246956348999959 ], [ 112.602539062, -7.24684715199993 ], [ 112.602371216000279, -7.246730803999981 ], [ 112.601989746000186, -7.246485709999945 ], [ 112.602027893000013, -7.246327399999871 ], [ 112.602195740000184, -7.246068954999942 ], [ 112.602294922000056, -7.246012209999947 ], [ 112.602439880000134, -7.245847701999821 ], [ 112.602684021000186, -7.245646952999891 ], [ 112.60279846100002, -7.24560499099988 ], [ 112.60298919700017, -7.245603082999935 ], [ 112.603012084000056, -7.245148658999881 ], [ 112.603103638000107, -7.24469232499996 ], [ 112.603332519000105, -7.244721888999948 ], [ 112.603599549000023, -7.244010925999874 ], [ 112.603843690000076, -7.243362902999934 ], [ 112.603942870000083, -7.243197439999904 ], [ 112.60408782900015, -7.243072986999834 ], [ 112.604492188000108, -7.242766379999978 ], [ 112.604736327000296, -7.242655276999926 ], [ 112.604904175000115, -7.24269676199998 ], [ 112.605133056000227, -7.242795466999951 ], [ 112.60524749800004, -7.242839812999875 ], [ 112.605392455000015, -7.242799281999908 ], [ 112.605514526000093, -7.242707251999946 ], [ 112.605598450000116, -7.242575645999977 ], [ 112.605590820000089, -7.242492674999937 ], [ 112.605567931000223, -7.242292880999969 ], [ 112.60560608000003, -7.242220401999873 ], [ 112.605682374000025, -7.242156505999958 ], [ 112.605766296000184, -7.242143153999905 ], [ 112.605957032000106, -7.242194652999899 ], [ 112.60606384200014, -7.242151736999972 ], [ 112.606163024000125, -7.241741656999977 ], [ 112.6062316900003, -7.24137210799995 ], [ 112.606254578000062, -7.241267204999815 ], [ 112.606277467000268, -7.241159914999969 ], [ 112.606292725000117, -7.241052626999931 ], [ 112.606300353000051, -7.240958212999828 ], [ 112.60634613000002, -7.240756510999915 ], [ 112.606445312, -7.240516184999933 ], [ 112.606498717000136, -7.240386485999863 ], [ 112.606437684000298, -7.240216255999883 ], [ 112.606430054000043, -7.240057945999922 ], [ 112.606414796000195, -7.239795207999975 ], [ 112.606460571000184, -7.239698408999971 ], [ 112.606513978000066, -7.239530562999903 ], [ 112.606468201000098, -7.239387988999908 ], [ 112.606132507000211, -7.239286899999911 ], [ 112.605682374000025, -7.239156245999936 ], [ 112.604965210000159, -7.238892555999882 ], [ 112.605010987000128, -7.238627433999966 ], [ 112.604919433000191, -7.238579748999939 ], [ 112.604560851000201, -7.238474368999903 ], [ 112.604568482000218, -7.238296030999891 ], [ 112.604545593000012, -7.238063334999936 ], [ 112.604476930000033, -7.23785829499991 ], [ 112.604354859000182, -7.237714767999933 ], [ 112.604156495000097, -7.237536906999878 ], [ 112.604072571000074, -7.23749637599991 ], [ 112.603958130000137, -7.237402438999936 ], [ 112.6038665760002, -7.237183093999931 ], [ 112.6038665760002, -7.237008094999908 ], [ 112.604019166000057, -7.236247539999965 ], [ 112.604209900000228, -7.235425470999814 ], [ 112.604316712000127, -7.234896658999958 ], [ 112.604393006, -7.234306335999918 ], [ 112.60441589400034, -7.234200476999888 ], [ 112.604454041000054, -7.234005926999941 ], [ 112.604591370000094, -7.23342323199995 ], [ 112.604591370000094, -7.233314514999961 ], [ 112.604591370000094, -7.232901095999921 ], [ 112.60460662800017, -7.232767103999947 ], [ 112.604431153000064, -7.23261165699995 ], [ 112.604110718000015, -7.232438563999949 ], [ 112.603736878000291, -7.232265947999963 ], [ 112.603645326000219, -7.232199191999939 ], [ 112.601753235000047, -7.230716227999892 ], [ 112.601531982000097, -7.230599402999928 ], [ 112.601112365000176, -7.230371951999928 ], [ 112.60048675500002, -7.230225562999976 ], [ 112.600410462000013, -7.230199813999889 ], [ 112.600364685000045, -7.229881285999909 ], [ 112.600357057000338, -7.229777811999952 ], [ 112.600273133000314, -7.229685306999954 ], [ 112.600112915000068, -7.229609965999941 ], [ 112.599853516000167, -7.229474066999956 ], [ 112.599769592000143, -7.229433535999931 ], [ 112.599639893000017, -7.22937393199993 ], [ 112.59950256400009, -7.229340075999971 ], [ 112.599380493000012, -7.229436397999962 ], [ 112.59938812200005, -7.229592799999921 ], [ 112.59938812200005, -7.22967719899998 ], [ 112.599243165000189, -7.229762552999944 ], [ 112.598991393, -7.229646204999938 ], [ 112.59891509900001, -7.229588507999949 ], [ 112.598930360000168, -7.229275702999928 ], [ 112.598945618000016, -7.229019165999887 ], [ 112.59864807200006, -7.228970050999919 ], [ 112.598487854000155, -7.228942869999969 ], [ 112.598114014000089, -7.228669166999964 ], [ 112.59791565, -7.228559016999952 ], [ 112.597816468000019, -7.228493690999926 ], [ 112.597770691000051, -7.228417395999941 ], [ 112.597877503000177, -7.228171348999922 ], [ 112.598175049000133, -7.228145121999887 ], [ 112.598281860000156, -7.228131293999979 ], [ 112.598457336000138, -7.228000640999937 ], [ 112.598617553000167, -7.22782754799988 ], [ 112.598716735000153, -7.227655409999954 ], [ 112.598777770000311, -7.227355957999976 ], [ 112.598770142000035, -7.227179526999919 ], [ 112.598701477000304, -7.226979254999947 ], [ 112.598579406000113, -7.226770877999968 ], [ 112.5984497070001, -7.226633548999871 ], [ 112.598045349000017, -7.226397512999881 ], [ 112.597923278000167, -7.226325989999907 ], [ 112.597785949000013, -7.22623061999991 ], [ 112.597618103000059, -7.226005076999911 ], [ 112.597526549000122, -7.225786208999921 ], [ 112.597434997000164, -7.22516870499993 ], [ 112.597183228000063, -7.223885057999837 ], [ 112.597152709000056, -7.223744391999901 ], [ 112.597068787000012, -7.223628042999962 ], [ 112.596946717000037, -7.223520277999853 ], [ 112.5968551630001, -7.223467350999897 ], [ 112.596702576000212, -7.223390101999939 ], [ 112.59661102400014, -7.22337341399998 ], [ 112.596160888000327, -7.223353385999872 ], [ 112.594757080000022, -7.223307608999903 ], [ 112.593986511000139, -7.2233405099999 ], [ 112.593879701000105, -7.22336721399995 ], [ 112.59360504100016, -7.22343540199995 ], [ 112.592620849000127, -7.223734855999908 ], [ 112.592193604000045, -7.223734855999908 ], [ 112.59207153300008, -7.223687648999942 ], [ 112.591949463000105, -7.223578452999959 ], [ 112.591644286000019, -7.223218440999915 ], [ 112.591583253000067, -7.223021984999946 ], [ 112.591560364000202, -7.222904204999963 ], [ 112.591545104000033, -7.222788333999972 ], [ 112.591560364000202, -7.22256898899991 ], [ 112.59162902800017, -7.221998691999886 ], [ 112.591644286000019, -7.221710205999898 ], [ 112.591621400000122, -7.221424579999905 ], [ 112.592330933000085, -7.220752238999978 ], [ 112.592201232000093, -7.219535350999934 ], [ 112.592117310000049, -7.218696594999869 ], [ 112.592025757000101, -7.21776294599988 ], [ 112.59207153300008, -7.217552183999942 ], [ 112.592147827000076, -7.217156886999931 ], [ 112.592224121000299, -7.216775416999894 ], [ 112.592330933000085, -7.216498851999916 ], [ 112.592437743, -7.216327190999948 ], [ 112.592605591000051, -7.216090202999965 ], [ 112.592735290000064, -7.215905188999955 ], [ 112.592964173000041, -7.215720652999948 ], [ 112.593254089000084, -7.215496061999943 ], [ 112.593589782000095, -7.215284346999908 ], [ 112.593933106, -7.215125084999954 ], [ 112.594009399000015, -7.215125084999954 ], [ 112.594551087000127, -7.217169760999923 ], [ 112.594947816000172, -7.21786785099988 ], [ 112.595237732000328, -7.218657015999895 ], [ 112.595352172000048, -7.219144820999929 ], [ 112.595382691000168, -7.219614982999929 ], [ 112.595634461000031, -7.219969271999958 ], [ 112.595924377000074, -7.220181463999893 ], [ 112.596107483000083, -7.220402716999899 ], [ 112.596153260000051, -7.22067737499998 ], [ 112.59617614800004, -7.221050262999938 ], [ 112.596420288000104, -7.221457958999906 ], [ 112.596961975000113, -7.221864222999955 ], [ 112.597312927000189, -7.222023010999976 ], [ 112.597579957000107, -7.221675871999935 ], [ 112.597740174000137, -7.221364496999911 ], [ 112.597808838000105, -7.220228193999958 ], [ 112.597595215000069, -7.219349860999955 ], [ 112.597702027000082, -7.219065666999938 ], [ 112.598091126000213, -7.218824385999881 ], [ 112.598541259000058, -7.21860551799989 ], [ 112.599166871000079, -7.218305586999975 ], [ 112.600395203000289, -7.217778206999924 ], [ 112.600646973000039, -7.217445373999908 ], [ 112.600746155000024, -7.216823101999921 ], [ 112.600494386000037, -7.216284751999979 ], [ 112.600143432000209, -7.216026781999972 ], [ 112.59968566800012, -7.216007231999924 ], [ 112.599433899000019, -7.215925216999892 ], [ 112.598571778000178, -7.215638160999958 ], [ 112.598052979000158, -7.215494631999888 ], [ 112.597625732000211, -7.215589523999938 ], [ 112.597503663000111, -7.215755938999848 ], [ 112.597381592000261, -7.216025829999978 ], [ 112.597297668000238, -7.216316700999869 ], [ 112.597099304000039, -7.216462611999873 ], [ 112.596466064000197, -7.216381548999891 ], [ 112.596107483000083, -7.216154575999951 ], [ 112.595710754000038, -7.215855598999894 ], [ 112.595542909000073, -7.215337276999946 ], [ 112.595252990000176, -7.215073584999971 ], [ 112.594657897000047, -7.214729785999964 ], [ 112.594779968000125, -7.214622496999937 ], [ 112.595146180000029, -7.214292048999937 ], [ 112.595672607000211, -7.213843344999873 ], [ 112.596199035000041, -7.213407516999951 ], [ 112.596641540000178, -7.213050364999958 ], [ 112.597061157000098, -7.21277284699994 ], [ 112.597434997000164, -7.212561129999926 ], [ 112.597656250000114, -7.212468147999971 ], [ 112.597969055000135, -7.212401389999911 ], [ 112.598236085000167, -7.212400436999928 ], [ 112.5984497070001, -7.212452411999891 ], [ 112.598114014000089, -7.21198749499996 ], [ 112.59600067000008, -7.210229872999946 ], [ 112.594947816000172, -7.209057807999955 ], [ 112.594482422000056, -7.208003043999895 ], [ 112.59233856100002, -7.207056998999974 ], [ 112.592445374000022, -7.206978320999951 ], [ 112.592445374000022, -7.206687449999947 ], [ 112.592163085000038, -7.204542636999918 ], [ 112.592689515000075, -7.202303886999971 ], [ 112.596229553000057, -7.202528476999817 ], [ 112.599166871000079, -7.203226089999873 ], [ 112.601501465000183, -7.204173563999973 ], [ 112.604080201000215, -7.205495355999972 ], [ 112.606140138000228, -7.206553457999973 ], [ 112.606803894000222, -7.206892013999891 ], [ 112.610328674000016, -7.208659171999898 ], [ 112.613441467000257, -7.209043024999971 ], [ 112.616127013000096, -7.208311557999934 ], [ 112.618743896000183, -7.20708131799995 ], [ 112.619735717000026, -7.206615447999923 ], [ 112.620903015000181, -7.206068992999917 ], [ 112.624206542000024, -7.204148767999925 ], [ 112.625678996000033, -7.203317122999977 ], [ 112.625671001000114, -7.203531998999892 ], [ 112.625566141000036, -7.204093089999958 ], [ 112.625556945000085, -7.204142092999916 ], [ 112.62527465900007, -7.205555438999966 ], [ 112.625236510000036, -7.206074237999928 ], [ 112.625206852000019, -7.206197510999971 ], [ 112.625175, -7.206328 ], [ 112.625119522000091, -7.20642554099993 ], [ 112.625084, -7.206487998999933 ], [ 112.62507233600013, -7.206517344999895 ], [ 112.625053, -7.206565999999839 ], [ 112.625043639000069, -7.206628119999891 ], [ 112.62503099900016, -7.206712 ], [ 112.62503099900016, -7.206902 ], [ 112.625036211000065, -7.207053877999954 ], [ 112.625038001, -7.207106 ], [ 112.625053, -7.207255 ], [ 112.625261688000137, -7.207482778999918 ], [ 112.625686646000077, -7.207946775999972 ], [ 112.625679116000015, -7.208172185999956 ], [ 112.625671001000114, -7.208403999999859 ], [ 112.625649425, -7.208735305999937 ], [ 112.625626000000238, -7.209095 ], [ 112.625648218000151, -7.209286814999871 ], [ 112.625656, -7.209354000999951 ], [ 112.625717000000122, -7.209484 ], [ 112.625754999000037, -7.209597000999963 ], [ 112.625754999000037, -7.209746000999871 ], [ 112.625693999000077, -7.209947999999883 ], [ 112.625632999000231, -7.210261000999935 ], [ 112.625572907000219, -7.210692724999944 ], [ 112.625557, -7.210807000999978 ], [ 112.625519001000043, -7.210998 ], [ 112.625527264000084, -7.211060802999953 ], [ 112.625549001000195, -7.211226000999943 ], [ 112.625568361000205, -7.211304063999933 ], [ 112.625580001000117, -7.211351 ], [ 112.625671749000048, -7.211424639999962 ], [ 112.625732001000074, -7.211473 ], [ 112.625833279000062, -7.211580148999928 ], [ 112.625869994000027, -7.211618992999945 ], [ 112.626060001000042, -7.211689 ], [ 112.626984000000334, -7.21196 ], [ 112.627776999000162, -7.211938 ], [ 112.627861, -7.211983000999965 ], [ 112.627890194000202, -7.212029116999929 ], [ 112.627929687, -7.212091922999889 ], [ 112.627964091000194, -7.212222844999928 ], [ 112.627998, -7.212353 ], [ 112.628043999000056, -7.212697998999943 ], [ 112.628067000000101, -7.213289 ], [ 112.628082001000166, -7.213598998999885 ], [ 112.62767, -7.214754000999903 ], [ 112.627586, -7.214949 ], [ 112.627220000000193, -7.215745998999978 ], [ 112.627092910000101, -7.215997196999979 ], [ 112.627007000000276, -7.216166998999938 ], [ 112.62694880700019, -7.216289709999955 ], [ 112.62686899900018, -7.216458 ], [ 112.62693357500018, -7.216736212999933 ], [ 112.626976014000206, -7.216919421999933 ], [ 112.626981151000223, -7.216951843999937 ], [ 112.627029001000096, -7.21725700099995 ], [ 112.627038369000161, -7.217478368999878 ], [ 112.627044677000072, -7.217634677999968 ], [ 112.627048559000059, -7.217855690999954 ], [ 112.627051999000059, -7.21806900099989 ], [ 112.627011375000052, -7.218193860999918 ], [ 112.626984000000334, -7.218277998999952 ], [ 112.626977305000082, -7.218319011999881 ], [ 112.626968001000023, -7.218376000999911 ], [ 112.626944254000023, -7.218586542999901 ], [ 112.626937867000152, -7.218642234999891 ], [ 112.62677765, -7.219242572999917 ], [ 112.626709894000214, -7.21951246499998 ], [ 112.626663148000034, -7.219698247999872 ], [ 112.626739503000067, -7.21979999399997 ], [ 112.627006531, -7.220139979999942 ], [ 112.627067566000164, -7.220369815999959 ], [ 112.627102513000068, -7.220507214999941 ], [ 112.627151001000016, -7.2207 ], [ 112.627112999000133, -7.2211 ], [ 112.627182001000278, -7.22176 ], [ 112.627258, -7.22246 ], [ 112.627220106000323, -7.222629950999817 ], [ 112.62744109800019, -7.222519989999967 ], [ 112.627632001000052, -7.222499998999979 ], [ 112.627869001000136, -7.22252 ], [ 112.628036000000179, -7.22252 ], [ 112.628822, -7.222979998999904 ], [ 112.629046274000075, -7.223089195999876 ], [ 112.629089, -7.223110000999895 ], [ 112.629220418000273, -7.223171738999952 ], [ 112.629387, -7.223249998999961 ], [ 112.629410643000142, -7.223212667999974 ], [ 112.629462999000225, -7.22312999899998 ], [ 112.629507503000013, -7.222665608999932 ], [ 112.62953200100003, -7.222409998999979 ], [ 112.62953920800021, -7.2223499239999 ], [ 112.629562378000173, -7.222159861999899 ], [ 112.629608155000142, -7.222010134999948 ], [ 112.629648467000038, -7.221953698999926 ], [ 112.629723000000126, -7.22185 ], [ 112.62983700000018, -7.22176 ], [ 112.630043001000217, -7.221900000999881 ], [ 112.630141193000213, -7.221954550999953 ], [ 112.630546999000217, -7.22218 ], [ 112.630825531000141, -7.222310221999919 ], [ 112.631317000000195, -7.22254 ], [ 112.631851001000086, -7.222810000999971 ], [ 112.631889000000115, -7.22288 ], [ 112.632000875000017, -7.223069326999905 ], [ 112.632019, -7.223099998999885 ], [ 112.632141844000103, -7.223124372999962 ], [ 112.632270999000184, -7.22315 ], [ 112.632492, -7.223140000999933 ], [ 112.63257513800022, -7.223110607999956 ], [ 112.632689999000036, -7.223069998999961 ], [ 112.632957, -7.222930000999952 ], [ 112.63301963400022, -7.222889152999926 ], [ 112.633140999000034, -7.222810000999971 ], [ 112.633278778000204, -7.222689141999979 ], [ 112.633369287000278, -7.222610134999968 ], [ 112.633742251000058, -7.222784416999957 ], [ 112.633903767000106, -7.222859888999835 ], [ 112.633931578000215, -7.222786455999881 ], [ 112.633949281000127, -7.222740173999966 ], [ 112.633926392000149, -7.22260999599996 ], [ 112.633911132000094, -7.222330092999869 ], [ 112.633926392000149, -7.221749782999893 ], [ 112.634000875000311, -7.221642072999941 ], [ 112.634148001000085, -7.22143 ], [ 112.63438740100014, -7.221226645999877 ], [ 112.634406999000021, -7.221210000999918 ], [ 112.63477299900012, -7.22101 ], [ 112.634871450000105, -7.220952926999871 ], [ 112.634910733000083, -7.220930153999973 ], [ 112.635053187000153, -7.220982661999926 ], [ 112.635208000000262, -7.22104 ], [ 112.635239067000043, -7.221007050999901 ], [ 112.635405999000227, -7.22083 ], [ 112.635457607000035, -7.220775456999945 ], [ 112.635528677000025, -7.220700339999951 ], [ 112.635553738000112, -7.220823685999846 ], [ 112.635559001000047, -7.220849999999871 ], [ 112.635619814000052, -7.221233711999844 ], [ 112.635642999000083, -7.221379998999964 ], [ 112.635698931000093, -7.221385226999928 ], [ 112.63575, -7.221390000999975 ], [ 112.636275999000077, -7.22158 ], [ 112.636780000000158, -7.22176 ], [ 112.637283001000128, -7.22185 ], [ 112.637385297000037, -7.221876685999916 ], [ 112.637397767000039, -7.221879954999906 ], [ 112.637062072000049, -7.222559927999953 ], [ 112.636871338000219, -7.222839831999863 ], [ 112.636573791000046, -7.223169803999895 ], [ 112.636428832000206, -7.223259925999969 ], [ 112.636238098000035, -7.223330021999914 ], [ 112.636077881, -7.223430156999939 ], [ 112.635879516000045, -7.223649978999902 ], [ 112.635612489000096, -7.224009990999946 ], [ 112.635459899000239, -7.224269865999872 ], [ 112.635391236000146, -7.224420069999951 ], [ 112.635208130000137, -7.224790094999946 ], [ 112.635070801000211, -7.22533988899994 ], [ 112.634788513000103, -7.22630977599988 ], [ 112.634742736000135, -7.226490019999972 ], [ 112.634422303000179, -7.227210043999946 ], [ 112.634368896000296, -7.227530000999877 ], [ 112.634368896000296, -7.227690218999896 ], [ 112.634643554000149, -7.227769851999938 ], [ 112.634803771000179, -7.22783994599996 ], [ 112.634887695000316, -7.2278900149999 ], [ 112.634902953000164, -7.228320120999967 ], [ 112.634902953000164, -7.228559969999935 ], [ 112.634719849000135, -7.22914981699995 ], [ 112.634628295000198, -7.229469776999963 ], [ 112.634582520000208, -7.229829788999893 ], [ 112.63456726000004, -7.230820177999874 ], [ 112.63453674300024, -7.231249807999973 ], [ 112.634506225000223, -7.23160981999996 ], [ 112.63452148500005, -7.232089994999967 ], [ 112.63452148500005, -7.232429980999939 ], [ 112.634429931000113, -7.23297023799995 ], [ 112.634338379000042, -7.233379839999941 ], [ 112.634338379000042, -7.233829973999946 ], [ 112.634269714000084, -7.2348599419999 ], [ 112.634353637000231, -7.234961986999906 ], [ 112.634452820000092, -7.234995840999943 ], [ 112.634651184000063, -7.234963893999975 ], [ 112.635261535000041, -7.235144614999911 ], [ 112.635566712000127, -7.235144614999911 ], [ 112.635566712000127, -7.23524284299998 ], [ 112.635581970000089, -7.23548221599998 ], [ 112.635528565000072, -7.235711096999978 ], [ 112.63542175300006, -7.236096381999971 ], [ 112.635360717000026, -7.236353396999959 ], [ 112.635269165000068, -7.23656034399994 ], [ 112.635215760000051, -7.236700533999965 ], [ 112.635139464000076, -7.236923216999912 ], [ 112.635108948000038, -7.237012862999961 ], [ 112.635070801000211, -7.237241743999903 ], [ 112.635025024000015, -7.237331389999952 ], [ 112.63506317100007, -7.237413406999963 ], [ 112.635032654000156, -7.237680911999973 ], [ 112.635009766000053, -7.237787723999929 ], [ 112.634956360000047, -7.237970827999902 ], [ 112.634872437000126, -7.238251685999955 ], [ 112.634819031, -7.238520620999907 ], [ 112.634750366000048, -7.238744735999887 ], [ 112.634681703000183, -7.238907813999901 ], [ 112.634620667000036, -7.23935556299989 ], [ 112.634605407000095, -7.23945188499988 ], [ 112.634605407000095, -7.239624022999919 ], [ 112.634590149000019, -7.239734649999946 ], [ 112.634559632000105, -7.239890097999933 ], [ 112.634498597000061, -7.239962100999833 ], [ 112.634361268000021, -7.240081309999937 ], [ 112.63420867800005, -7.24001169099995 ], [ 112.633979797000165, -7.239819526999952 ], [ 112.633689881, -7.239609241999858 ], [ 112.633567810000272, -7.239464282999961 ], [ 112.633453370000211, -7.239391803999979 ], [ 112.631782532000216, -7.243160247999924 ], [ 112.632011413000214, -7.243280886999969 ], [ 112.633018495000215, -7.243813513999896 ], [ 112.633079528000053, -7.243898867999974 ], [ 112.634216308000077, -7.244531630999973 ], [ 112.634307860000035, -7.244581699999969 ], [ 112.634109496000178, -7.244997976999969 ], [ 112.634033203000172, -7.245145320999882 ], [ 112.633712768, -7.245837211999913 ], [ 112.633644104000041, -7.245957851999947 ], [ 112.633567810000272, -7.246078014999966 ], [ 112.63346862800006, -7.246391772999971 ], [ 112.633270264000203, -7.24697494499992 ], [ 112.633247376000099, -7.247089862999928 ], [ 112.633232117000148, -7.247230051999964 ], [ 112.633209229000045, -7.24732017599996 ], [ 112.633186340000179, -7.247399806999965 ], [ 112.633171082000104, -7.247479915999975 ], [ 112.633140563000211, -7.247570037999935 ], [ 112.633110047000173, -7.247690200999955 ], [ 112.63308715800008, -7.247759818999953 ], [ 112.633056641000167, -7.247900007999874 ], [ 112.633010864000198, -7.248050212999885 ], [ 112.632987976000095, -7.248139856999956 ], [ 112.632957459000181, -7.248229980999952 ], [ 112.632942199000126, -7.248330115999977 ], [ 112.632911682000213, -7.248419761999912 ], [ 112.632888794000223, -7.248519896999937 ], [ 112.632858277000082, -7.248620031999963 ], [ 112.63282775800019, -7.248710155999959 ], [ 112.632812500000114, -7.248799799999915 ], [ 112.63278961200001, -7.248879908999982 ], [ 112.632766723000032, -7.248950004999926 ], [ 112.632751465000183, -7.249030113999879 ], [ 112.632736206000232, -7.249109744999885 ], [ 112.632720948000042, -7.249199866999959 ], [ 112.632644653000057, -7.249314784999967 ], [ 112.632560731000012, -7.249382494999963 ], [ 112.63250732400013, -7.249455928999851 ], [ 112.632438660000275, -7.249529836999898 ], [ 112.632286073000046, -7.249727248999932 ], [ 112.632102967000151, -7.249941348999869 ], [ 112.631950378000056, -7.250085830999922 ], [ 112.63173675500002, -7.250480173999961 ], [ 112.63173675500002, -7.250722407999945 ], [ 112.631668091000051, -7.250820159999932 ], [ 112.631401062, -7.25123977699991 ], [ 112.631233216000055, -7.251510142999905 ], [ 112.631278991000158, -7.251596450999955 ], [ 112.631362915000182, -7.251737594999895 ], [ 112.631072999000025, -7.252381800999899 ], [ 112.630859376000217, -7.252865790999977 ], [ 112.630493164000086, -7.253693103999979 ], [ 112.630493164000086, -7.253814697999871 ], [ 112.630531311000141, -7.253917217999913 ], [ 112.630599976000212, -7.254137037999897 ], [ 112.630859376000217, -7.254865646999974 ], [ 112.63101959100004, -7.255295752999871 ], [ 112.63105011000016, -7.255372523999938 ], [ 112.63121032700019, -7.255833149999944 ], [ 112.631278991000158, -7.256033896999838 ], [ 112.631324768000127, -7.256149769999922 ], [ 112.631370545000095, -7.256213664999962 ], [ 112.631729127000085, -7.257267951999893 ], [ 112.631881714000201, -7.257663725999976 ], [ 112.631935119000104, -7.257823942999948 ], [ 112.632110595000086, -7.258294582999838 ], [ 112.632186891000174, -7.258496284999978 ], [ 112.632240296000077, -7.258633613999905 ], [ 112.6323242200001, -7.258803843999942 ], [ 112.632385255000031, -7.258896827999934 ], [ 112.632408141000155, -7.258986472999879 ], [ 112.63230895900017, -7.259379863999925 ], [ 112.632202149000022, -7.259669779999911 ], [ 112.631858826000098, -7.260149954999974 ], [ 112.631706238000106, -7.260270117999937 ], [ 112.631507874000022, -7.260505198999965 ], [ 112.631324768000127, -7.260358333999875 ], [ 112.630821227000297, -7.260094164999941 ], [ 112.630371093, -7.259968280999942 ], [ 112.629814147000161, -7.259819983999932 ], [ 112.62947845400015, -7.25975608899995 ], [ 112.629302978000055, -7.259722709999949 ], [ 112.629135133000091, -7.260053634999963 ], [ 112.628555298000151, -7.260559558999944 ], [ 112.627670289000207, -7.260959147999927 ], [ 112.627098083000078, -7.261178969999946 ], [ 112.626365661000023, -7.261350153999956 ], [ 112.62622833200021, -7.261333464999893 ], [ 112.625282287, -7.260662078999871 ], [ 112.624999999000011, -7.260466574999953 ], [ 112.624877931000242, -7.260447025999952 ], [ 112.624748230000137, -7.260427474999915 ], [ 112.624626159000059, -7.260391710999954 ], [ 112.624458314000094, -7.260338305999937 ], [ 112.624313354000037, -7.260288238999919 ], [ 112.624145509000073, -7.260231493999981 ], [ 112.623992919000216, -7.260202406999952 ], [ 112.623870849000014, -7.260181425999974 ], [ 112.62370300300006, -7.260154724999893 ], [ 112.623565674000133, -7.260149954999974 ], [ 112.623474120000196, -7.260155199999929 ], [ 112.621574401000089, -7.258996962999959 ], [ 112.621406556000011, -7.258918761999951 ], [ 112.621269227000084, -7.258856296999966 ], [ 112.621200561000137, -7.258822439999904 ], [ 112.621032715000069, -7.258744238999896 ], [ 112.620925903000284, -7.258681773999967 ], [ 112.620758058000206, -7.258576392999885 ], [ 112.620674134000183, -7.258518695999896 ], [ 112.620574952000084, -7.258460997999919 ], [ 112.620468139000081, -7.258396624999932 ], [ 112.620330810000155, -7.258331298999963 ], [ 112.620216370000094, -7.258286474999977 ], [ 112.619987487000117, -7.258200645999977 ], [ 112.619842530000255, -7.258151053999939 ] ] ] ] } },
{ "type": "Feature", "properties": { "GID_3": "IDN.11.35.18_1", "GID_0": "IDN", "COUNTRY": "Indonesia", "GID_1": "IDN.11_1", "NAME_1": "Jawa Timur", "NL_NAME_1": "NA", "GID_2": "IDN.11.35_1", "NAME_2": "Surabaya", "NL_NAME_2": "NA", "NAME_3": "Rungkut", "VARNAME_3": "NA", "NL_NAME_3": "NA", "TYPE_3": "Kecamatan", "ENGTYPE_3": "Sub-district", "CC_3": "3578070", "HASC_3": "NA", "LULC2021": 53, "LULC2022": 53, "LULC2023": 54, "LULC2024": 54, "Kecamatan": "Rungkut", "UFSI": 4034225066420000.0, "Kelas_Gena": "Rendah", "n_titik_PU": 5, "Kelas_PU_2": "Sedang", "Validasi": "Tidak Match", "Risiko_DBD": "14.954.954.700.917.400", "Kelas_DBD": "Sangat Rendah", "Ranking": 31 }, "geometry": { "type": "MultiPolygon", "coordinates": [ [ [ [ 112.787536621000299, -7.331930160999946 ], [ 112.787368775000118, -7.331923960999916 ], [ 112.787178039000082, -7.331910132999951 ], [ 112.78674316300021, -7.331880092999938 ], [ 112.786262513000224, -7.331860064999887 ], [ 112.785949706000224, -7.331853389999878 ], [ 112.785797119000108, -7.331850051999936 ], [ 112.785331727000084, -7.331853866999893 ], [ 112.784606933000191, -7.331860064999887 ], [ 112.784362794000117, -7.331860064999887 ], [ 112.7839965820001, -7.331860064999887 ], [ 112.783592223000255, -7.331840038999928 ], [ 112.783157348000032, -7.331820010999934 ], [ 112.783012391000057, -7.331820010999934 ], [ 112.782508850000227, -7.331779955999934 ], [ 112.782188415000064, -7.331759929999976 ], [ 112.782051086000024, -7.331751822999934 ], [ 112.781753540000068, -7.331734656999913 ], [ 112.781471251000085, -7.331718443999875 ], [ 112.781173707000335, -7.331705569999883 ], [ 112.781036376000088, -7.33169936999991 ], [ 112.78077697800029, -7.3316907869999 ], [ 112.7804489130001, -7.331679820999966 ], [ 112.779960633000201, -7.331679820999966 ], [ 112.779556274000015, -7.331669805999979 ], [ 112.779380798000034, -7.331669805999979 ], [ 112.7792663580002, -7.331665037999926 ], [ 112.778938293000124, -7.331649779999907 ], [ 112.778732300000229, -7.331638336999958 ], [ 112.77805328400018, -7.331600187999868 ], [ 112.777641297000059, -7.331580161999909 ], [ 112.776962280000134, -7.331548212999962 ], [ 112.77642822200005, -7.331530093999959 ], [ 112.775924684000074, -7.331489562999877 ], [ 112.775657654000042, -7.331480026999884 ], [ 112.775344849000021, -7.331479071999979 ], [ 112.774841308000191, -7.331470011999954 ], [ 112.774765014000081, -7.331465720999972 ], [ 112.773040771000296, -7.331359863999978 ], [ 112.772727966000048, -7.331339835999927 ], [ 112.772361755000247, -7.331299780999814 ], [ 112.772277833000089, -7.331296920999932 ], [ 112.771934509000062, -7.331285 ], [ 112.771781922000173, -7.33128023099988 ], [ 112.771240234000061, -7.331246853999971 ], [ 112.770973207000111, -7.33123016299993 ], [ 112.770675660000279, -7.331222534999881 ], [ 112.770523071000184, -7.331220149999979 ], [ 112.770240783000077, -7.331250190999981 ], [ 112.769653320000089, -7.331319809999968 ], [ 112.769416809000177, -7.331308841999942 ], [ 112.768745422000052, -7.331278322999879 ], [ 112.768417359000068, -7.33127021699994 ], [ 112.768280028000163, -7.331369876999929 ], [ 112.768157960000167, -7.331524848999948 ], [ 112.767906188000097, -7.331799984999975 ], [ 112.767807006000112, -7.331820010999934 ], [ 112.767486573000156, -7.331850051999936 ], [ 112.767356872000164, -7.331894396999871 ], [ 112.76721954300001, -7.331940173999953 ], [ 112.766990662000012, -7.332013606999965 ], [ 112.766914367000027, -7.332010268999966 ], [ 112.76667022800018, -7.331970214999956 ], [ 112.766548157000102, -7.331933020999884 ], [ 112.766166687, -7.331820010999934 ], [ 112.765823365000188, -7.331680773999892 ], [ 112.765357971000071, -7.331494330999931 ], [ 112.764701843000125, -7.33123016299993 ], [ 112.764312745000097, -7.331155776999879 ], [ 112.764183044000106, -7.331120012999861 ], [ 112.76361083900008, -7.33094978299988 ], [ 112.763496399000019, -7.330930233999879 ], [ 112.763320923000038, -7.330840109999883 ], [ 112.76312255900018, -7.330790041999933 ], [ 112.762481689000083, -7.330739974999858 ], [ 112.761680604000162, -7.330719946999977 ], [ 112.761360169000227, -7.330669878999913 ], [ 112.760688782000102, -7.330609798999944 ], [ 112.760231018000127, -7.330570219999913 ], [ 112.759490966000158, -7.330490110999961 ], [ 112.759277344000111, -7.33046007199988 ], [ 112.758003234000171, -7.330359934999933 ], [ 112.757499695000206, -7.33031988099998 ], [ 112.757911682000099, -7.329500196999959 ], [ 112.758239745000083, -7.328859806999901 ], [ 112.758499145000087, -7.328370093999979 ], [ 112.758689881, -7.32799005399994 ], [ 112.758842468000012, -7.327710150999962 ], [ 112.75895690900029, -7.327479839999853 ], [ 112.75907134900001, -7.327280044999952 ], [ 112.75916290300006, -7.327099799999928 ], [ 112.759277344000111, -7.326869963999911 ], [ 112.759399414000086, -7.326630114999887 ], [ 112.759529113000212, -7.326369762999946 ], [ 112.759689331000118, -7.32604551299994 ], [ 112.759803771000065, -7.325829981999959 ], [ 112.759941102000084, -7.325560091999819 ], [ 112.760070801000097, -7.325290201999962 ], [ 112.760192872000175, -7.325039862999915 ], [ 112.760299682000095, -7.324810026999842 ], [ 112.760406494000108, -7.324600219999979 ], [ 112.76049804600018, -7.32439994799995 ], [ 112.760589600000117, -7.324220179999884 ], [ 112.76067352400014, -7.324049948999914 ], [ 112.760772706000012, -7.323919772999886 ], [ 112.760894775000224, -7.323786733999896 ], [ 112.760932922000052, -7.323710440999889 ], [ 112.76100158700001, -7.323500155999909 ], [ 112.761077881000119, -7.323359966999931 ], [ 112.761436462, -7.322669981999979 ], [ 112.761520386000029, -7.322494505999941 ], [ 112.761657715000069, -7.322199821999959 ], [ 112.761787414000082, -7.321929931999932 ], [ 112.762275697000064, -7.32095432199992 ], [ 112.762321472000053, -7.320869922999975 ], [ 112.762512208000203, -7.320456504999981 ], [ 112.762741089000087, -7.319980143999885 ], [ 112.762832643000024, -7.319783210999958 ], [ 112.76287078900009, -7.319704054999875 ], [ 112.76297760000034, -7.319479941999873 ], [ 112.763442994000116, -7.318610191999937 ], [ 112.763580323000042, -7.31831550499993 ], [ 112.763679505000027, -7.318096159999868 ], [ 112.763740540000072, -7.317969798999911 ], [ 112.763824462000116, -7.317794322999873 ], [ 112.763931274000015, -7.317588805999833 ], [ 112.764137269000116, -7.317170141999895 ], [ 112.76473999000018, -7.315909862999888 ], [ 112.764762878000056, -7.315839766999886 ], [ 112.764183044000106, -7.315544604999957 ], [ 112.764068603000283, -7.315792559999977 ], [ 112.763923644000101, -7.316084860999979 ], [ 112.763473510000154, -7.315881728999898 ], [ 112.7633667, -7.315901279999935 ], [ 112.762985230000254, -7.315856932999964 ], [ 112.76293182500001, -7.315765857999963 ], [ 112.762893676000317, -7.315688131999934 ], [ 112.76271057200006, -7.315544604999957 ], [ 112.762512208000203, -7.31553983799995 ], [ 112.76229095500014, -7.315425871999935 ], [ 112.762062072000049, -7.315257071999895 ], [ 112.761970520000318, -7.315134525999952 ], [ 112.761917115000074, -7.315068720999932 ], [ 112.761795044000223, -7.31485080799996 ], [ 112.761726379000152, -7.314718723999931 ], [ 112.761802674000137, -7.31465387399993 ], [ 112.76190948500016, -7.314692497999886 ], [ 112.762107849000017, -7.314684389999968 ], [ 112.762252808000085, -7.314534187999868 ], [ 112.762321472000053, -7.314443110999946 ], [ 112.762390137000011, -7.314400196999884 ], [ 112.762512208000203, -7.314400196999884 ], [ 112.762588501000209, -7.314410209999892 ], [ 112.762687683000081, -7.314427852999927 ], [ 112.762908936000031, -7.314567564999948 ], [ 112.76309204000006, -7.314671516999965 ], [ 112.763168336000149, -7.314717291999898 ], [ 112.76331329300001, -7.31485080799996 ], [ 112.763580323000042, -7.314950464999924 ], [ 112.763824462000116, -7.314991949999978 ], [ 112.764099122000061, -7.314991949999978 ], [ 112.764274598000043, -7.314784049999957 ], [ 112.764396668000018, -7.314492700999892 ], [ 112.764427185000159, -7.31431817999993 ], [ 112.764419555000018, -7.314234733999967 ], [ 112.764228821000074, -7.314093112999956 ], [ 112.764091492000148, -7.314010142999962 ], [ 112.764007568000125, -7.313978194999947 ], [ 112.763908386000253, -7.313943385999835 ], [ 112.763854981, -7.313802241999952 ], [ 112.763893127000188, -7.313627242999871 ], [ 112.763931274000015, -7.313396929999897 ], [ 112.764007568000125, -7.313429831999883 ], [ 112.764488220000089, -7.313660144999915 ], [ 112.764778137, -7.313839912999981 ], [ 112.764991761000147, -7.314010142999962 ], [ 112.765350341000158, -7.314370154999949 ], [ 112.765411376000088, -7.314426897999965 ], [ 112.765510558000301, -7.314499853999962 ], [ 112.765640259000293, -7.314630029999876 ], [ 112.765716553000061, -7.314720153999872 ], [ 112.765800477000084, -7.314740179999944 ], [ 112.765937806000125, -7.314670084999932 ], [ 112.766479491000268, -7.314499853999962 ], [ 112.766860962000123, -7.314370154999949 ], [ 112.767242432000103, -7.314229963999935 ], [ 112.767341614000088, -7.314138889999924 ], [ 112.767601014000093, -7.31389999299995 ], [ 112.767669677000185, -7.313849925999932 ], [ 112.767768859000057, -7.31385993899994 ], [ 112.767906188000097, -7.313930034999885 ], [ 112.768028259000175, -7.31403016999991 ], [ 112.768142699, -7.314060210999969 ], [ 112.768257142000039, -7.314060210999969 ], [ 112.768852235000168, -7.31381988499993 ], [ 112.768943787000239, -7.313710211999876 ], [ 112.768959045000088, -7.313539981999952 ], [ 112.768951417000039, -7.313405037999871 ], [ 112.768928528000174, -7.31303977999994 ], [ 112.768806458000199, -7.312786578999976 ], [ 112.768669129000045, -7.312560080999958 ], [ 112.768501281000226, -7.312329769999906 ], [ 112.768386841000165, -7.312079905999838 ], [ 112.768379210000035, -7.311920165999936 ], [ 112.768417359000068, -7.311649797999962 ], [ 112.768455506000123, -7.311566828999901 ], [ 112.768493653000178, -7.311470031999932 ], [ 112.7685318, -7.311362266999879 ], [ 112.768577575000108, -7.311230182999964 ], [ 112.768638610000153, -7.310589790999927 ], [ 112.768737792000024, -7.310510156999896 ], [ 112.768882751000206, -7.310460089999935 ], [ 112.769180298000038, -7.310389995999969 ], [ 112.769500733000314, -7.310276508999948 ], [ 112.76957702600032, -7.310249804999955 ], [ 112.769660950000343, -7.310219763999953 ], [ 112.769866943000238, -7.31022977899994 ], [ 112.769981385000165, -7.310289858999965 ], [ 112.770210266000163, -7.310410021999871 ], [ 112.770507812000119, -7.31060886399996 ], [ 112.770576478000066, -7.310653685999966 ], [ 112.770957946000181, -7.308619975999932 ], [ 112.771072389000324, -7.308640001999947 ], [ 112.77117919900013, -7.30867004299995 ], [ 112.771301270000208, -7.308700084999941 ], [ 112.771423340000183, -7.308730125999944 ], [ 112.771568297000158, -7.308760164999967 ], [ 112.771720887000015, -7.308800219999966 ], [ 112.771896362, -7.308849811999892 ], [ 112.772102357000108, -7.308899878999966 ], [ 112.772308349000127, -7.308949946999917 ], [ 112.772537232000104, -7.309000013999935 ], [ 112.772659301000203, -7.309030532999941 ], [ 112.772773743000016, -7.309060096999929 ], [ 112.773002624000128, -7.309120176999897 ], [ 112.773239136000143, -7.309179781999944 ], [ 112.773468018000017, -7.309239864999938 ], [ 112.773696899000015, -7.309299944999964 ], [ 112.773933411000257, -7.309360027999958 ], [ 112.774108886000135, -7.309409617999961 ], [ 112.77436828600014, -7.309480188999942 ], [ 112.774597169000117, -7.309539793999875 ], [ 112.774711609000178, -7.30956983599998 ], [ 112.774818420000088, -7.309599876999869 ], [ 112.775047303000065, -7.309669969999902 ], [ 112.775283814000204, -7.309730052999896 ], [ 112.775512695000202, -7.309800148999955 ], [ 112.77568817000008, -7.309843540999964 ], [ 112.775817871000072, -7.309880256999975 ], [ 112.775993347000167, -7.309929846999921 ], [ 112.776229858000079, -7.30999994299998 ], [ 112.77648162800017, -7.310070036999889 ], [ 112.776718139000081, -7.310130118999894 ], [ 112.776947022000172, -7.310200214999895 ], [ 112.777183533000084, -7.310259817999963 ], [ 112.777412414000082, -7.310319900999957 ], [ 112.77761840800008, -7.310379980999869 ], [ 112.777832031000116, -7.310430050999912 ], [ 112.778030395000314, -7.310480117999873 ], [ 112.778213501000209, -7.310530185999937 ], [ 112.778358460000049, -7.310565471999951 ], [ 112.778541564000079, -7.310609816999943 ], [ 112.778686523000033, -7.310639857999945 ], [ 112.778816224000025, -7.310669898999947 ], [ 112.778930665000075, -7.310689925999952 ], [ 112.779037475000337, -7.31070995399989 ], [ 112.779129029000273, -7.310729979999962 ], [ 112.779212953000069, -7.31073999299997 ], [ 112.779289246000076, -7.310750007999957 ], [ 112.779373168, -7.310750007999957 ], [ 112.779449464000095, -7.310760020999965 ], [ 112.779602051000325, -7.310760020999965 ], [ 112.779747010000165, -7.310760020999965 ], [ 112.779830932000209, -7.310760020999965 ], [ 112.779983521000077, -7.310760020999965 ], [ 112.780059815000186, -7.310750007999957 ], [ 112.780281068000136, -7.31073999299997 ], [ 112.780357361000142, -7.31073999299997 ], [ 112.78050231900022, -7.310719966999955 ], [ 112.780700683000077, -7.31069993899996 ], [ 112.780830384000069, -7.310679912999888 ], [ 112.780960082000206, -7.310649870999896 ], [ 112.781036376000088, -7.310639857999945 ], [ 112.781127930000025, -7.310609816999943 ], [ 112.78122711200001, -7.310589790999927 ], [ 112.781349183000088, -7.310550211999896 ], [ 112.781471251000085, -7.31052017199994 ], [ 112.781608582000217, -7.310480117999873 ], [ 112.781753540000068, -7.310440063999977 ], [ 112.781890869000222, -7.310389995999969 ], [ 112.782043458000089, -7.310339926999916 ], [ 112.782180787000016, -7.310299871999973 ], [ 112.782318116000056, -7.310249804999955 ], [ 112.782463073000258, -7.310200214999895 ], [ 112.782600402000185, -7.310150144999966 ], [ 112.78273773300009, -7.310100077999891 ], [ 112.782882690000065, -7.31005001099993 ], [ 112.783027649000132, -7.309989929999915 ], [ 112.783180236000021, -7.309929846999921 ], [ 112.783294677000185, -7.309892177999927 ], [ 112.78336334200003, -7.309869766999952 ], [ 112.783546448000152, -7.309810161999962 ], [ 112.783782959000064, -7.309730052999896 ], [ 112.7839889520003, -7.309659956999894 ], [ 112.784240723000266, -7.309579848999931 ], [ 112.784507751000206, -7.309490203999871 ], [ 112.784820556000227, -7.309400081999968 ], [ 112.785140991000162, -7.309299944999964 ], [ 112.785499573000152, -7.309189794999895 ], [ 112.78572082500034, -7.309119701999975 ], [ 112.785881043000131, -7.309070109999936 ], [ 112.786003113000106, -7.309033869999951 ], [ 112.786293030000024, -7.308949946999917 ], [ 112.786720275000107, -7.3088197699999 ], [ 112.786811829000044, -7.308792113999914 ], [ 112.787162780000017, -7.308690071999933 ], [ 112.787597656000116, -7.308549879999873 ], [ 112.788032531000113, -7.308430194999914 ], [ 112.788436890000071, -7.308300017999898 ], [ 112.788833619000116, -7.308189867999943 ], [ 112.789169312000126, -7.308090208999943 ], [ 112.789482117000148, -7.308000086999868 ], [ 112.789741516000049, -7.307929992999902 ], [ 112.789962769000113, -7.30785989799989 ], [ 112.790161133000197, -7.30780982999994 ], [ 112.790321351000102, -7.30776977599993 ], [ 112.790466308000191, -7.307730196999898 ], [ 112.790603637000231, -7.307700157999932 ], [ 112.790748596000071, -7.30767011599994 ], [ 112.790840148000029, -7.307650087999946 ], [ 112.790962219000221, -7.307630061999873 ], [ 112.791069031, -7.307610033999936 ], [ 112.791168213000219, -7.307600020999871 ], [ 112.791282654000042, -7.307579994999912 ], [ 112.791381836000028, -7.307569979999869 ], [ 112.791473390000192, -7.307559965999928 ], [ 112.791557311000133, -7.307549952999921 ], [ 112.79164886500007, -7.30753993999997 ], [ 112.791740417000142, -7.30753993999997 ], [ 112.7918319690001, -7.307529924999869 ], [ 112.791923523000037, -7.307529924999869 ], [ 112.79200744700006, -7.307529924999869 ], [ 112.792121888000338, -7.30753993999997 ], [ 112.79222107000021, -7.30753993999997 ], [ 112.792343140000185, -7.307549952999921 ], [ 112.792472839000197, -7.307569979999869 ], [ 112.792617798000038, -7.307579994999912 ], [ 112.792762756000116, -7.307600020999871 ], [ 112.792922973000145, -7.307620048999866 ], [ 112.793067932000099, -7.307640074999938 ], [ 112.79322815, -7.307660102999876 ], [ 112.793388367000034, -7.307680129999937 ], [ 112.793540954000036, -7.307700157999932 ], [ 112.793701172000056, -7.307720183999891 ], [ 112.793838501000209, -7.307740211999942 ], [ 112.793991088000098, -7.307759760999943 ], [ 112.794143677000079, -7.30776977599993 ], [ 112.79422759900001, -7.307781218999878 ], [ 112.794441224000025, -7.307799814999896 ], [ 112.794609069000217, -7.307819842999947 ], [ 112.794776917000036, -7.307829856999888 ], [ 112.794967651000206, -7.307849884999939 ], [ 112.79515838500015, -7.30785989799989 ], [ 112.795372010000165, -7.307869910999955 ], [ 112.795578002000184, -7.307889938999892 ], [ 112.79579925500002, -7.307899951999843 ], [ 112.795944214000087, -7.307906627999955 ], [ 112.796020508000197, -7.307909964999965 ], [ 112.796249389000195, -7.307919977999973 ], [ 112.796493530000021, -7.307929992999902 ], [ 112.796722413000225, -7.307940006999956 ], [ 112.796958924000023, -7.307940006999956 ], [ 112.797187805000021, -7.307950019999964 ], [ 112.79741668600002, -7.307950019999964 ], [ 112.79763793900031, -7.307950019999964 ], [ 112.797859192000033, -7.307950019999964 ], [ 112.798057556000117, -7.307950019999964 ], [ 112.79824829000006, -7.307950019999964 ], [ 112.798439026000096, -7.307940006999956 ], [ 112.798599244000229, -7.307940006999956 ], [ 112.798759461000031, -7.307929992999902 ], [ 112.798912048000147, -7.307929992999902 ], [ 112.799049377000074, -7.307919977999973 ], [ 112.7991790760002, -7.307909964999965 ], [ 112.799308777000192, -7.307899951999843 ], [ 112.799430848000043, -7.307889938999892 ], [ 112.799552918000018, -7.307879923999963 ], [ 112.799667359000182, -7.307869910999955 ], [ 112.799781799000016, -7.30785989799989 ], [ 112.799896240000066, -7.307849884999939 ], [ 112.800018310000041, -7.307839869999952 ], [ 112.800140381000233, -7.307819842999947 ], [ 112.800262452000084, -7.30780982999994 ], [ 112.800346375000231, -7.307797431999973 ], [ 112.800445558000206, -7.307785986999932 ], [ 112.800521851000212, -7.307779788999937 ], [ 112.800651550000339, -7.307759760999943 ], [ 112.800788879000038, -7.307740211999942 ], [ 112.80091858000003, -7.307720183999891 ], [ 112.801063537000232, -7.307700157999932 ], [ 112.801193238000224, -7.307680129999937 ], [ 112.801307678000057, -7.307660102999876 ], [ 112.801429749000022, -7.307650087999946 ], [ 112.801528931, -7.307630061999873 ], [ 112.801628113000106, -7.307610033999936 ], [ 112.801727295000092, -7.307600020999871 ], [ 112.80181884700005, -7.307579994999912 ], [ 112.8019104010001, -7.307569979999869 ], [ 112.802001953000058, -7.307559965999928 ], [ 112.802093505000016, -7.307549952999921 ], [ 112.802192687000229, -7.307549952999921 ], [ 112.802276611000025, -7.30753993999997 ], [ 112.802391052000075, -7.307529924999869 ], [ 112.802490234000061, -7.307529924999869 ], [ 112.802597046000074, -7.307529924999869 ], [ 112.802696228000059, -7.307529924999869 ], [ 112.802803041000061, -7.307529924999869 ], [ 112.80288696200023, -7.307529924999869 ], [ 112.802978516000167, -7.307529924999869 ], [ 112.803131104000158, -7.30753993999997 ], [ 112.803253174000133, -7.307549952999921 ], [ 112.803398131000108, -7.307569979999869 ], [ 112.803482055000018, -7.307590007999977 ], [ 112.803611756, -7.307620048999866 ], [ 112.803680420000092, -7.307650087999946 ], [ 112.803817748000142, -7.307690142999888 ], [ 112.80388641400009, -7.307720183999891 ], [ 112.803962708000086, -7.30775022499995 ], [ 112.804031371000178, -7.307779788999937 ], [ 112.804100037000126, -7.30780982999994 ], [ 112.804168702000084, -7.307839869999952 ], [ 112.804237366000052, -7.307869910999955 ], [ 112.804313659000059, -7.307899951999843 ], [ 112.804382325, -7.307940006999956 ], [ 112.804458618000012, -7.307980060999967 ], [ 112.804542542000036, -7.30802011499992 ], [ 112.804618836000145, -7.308060169999976 ], [ 112.804710388000103, -7.308110236999937 ], [ 112.80480194200004, -7.308149813999933 ], [ 112.804893494000112, -7.30819988199994 ], [ 112.804992676000211, -7.308249950999937 ], [ 112.8050766, -7.308300017999898 ], [ 112.805168152000306, -7.308340072999954 ], [ 112.805259704000036, -7.308390139999972 ], [ 112.805343627000184, -7.308430194999914 ], [ 112.805419921000066, -7.30846977199991 ], [ 112.805488587000127, -7.308499812999912 ], [ 112.80555725000022, -7.308529853999914 ], [ 112.805679321000071, -7.308579921999979 ], [ 112.805809022000062, -7.308619975999932 ], [ 112.805938720000086, -7.308660029999942 ], [ 112.806083679000153, -7.308690071999933 ], [ 112.806159973000035, -7.308700084999941 ], [ 112.806312560000151, -7.308720110999957 ], [ 112.806457520000095, -7.308730125999944 ], [ 112.806533813000101, -7.308740138999894 ], [ 112.806610107000324, -7.308740138999894 ], [ 112.806747436000023, -7.308740138999894 ], [ 112.806900025, -7.308730125999944 ], [ 112.807037354000045, -7.308710097999892 ], [ 112.807189941000161, -7.30867004299995 ], [ 112.807327270000087, -7.30862998899994 ], [ 112.80741119400011, -7.308599947999937 ], [ 112.807479858000079, -7.308569908999914 ], [ 112.807548523000037, -7.308539866999922 ], [ 112.807617187, -7.30850982599992 ], [ 112.807678222000163, -7.30846977199991 ], [ 112.807746887000235, -7.308440207999979 ], [ 112.807807923000155, -7.308400152999923 ], [ 112.80792999300013, -7.308330059999889 ], [ 112.808036804000153, -7.308249950999937 ], [ 112.808090211000035, -7.30819988199994 ], [ 112.808158874000128, -7.308139800999868 ], [ 112.808242798000151, -7.308050154999933 ], [ 112.808319092000033, -7.307929992999902 ], [ 112.808357239000088, -7.307839869999952 ], [ 112.808410644000219, -7.307700157999932 ], [ 112.808433532000095, -7.307630061999873 ], [ 112.808448791000046, -7.30749988599996 ], [ 112.808456421000187, -7.307380199999898 ], [ 112.808456421000187, -7.307260036999935 ], [ 112.808448791000046, -7.307169912999939 ], [ 112.808433532000095, -7.30706977799997 ], [ 112.808387757000332, -7.306980131999921 ], [ 112.808319092000033, -7.306859970999938 ], [ 112.808273315000065, -7.306789874999936 ], [ 112.808212279000031, -7.30671977999998 ], [ 112.808120727000073, -7.30662011999982 ], [ 112.808067322000056, -7.306570052999916 ], [ 112.807960510000044, -7.306469917999891 ], [ 112.807853700000123, -7.306359767999936 ], [ 112.807792664000203, -7.306310177999933 ], [ 112.807731629000045, -7.306260107999947 ], [ 112.807678222000163, -7.306210040999929 ], [ 112.807571412000016, -7.306109905999961 ], [ 112.807510376000096, -7.306059835999974 ], [ 112.80741119400011, -7.305970191999961 ], [ 112.807312012000011, -7.305890082999895 ], [ 112.807212830000026, -7.30578994799987 ], [ 112.807159425000123, -7.30573987899993 ], [ 112.80705261200012, -7.305640220999919 ], [ 112.806991577000076, -7.305590151999866 ], [ 112.806930542000146, -7.305530070999964 ], [ 112.806869506000226, -7.30546998899996 ], [ 112.806808471000068, -7.305419920999896 ], [ 112.806762696000078, -7.305359840999927 ], [ 112.806701661000261, -7.305300234999947 ], [ 112.806648254000038, -7.305240154999922 ], [ 112.806602479000048, -7.305180071999928 ], [ 112.80655670200008, -7.305119991999959 ], [ 112.806472778000057, -7.304999828999939 ], [ 112.806427003000067, -7.304930209999952 ], [ 112.806381226000099, -7.30486011499994 ], [ 112.806343079000044, -7.304790018999938 ], [ 112.806297302000075, -7.304719925999962 ], [ 112.806259155000248, -7.304639816999838 ], [ 112.806221008000193, -7.304560182999978 ], [ 112.806190490000176, -7.304480074999958 ], [ 112.806152343000122, -7.304399965999949 ], [ 112.806121826000208, -7.304309843999874 ], [ 112.806091308000305, -7.304230212999869 ], [ 112.80606079100005, -7.304150103999973 ], [ 112.806037902000185, -7.304069994999963 ], [ 112.806022644000109, -7.303989886999886 ], [ 112.805999756, -7.303909777999934 ], [ 112.805976867000027, -7.30377006599997 ], [ 112.805969239000092, -7.30368995699996 ], [ 112.805961609000178, -7.303549765999946 ], [ 112.805946350000227, -7.303400038999939 ], [ 112.805961609000178, -7.303249836999953 ], [ 112.805969239000092, -7.303100109999889 ], [ 112.805976867000027, -7.303020000999936 ], [ 112.805992125000216, -7.30293989199987 ], [ 112.805999756, -7.302859782999974 ], [ 112.806022644000109, -7.302780151999968 ], [ 112.806037902000185, -7.302690027999972 ], [ 112.80606079100005, -7.302609919999838 ], [ 112.806091308000305, -7.302519797999935 ], [ 112.806106568000018, -7.302420137999945 ], [ 112.806137085000273, -7.302330015999928 ], [ 112.806182862000242, -7.302229880999903 ], [ 112.806221008000193, -7.302120208999895 ], [ 112.806259155000248, -7.302020071999948 ], [ 112.806312560000151, -7.301909923999915 ], [ 112.80635833700012, -7.301790235999874 ], [ 112.806411743000126, -7.301680087999898 ], [ 112.806472778000057, -7.301569937999943 ], [ 112.806533813000101, -7.301459787999875 ], [ 112.806587218000118, -7.301360130999967 ], [ 112.806663514000093, -7.301249980999955 ], [ 112.80671691900011, -7.30114984599993 ], [ 112.806793213000219, -7.301060198999949 ], [ 112.806861878000291, -7.300960063999923 ], [ 112.806961060000162, -7.300844668999957 ], [ 112.807006835000152, -7.300769805999892 ], [ 112.807090759000175, -7.300680160999946 ], [ 112.807167053000057, -7.300590036999949 ], [ 112.807250977000081, -7.300489901999924 ], [ 112.807342529000039, -7.300399780999953 ], [ 112.807418822000045, -7.300310133999972 ], [ 112.807502746000068, -7.300209998999946 ], [ 112.807586670000092, -7.30012989099987 ], [ 112.807670594000228, -7.300039768999966 ], [ 112.807746887000235, -7.299960134999878 ], [ 112.807823181000117, -7.299890041999959 ], [ 112.807891847000178, -7.2998199459999 ], [ 112.807960510000044, -7.299759863999896 ], [ 112.808029175000115, -7.299699782999937 ], [ 112.808090211000035, -7.29965019299982 ], [ 112.808151244000214, -7.299600123999937 ], [ 112.808212279000031, -7.299550055999873 ], [ 112.808280945000206, -7.299499988999912 ], [ 112.808341980000023, -7.29945993399997 ], [ 112.808410644000219, -7.299409866999895 ], [ 112.808479309000063, -7.299369811999952 ], [ 112.80854034500021, -7.299330232999978 ], [ 112.808609008000076, -7.299290178999968 ], [ 112.808677674000251, -7.299240111999893 ], [ 112.808746337000116, -7.29921007199988 ], [ 112.808822633000091, -7.29917001799987 ], [ 112.808937073000152, -7.299099921999925 ], [ 112.809013367000034, -7.299069880999923 ], [ 112.809127807000095, -7.299009799999965 ], [ 112.809249878000173, -7.298960207999926 ], [ 112.8093872070001, -7.298920153999973 ], [ 112.809463501000209, -7.298900127999843 ], [ 112.809539794000216, -7.298880099999963 ], [ 112.809631348000153, -7.29886007399989 ], [ 112.809707642000035, -7.298840044999906 ], [ 112.809799194000107, -7.298830031999898 ], [ 112.809890748000043, -7.298810003999847 ], [ 112.80996704100005, -7.298799990999896 ], [ 112.810058593, -7.298789977999945 ], [ 112.810142517000031, -7.298789977999945 ], [ 112.810218811000141, -7.298779964999937 ], [ 112.810371398000029, -7.298779964999937 ], [ 112.810447694000118, -7.298779964999937 ], [ 112.810592651000206, -7.298789977999945 ], [ 112.810668945000089, -7.298799990999896 ], [ 112.810821534000183, -7.298820018999947 ], [ 112.810966491000045, -7.298850057999971 ], [ 112.811042785000268, -7.29886007399989 ], [ 112.811187744000108, -7.298900127999843 ], [ 112.811332703000062, -7.298950194999975 ], [ 112.811462402000075, -7.298999784999978 ], [ 112.811538695000081, -7.299039839999921 ], [ 112.811607361000142, -7.299069880999923 ], [ 112.811683655000024, -7.29911994899993 ], [ 112.811759948000031, -7.29916000299994 ], [ 112.811851502000309, -7.299220084999945 ], [ 112.811943054000039, -7.299270152999895 ], [ 112.812026978000063, -7.299339770999893 ], [ 112.81213378800021, -7.299409866999895 ], [ 112.812232970000082, -7.299469946999977 ], [ 112.812316894000105, -7.299540042999922 ], [ 112.812423706000232, -7.299610138999981 ], [ 112.812507630000027, -7.29967021899995 ], [ 112.812591552000072, -7.29972982399994 ], [ 112.812667846000181, -7.299789904999898 ], [ 112.812736511000253, -7.299839971999972 ], [ 112.812797547000173, -7.299880026999915 ], [ 112.812858582000104, -7.299920080999925 ], [ 112.812973022000051, -7.29999017699987 ], [ 112.813049316000161, -7.300030230999823 ], [ 112.813117981, -7.300069807999876 ], [ 112.813201903000049, -7.300109861999942 ], [ 112.813270569000224, -7.300139903999934 ], [ 112.81334686200023, -7.300179957999944 ], [ 112.813430786000026, -7.300220011999954 ], [ 112.813560485000039, -7.300270079999962 ], [ 112.813629151000214, -7.300300120999964 ], [ 112.813781738000102, -7.300350188999914 ], [ 112.813858032000098, -7.300380229999917 ], [ 112.813949585000046, -7.300409793999961 ], [ 112.814041137000231, -7.300439834999963 ], [ 112.81414032000032, -7.300469873999873 ], [ 112.814239502000191, -7.300509928999872 ], [ 112.814338684000063, -7.300539969999875 ], [ 112.814453124000124, -7.300580023999942 ], [ 112.814559937000013, -7.300610065999933 ], [ 112.814666749000139, -7.300650119999943 ], [ 112.814773559000059, -7.300680160999946 ], [ 112.814880372000061, -7.300720215999888 ], [ 112.814979554000161, -7.300759792999941 ], [ 112.815086364000081, -7.300799846999894 ], [ 112.815177918000018, -7.300829885999974 ], [ 112.81527710000023, -7.300869940999917 ], [ 112.815368652000188, -7.30090999499987 ], [ 112.81546783400006, -7.30095004899988 ], [ 112.815559386000018, -7.30100011899998 ], [ 112.815650940000069, -7.301040172999876 ], [ 112.815750122000168, -7.301089762999936 ], [ 112.815849305000029, -7.301129817999936 ], [ 112.815940857000214, -7.301179884999897 ], [ 112.816040039000086, -7.301239967999891 ], [ 112.816139221000071, -7.301290034999965 ], [ 112.816230775, -7.301340102999916 ], [ 112.81632232700008, -7.301390169999877 ], [ 112.816421509000179, -7.301449774999924 ], [ 112.816497803000061, -7.301499842999931 ], [ 112.816581726000209, -7.301549911999871 ], [ 112.816658020000091, -7.301599978999946 ], [ 112.816741944000114, -7.301650046999896 ], [ 112.81681823700012, -7.3017101289999 ], [ 112.816902161000144, -7.301760196999965 ], [ 112.816978455000026, -7.301819799999919 ], [ 112.817062379000049, -7.301889895999921 ], [ 112.817146301000093, -7.301949977999925 ], [ 112.81723785500003, -7.302030086999935 ], [ 112.817337037000016, -7.302100180999958 ], [ 112.817436219000115, -7.302189826999893 ], [ 112.817550659000176, -7.302269935999959 ], [ 112.817649841000048, -7.302350044999912 ], [ 112.817749024000136, -7.302440165999826 ], [ 112.817863464000197, -7.302529810999943 ], [ 112.817962646000069, -7.302609919999838 ], [ 112.818046570000092, -7.302690027999972 ], [ 112.818138122000164, -7.302770136999925 ], [ 112.818229676000101, -7.302849767999874 ], [ 112.818321228000059, -7.302919863999875 ], [ 112.818397522000168, -7.302989959999934 ], [ 112.818481445000089, -7.303060054999946 ], [ 112.818550109000057, -7.303130148999969 ], [ 112.818618774000015, -7.303199766999967 ], [ 112.81868744000019, -7.303269862999969 ], [ 112.818748473000142, -7.303339957999924 ], [ 112.818817139000089, -7.303410051999947 ], [ 112.818878174000133, -7.303470134999941 ], [ 112.818939209000064, -7.303540229999896 ], [ 112.819000245000211, -7.303609848999884 ], [ 112.819061280000028, -7.30368995699996 ], [ 112.819122315000186, -7.30376005099987 ], [ 112.819183349000014, -7.303840159999936 ], [ 112.819236756000123, -7.303929805999871 ], [ 112.819313049000129, -7.304019927999946 ], [ 112.819381713000098, -7.304110049999963 ], [ 112.819458009000073, -7.304210186999967 ], [ 112.819541930000014, -7.304319858999918 ], [ 112.819618226000102, -7.304430006999951 ], [ 112.819717408000088, -7.30455016999997 ], [ 112.819816590000187, -7.304679870999962 ], [ 112.81992340100021, -7.30482005999994 ], [ 112.820030213000109, -7.30495977399994 ], [ 112.820137023000143, -7.305109976999915 ], [ 112.820259094000335, -7.305250167999873 ], [ 112.820373534000055, -7.305389879999893 ], [ 112.820487977000198, -7.305530070999964 ], [ 112.820602417000032, -7.30565976999992 ], [ 112.820709228000055, -7.30577993299994 ], [ 112.820823670000323, -7.305900095999903 ], [ 112.820922852000194, -7.306000232999963 ], [ 112.821022034000066, -7.306099890999917 ], [ 112.821113586000024, -7.306190013999924 ], [ 112.821197510000047, -7.306270122999877 ], [ 112.821289062000119, -7.306340216999843 ], [ 112.821372986000142, -7.306409834999897 ], [ 112.821441649, -7.306469917999891 ], [ 112.821510315000069, -7.306519984999966 ], [ 112.821571350000227, -7.306570052999916 ], [ 112.821632386000147, -7.306610106999869 ], [ 112.821731568000132, -7.306680202999928 ], [ 112.821853638000107, -7.306739807999975 ], [ 112.821968079000044, -7.306789874999936 ], [ 112.822052003000067, -7.306809900999951 ], [ 112.822151185000166, -7.306829929999935 ], [ 112.822250367000152, -7.306849955999894 ], [ 112.822326661000034, -7.306869983999889 ], [ 112.822471618000122, -7.306890009999961 ], [ 112.822631835000152, -7.306910037999899 ], [ 112.822731017000137, -7.306910037999899 ], [ 112.822830199, -7.306920050999963 ], [ 112.822937012000011, -7.306930063999971 ], [ 112.823059082000213, -7.306940077999911 ], [ 112.823188781000226, -7.306940077999911 ], [ 112.823318482000332, -7.306950092999955 ], [ 112.823448181000117, -7.306960105999963 ], [ 112.823577882000109, -7.306970118999914 ], [ 112.823707580000018, -7.306970118999914 ], [ 112.82383728100001, -7.306980131999921 ], [ 112.823959350000109, -7.306990146999965 ], [ 112.824089051000101, -7.307000159999973 ], [ 112.824211121000076, -7.307020185999875 ], [ 112.824333190000061, -7.307030200999975 ], [ 112.824447632000329, -7.307040213999926 ], [ 112.824569703000066, -7.307059764999963 ], [ 112.824691772000278, -7.30706977799997 ], [ 112.824806214000205, -7.307079790999921 ], [ 112.824928283000077, -7.307099819999962 ], [ 112.825050353000051, -7.307109832999913 ], [ 112.825172424000129, -7.307129858999872 ], [ 112.825302125000235, -7.307149886999866 ], [ 112.825439454000161, -7.307169912999939 ], [ 112.825576783000088, -7.307189940999876 ], [ 112.825729370000204, -7.307219982999868 ], [ 112.825889588000109, -7.307250021999891 ], [ 112.826072694000118, -7.307280062999951 ], [ 112.826248169000223, -7.307310104999885 ], [ 112.826431275000232, -7.307350158999895 ], [ 112.826622009000062, -7.307380199999898 ], [ 112.826820374000022, -7.307419776999893 ], [ 112.827018738000106, -7.30745983199995 ], [ 112.827217102000191, -7.30749988599996 ], [ 112.827423095000086, -7.30753993999997 ], [ 112.82762145900017, -7.307579994999912 ], [ 112.827819823000027, -7.307630061999873 ], [ 112.828018188000215, -7.30767011599994 ], [ 112.828216552000072, -7.30771017099994 ], [ 112.82842254600007, -7.307759760999943 ], [ 112.828628541000171, -7.307799814999896 ], [ 112.828842163000218, -7.307849884999939 ], [ 112.829048156000113, -7.307889938999892 ], [ 112.829261780000024, -7.307940006999956 ], [ 112.829467773000147, -7.307980060999967 ], [ 112.829681396000296, -7.308030127999928 ], [ 112.829887390000067, -7.30807018299987 ], [ 112.830101013000103, -7.308110236999937 ], [ 112.830291749000253, -7.30815982699994 ], [ 112.830482483000083, -7.30819988199994 ], [ 112.830657959000177, -7.308229922999942 ], [ 112.830841065000072, -7.308269976999895 ], [ 112.831008910000037, -7.308310031999952 ], [ 112.831169128000283, -7.308340072999954 ], [ 112.831336975000227, -7.308380126999964 ], [ 112.831512451000208, -7.308410167999966 ], [ 112.831672669000113, -7.308450220999873 ], [ 112.831848144000332, -7.308479784999918 ], [ 112.832023620000086, -7.308519838999871 ], [ 112.832206726000209, -7.308559892999824 ], [ 112.832397460000152, -7.308589934999929 ], [ 112.832588196000074, -7.30862998899994 ], [ 112.832786561000262, -7.30867004299995 ], [ 112.832992553000054, -7.308710097999892 ], [ 112.833190917000024, -7.308750151999845 ], [ 112.833396912000012, -7.308790206999959 ], [ 112.833610534000172, -7.308839798999884 ], [ 112.833808899000132, -7.308879852999894 ], [ 112.834022521000065, -7.308929919999969 ], [ 112.834228516000167, -7.308969974999911 ], [ 112.834442138000213, -7.309020041999872 ], [ 112.83464050300006, -7.309070109999936 ], [ 112.834838867000258, -7.309110163999947 ], [ 112.835037231000115, -7.309160231999954 ], [ 112.835243226000102, -7.309209823999936 ], [ 112.835426330000132, -7.309249877999889 ], [ 112.835617066000054, -7.309299944999964 ], [ 112.835800172000177, -7.309350012999914 ], [ 112.835983276000206, -7.309400081999968 ], [ 112.836158752000301, -7.309450149999918 ], [ 112.836326599000245, -7.309500216999822 ], [ 112.836502075000226, -7.309539793999875 ], [ 112.836669923000045, -7.309589861999939 ], [ 112.836837768, -7.309639930999936 ], [ 112.836997986000142, -7.309689998999886 ], [ 112.837158203000172, -7.309740065999961 ], [ 112.837318421000077, -7.309790133999911 ], [ 112.837471008000193, -7.309830187999921 ], [ 112.837623595000082, -7.30987977999996 ], [ 112.837760926000215, -7.30991983399997 ], [ 112.837898255000255, -7.309959888999913 ], [ 112.83802795400004, -7.309989929999915 ], [ 112.838157655000032, -7.310029981999946 ], [ 112.838279723000028, -7.310060023999938 ], [ 112.83838653600003, -7.31009006499994 ], [ 112.838493348000043, -7.310110090999899 ], [ 112.838592530000028, -7.310130118999894 ], [ 112.838676452000072, -7.310150144999966 ], [ 112.838752746000182, -7.310160160999885 ], [ 112.838882446000071, -7.310180186999958 ], [ 112.839088441000172, -7.310170173999893 ], [ 112.83924102800006, -7.310140131999901 ], [ 112.839332580000018, -7.310120105999943 ], [ 112.839439392000145, -7.31009006499994 ], [ 112.839523316000168, -7.310060023999938 ], [ 112.83959961000005, -7.310029981999946 ], [ 112.839706420000084, -7.309989929999915 ], [ 112.839813233000086, -7.309939860999975 ], [ 112.839897156, -7.30987977999996 ], [ 112.839988708000078, -7.309810161999962 ], [ 112.840080260000036, -7.309740065999961 ], [ 112.840148926000097, -7.309669969999902 ], [ 112.84023285000012, -7.30956983599998 ], [ 112.84031677300004, -7.309450149999918 ], [ 112.840370179000161, -7.309380053999917 ], [ 112.840408325000112, -7.309309958999961 ], [ 112.840461731000119, -7.309239864999938 ], [ 112.840507508000087, -7.309160231999954 ], [ 112.840553285000055, -7.309080122999944 ], [ 112.840599060000045, -7.309000013999935 ], [ 112.840652467000041, -7.308919906999961 ], [ 112.84069061300022, -7.308849811999892 ], [ 112.840736389000085, -7.308770179999897 ], [ 112.840782165000178, -7.308700084999941 ], [ 112.840827942000146, -7.308619975999932 ], [ 112.840881348000039, -7.308539866999922 ], [ 112.840919494000218, -7.30846977199991 ], [ 112.840972900000224, -7.308380126999964 ], [ 112.841026307000106, -7.308300017999898 ], [ 112.84107971200001, -7.308209896999927 ], [ 112.841140747000168, -7.308110236999937 ], [ 112.841201783000088, -7.308010099999876 ], [ 112.841262818000018, -7.307899951999843 ], [ 112.841331481000111, -7.307799814999896 ], [ 112.841392517000031, -7.307690142999888 ], [ 112.841461182000103, -7.307579994999912 ], [ 112.841522217000261, -7.307479857999965 ], [ 112.841590881000116, -7.307380199999898 ], [ 112.841651916000046, -7.307290075999902 ], [ 112.841712952000194, -7.307209967999938 ], [ 112.841766357000211, -7.307119845999978 ], [ 112.841827392000027, -7.307040213999926 ], [ 112.841903686000137, -7.306960105999963 ], [ 112.841979981000122, -7.306869983999889 ], [ 112.842056275, -7.306779861999871 ], [ 112.842163085000038, -7.306690215999936 ], [ 112.842262267000024, -7.306590080999911 ], [ 112.842376710000167, -7.306479930999956 ], [ 112.842498779000039, -7.306369780999887 ], [ 112.842628479000155, -7.306260107999947 ], [ 112.84275055, -7.306149959999971 ], [ 112.842880249000018, -7.306039809999959 ], [ 112.843002319000334, -7.305940150999959 ], [ 112.843109132000222, -7.305840015999934 ], [ 112.843223572000056, -7.305749893999916 ], [ 112.843322754000155, -7.305669784999964 ], [ 112.843406678000179, -7.305600166999966 ], [ 112.843490600000109, -7.305530070999964 ], [ 112.843566894000105, -7.305459975999952 ], [ 112.843650817000025, -7.305399894999937 ], [ 112.8437194830002, -7.305339811999943 ], [ 112.843788146000065, -7.305280208999875 ], [ 112.843872070000089, -7.305230139999935 ], [ 112.843940736000263, -7.30517005899992 ], [ 112.84401702900027, -7.305109976999915 ], [ 112.844100951000087, -7.305059908999965 ], [ 112.844177247000061, -7.304999828999939 ], [ 112.844268799000133, -7.304940223999893 ], [ 112.844360351000091, -7.304880140999899 ], [ 112.844459533000077, -7.304810046999876 ], [ 112.844581604000041, -7.304739951999863 ], [ 112.844718933000081, -7.304659842999968 ], [ 112.844917297000165, -7.30455016999997 ], [ 112.845199585000046, -7.304399965999949 ], [ 112.84568023700001, -7.304150103999973 ], [ 112.845848083000078, -7.304890155999942 ], [ 112.845947265000063, -7.305029867999963 ], [ 112.846290589000091, -7.305459975999952 ], [ 112.846443176000207, -7.306200027999978 ], [ 112.846443176000207, -7.307000159999973 ], [ 112.846450806000121, -7.307310104999885 ], [ 112.846420287000342, -7.307640074999938 ], [ 112.846366882000098, -7.307740211999942 ], [ 112.846290589000091, -7.30775022499995 ], [ 112.846138001000099, -7.30775022499995 ], [ 112.846069336000028, -7.307829856999888 ], [ 112.845993042000032, -7.307919977999973 ], [ 112.845909118000236, -7.307919977999973 ], [ 112.845672607000097, -7.307909964999965 ], [ 112.845687866000048, -7.308060169999976 ], [ 112.845787048000261, -7.30815982699994 ], [ 112.845840455000143, -7.308259963999944 ], [ 112.845840455000143, -7.308410167999966 ], [ 112.845840455000143, -7.308939933999909 ], [ 112.84583282500023, -7.309169768999936 ], [ 112.845771789000196, -7.309370040999966 ], [ 112.845733643000017, -7.309549806999939 ], [ 112.845748901000206, -7.309659956999894 ], [ 112.845787048000261, -7.309780119999971 ], [ 112.84559631400009, -7.309989929999915 ], [ 112.845451354000033, -7.31021022799996 ], [ 112.845283509000069, -7.310649870999896 ], [ 112.845207215000187, -7.310639857999945 ], [ 112.845108033000088, -7.310619829999894 ], [ 112.845069886000033, -7.310790062999956 ], [ 112.845046998000157, -7.310949802999858 ], [ 112.844978332000096, -7.311160087999951 ], [ 112.844871522000176, -7.311309813999969 ], [ 112.844772340000191, -7.311379909999914 ], [ 112.844627381, -7.311450003999937 ], [ 112.844482421000066, -7.311550140999941 ], [ 112.844512940000186, -7.311649797999962 ], [ 112.84459686200023, -7.311729906999915 ], [ 112.844688416000167, -7.311820030999911 ], [ 112.844726563000222, -7.312039850999895 ], [ 112.844726563000222, -7.312429904999931 ], [ 112.844741821000071, -7.312540054999886 ], [ 112.844512940000186, -7.313149927999973 ], [ 112.844436646000077, -7.313169956999957 ], [ 112.844291687000123, -7.313139914999965 ], [ 112.844062804000032, -7.313119886999971 ], [ 112.844070435000049, -7.313260077999871 ], [ 112.844100951000087, -7.31337022799994 ], [ 112.843841554000051, -7.313489913999945 ], [ 112.843818665000072, -7.313570022999954 ], [ 112.843849182000326, -7.313779829999874 ], [ 112.84385681200024, -7.313869951999948 ], [ 112.843788146000065, -7.314050197999961 ], [ 112.843750000000114, -7.314189909999868 ], [ 112.843841554000051, -7.314330100999939 ], [ 112.843780518000017, -7.314400196999884 ], [ 112.843482972000061, -7.314650058999973 ], [ 112.843307496000079, -7.31469011299987 ], [ 112.843162537000126, -7.314740179999944 ], [ 112.843116760000157, -7.314819811999939 ], [ 112.843086243000016, -7.314990043999899 ], [ 112.843070983000189, -7.315780161999953 ], [ 112.843032836000134, -7.31592988899996 ], [ 112.842941284000176, -7.316030025999908 ], [ 112.842910767000035, -7.316170214999943 ], [ 112.842887879000273, -7.31635999599996 ], [ 112.842773437, -7.316559790999975 ], [ 112.842529297000056, -7.316969871999959 ], [ 112.841903686000137, -7.317729949999944 ], [ 112.841613769000219, -7.318009852999921 ], [ 112.841339112000128, -7.318240164999963 ], [ 112.840606690000072, -7.318709850999937 ], [ 112.8401718140002, -7.318940161999933 ], [ 112.839607238000212, -7.319119929999943 ], [ 112.83924102800006, -7.319200038999895 ], [ 112.838768006, -7.319230077999919 ], [ 112.838203430000021, -7.31926011999991 ], [ 112.836402893000013, -7.31930017399992 ], [ 112.836082458000078, -7.319349765999959 ], [ 112.83599090600012, -7.319359778999967 ], [ 112.835777283000084, -7.319340227999874 ], [ 112.835662841000044, -7.319469928999979 ], [ 112.835609436000027, -7.319620131999955 ], [ 112.835609436000027, -7.319749831999957 ], [ 112.835662841000044, -7.319930075999935 ], [ 112.835746765000067, -7.320089815999893 ], [ 112.835800172000177, -7.320139885999879 ], [ 112.836326599000245, -7.320899963999977 ], [ 112.836769105000144, -7.321450231999961 ], [ 112.837059021000073, -7.321740150999858 ], [ 112.83738708400017, -7.322010040999885 ], [ 112.837570190000065, -7.32215022999992 ], [ 112.837677002000191, -7.322289943999976 ], [ 112.837692261000143, -7.322390078999888 ], [ 112.837509155000021, -7.32251977999988 ], [ 112.837097168000014, -7.322700022999868 ], [ 112.836647034000066, -7.322929858999885 ], [ 112.836410523000268, -7.322999954999887 ], [ 112.835922240000059, -7.323100089999912 ], [ 112.835868835000042, -7.323180197999875 ], [ 112.835792542000036, -7.32330989899998 ], [ 112.835716248000153, -7.323440074999894 ], [ 112.835647583000195, -7.323540209999919 ], [ 112.835563659000059, -7.323569773999964 ], [ 112.835250854000151, -7.323639869999909 ], [ 112.834732055000131, -7.323969839999961 ], [ 112.83463287300026, -7.324160098999869 ], [ 112.834487915000182, -7.324250220999886 ], [ 112.834312440000303, -7.324369906999948 ], [ 112.834281921000184, -7.324500082999975 ], [ 112.834213257000215, -7.324530123999864 ], [ 112.834037782000109, -7.324500082999975 ], [ 112.833908081000118, -7.324490069999911 ], [ 112.833763122000164, -7.324560164999923 ], [ 112.833526611000025, -7.324719904999938 ], [ 112.832862854000268, -7.3253102299999 ], [ 112.832412721000082, -7.325809955999887 ], [ 112.832229615000188, -7.32606983099987 ], [ 112.831886291000046, -7.326720236999961 ], [ 112.83161163300008, -7.327270029999966 ], [ 112.83109283400006, -7.328139780999834 ], [ 112.830566407000106, -7.329100130999961 ], [ 112.830017091000059, -7.329780101999916 ], [ 112.829452515000071, -7.330430030999878 ], [ 112.829048156000113, -7.330880163999893 ], [ 112.828681946000074, -7.33128023099988 ], [ 112.828536987, -7.331520078999915 ], [ 112.828392030000032, -7.331920147999881 ], [ 112.828269959000181, -7.33217000999997 ], [ 112.828086853000059, -7.332389831999933 ], [ 112.827911377000305, -7.33247995399995 ], [ 112.827606201000094, -7.332580088999975 ], [ 112.827316284000176, -7.332650184999977 ], [ 112.827171325000222, -7.332739828999934 ], [ 112.827033996000068, -7.332865236999908 ], [ 112.826789855000015, -7.332610129999978 ], [ 112.82672119200015, -7.332530020999968 ], [ 112.826660156000116, -7.332449912999948 ], [ 112.826599121000072, -7.332369803999882 ], [ 112.826553344000104, -7.332290172999933 ], [ 112.826499939000087, -7.332220076999931 ], [ 112.826461792000032, -7.332149980999816 ], [ 112.826423645000091, -7.332079887999953 ], [ 112.826393126000198, -7.332009791999951 ], [ 112.826347351000209, -7.331950186999961 ], [ 112.82630157400024, -7.331820010999934 ], [ 112.826263428000289, -7.331729888999973 ], [ 112.82621765100032, -7.331649779999907 ], [ 112.826187134000065, -7.331560133999972 ], [ 112.826156615000059, -7.331480026999884 ], [ 112.826118469000107, -7.331389902999888 ], [ 112.826080322000053, -7.331309793999935 ], [ 112.826019286000019, -7.331190108999976 ], [ 112.825958251000202, -7.331089973999951 ], [ 112.825859069000103, -7.331009864999885 ], [ 112.825317383000083, -7.330860137999935 ], [ 112.824897766000049, -7.330830096999932 ], [ 112.824302673000147, -7.330860137999935 ], [ 112.823547363000216, -7.33092021899995 ], [ 112.823371887, -7.330850124999927 ], [ 112.822570800000108, -7.33046007199988 ], [ 112.822280884000065, -7.330339908999974 ], [ 112.822128296000074, -7.330339908999974 ], [ 112.82198333700012, -7.330389975999935 ], [ 112.821670532000098, -7.33050012599989 ], [ 112.821388244000104, -7.330510138999955 ], [ 112.821037293000018, -7.33050012599989 ], [ 112.820762635000165, -7.330490110999961 ], [ 112.820190430000025, -7.33050012599989 ], [ 112.819618226000102, -7.330560206999905 ], [ 112.818939209000064, -7.33070993399997 ], [ 112.818420410000044, -7.330790041999933 ], [ 112.818107605000023, -7.330739974999858 ], [ 112.817749024000136, -7.330619811999952 ], [ 112.817489624000018, -7.330570219999913 ], [ 112.817260743000134, -7.33058977099995 ], [ 112.816307068000015, -7.33062982499996 ], [ 112.815658568000231, -7.330619811999952 ], [ 112.815269470000317, -7.330609798999944 ], [ 112.814888000000224, -7.330530164999971 ], [ 112.814712524000242, -7.330550193999954 ], [ 112.814331054000149, -7.33058977099995 ], [ 112.813957214000084, -7.330649852999954 ], [ 112.81376648000014, -7.330679891999921 ], [ 112.813438416000167, -7.330739974999858 ], [ 112.812438965000183, -7.330870150999942 ], [ 112.811477662000129, -7.330930233999879 ], [ 112.810111999000014, -7.331017492999877 ], [ 112.809921264000081, -7.331029890999957 ], [ 112.809776305000128, -7.331039903999965 ], [ 112.80919647300027, -7.331049918999895 ], [ 112.808883668000021, -7.331059932999949 ], [ 112.808631897000282, -7.331069945999957 ], [ 112.808517456000118, -7.331079482999883 ], [ 112.808273315000065, -7.331099986999959 ], [ 112.808059692000143, -7.331120012999861 ], [ 112.807716369000218, -7.33123016299993 ], [ 112.807022094000217, -7.331439972999931 ], [ 112.806701661000261, -7.331459998999946 ], [ 112.805747986000142, -7.331490039999835 ], [ 112.805526733000079, -7.331550120999907 ], [ 112.805320739000081, -7.331639766999956 ], [ 112.805007934000059, -7.331797121999841 ], [ 112.804771423000034, -7.331920147999881 ], [ 112.804496765000067, -7.331999778999887 ], [ 112.804153442000029, -7.332069872999909 ], [ 112.803451539000093, -7.332169531999909 ], [ 112.80161285500003, -7.332469940999886 ], [ 112.801231385000051, -7.332540034999909 ], [ 112.800277710000159, -7.332650184999977 ], [ 112.800033569000107, -7.332689761999973 ], [ 112.799644470000203, -7.33275937999997 ], [ 112.799423217000026, -7.332799911999928 ], [ 112.799308777000192, -7.332819937999886 ], [ 112.798423768000021, -7.332930087999955 ], [ 112.797866822000174, -7.33299016999996 ], [ 112.797660827000072, -7.333017348999817 ], [ 112.797492982000108, -7.33304023799991 ], [ 112.79685211200001, -7.333139894999931 ], [ 112.796073913000214, -7.333245276999946 ], [ 112.795822144000113, -7.333280086999878 ], [ 112.795448304000047, -7.333320140999888 ], [ 112.794761657000208, -7.333370207999963 ], [ 112.794296265000071, -7.33330011299995 ], [ 112.793991088000098, -7.333260057999894 ], [ 112.79219055100009, -7.333049772999914 ], [ 112.79189300500002, -7.333015918999877 ], [ 112.791694640000173, -7.332993982999938 ], [ 112.791313172000059, -7.33295011599995 ], [ 112.790542604000052, -7.332779882999887 ], [ 112.790397644000109, -7.332749843999977 ], [ 112.788978576000318, -7.332409857999892 ], [ 112.788352966000048, -7.332270143999892 ], [ 112.788276673000041, -7.332260130999941 ], [ 112.788116455000136, -7.332200050999973 ], [ 112.788032531000113, -7.332079887999953 ], [ 112.787940979000041, -7.331999778999887 ], [ 112.787818909000066, -7.331950186999961 ], [ 112.787536621000299, -7.331930160999946 ] ] ] ] } },
{ "type": "Feature", "properties": { "GID_3": "IDN.11.35.19_1", "GID_0": "IDN", "COUNTRY": "Indonesia", "GID_1": "IDN.11_1", "NAME_1": "Jawa Timur", "NL_NAME_1": "NA", "GID_2": "IDN.11.35_1", "NAME_2": "Surabaya", "NL_NAME_2": "NA", "NAME_3": "Sambikerep", "VARNAME_3": "NA", "NL_NAME_3": "NA", "TYPE_3": "Kecamatan", "ENGTYPE_3": "Sub-district", "CC_3": "3578141", "HASC_3": "NA", "LULC2021": 53, "LULC2022": 53, "LULC2023": 55, "LULC2024": 55, "Kecamatan": "Sambikerep", "UFSI": 4712364134550000.0, "Kelas_Gena": "Sedang", "n_titik_PU": 2, "Kelas_PU_2": "Rendah", "Validasi": "Tidak Match", "Risiko_DBD": "27.931.299.748.734.100", "Kelas_DBD": "Rendah", "Ranking": 24 }, "geometry": { "type": "MultiPolygon", "coordinates": [ [ [ [ 112.682373047000169, -7.278367995999929 ], [ 112.681655884000065, -7.27895689099995 ], [ 112.681129457000111, -7.279399871999942 ], [ 112.680496215000289, -7.279910087999951 ], [ 112.680320739000194, -7.280050754999877 ], [ 112.68009948800011, -7.280233382999882 ], [ 112.679969787000118, -7.280338762999975 ], [ 112.679786682000099, -7.280489444999944 ], [ 112.679649353000059, -7.280116557999975 ], [ 112.679367066000054, -7.280280112999947 ], [ 112.679298401000096, -7.280389785999944 ], [ 112.679222107000214, -7.280640124999877 ], [ 112.679191589000197, -7.280739783999934 ], [ 112.679122925000229, -7.280965327999979 ], [ 112.679084778000174, -7.281105993999972 ], [ 112.678428650000228, -7.28141403099994 ], [ 112.678169251000099, -7.283034801999975 ], [ 112.678680420000092, -7.283361911999918 ], [ 112.678588868000134, -7.283733366999911 ], [ 112.677940370000101, -7.283644675999881 ], [ 112.677650451000204, -7.283580302999951 ], [ 112.676376342000026, -7.283279418999939 ], [ 112.675521851000099, -7.283096312999874 ], [ 112.675323487000014, -7.283077716999969 ], [ 112.675346374000128, -7.282882689999894 ], [ 112.674118043000135, -7.282706736999899 ], [ 112.674079894000101, -7.283048629999939 ], [ 112.67401886100015, -7.283849714999974 ], [ 112.674224853000055, -7.283885478999821 ], [ 112.674186706000228, -7.284543512999903 ], [ 112.674301147000051, -7.28456306399994 ], [ 112.674331666000171, -7.284912109999937 ], [ 112.674339294000106, -7.284995555999899 ], [ 112.674346924000019, -7.285091875999967 ], [ 112.675109862000227, -7.285119532999943 ], [ 112.674995422000165, -7.285618305999947 ], [ 112.674942017000149, -7.286409854999874 ], [ 112.675094604000037, -7.286540030999902 ], [ 112.674995422000165, -7.286619662999897 ], [ 112.674919128000056, -7.286676882999927 ], [ 112.674888612000018, -7.286800383999946 ], [ 112.674858093000125, -7.286927699999978 ], [ 112.674873351000087, -7.28712272599995 ], [ 112.674835204000033, -7.287357329999907 ], [ 112.674774169000102, -7.287484167999935 ], [ 112.674804688000222, -7.287679671999967 ], [ 112.674606324000138, -7.287846087999981 ], [ 112.675010680000014, -7.288510320999933 ], [ 112.674789429000271, -7.28883266399987 ], [ 112.674629212000241, -7.288852214999963 ], [ 112.674362182000209, -7.288666725999917 ], [ 112.673904418, -7.288403033999941 ], [ 112.673828125000114, -7.288324832999933 ], [ 112.673736573000042, -7.288060664999932 ], [ 112.673675537000122, -7.288012027999912 ], [ 112.673568725000337, -7.288012027999912 ], [ 112.673507690000179, -7.288072107999938 ], [ 112.672874450000222, -7.290913103999969 ], [ 112.672271729000158, -7.29084539299987 ], [ 112.672241210000038, -7.290955065999981 ], [ 112.67214965800008, -7.291481494999914 ], [ 112.67206573500016, -7.291941641999813 ], [ 112.671936036000034, -7.292523383999878 ], [ 112.671516419000227, -7.292475223999929 ], [ 112.671501160000048, -7.292603969999902 ], [ 112.671142579000161, -7.292456148999918 ], [ 112.669654846000071, -7.292121887999883 ], [ 112.669425964000311, -7.291854380999951 ], [ 112.668983460000163, -7.291765213999952 ], [ 112.668624878000287, -7.291742801999874 ], [ 112.668395995000083, -7.291714190999926 ], [ 112.66826629600007, -7.291697977999888 ], [ 112.668067932000213, -7.291898726999875 ], [ 112.667373657000098, -7.291854380999951 ], [ 112.667022706000239, -7.291742801999874 ], [ 112.666481018000013, -7.291686057999868 ], [ 112.666275023000139, -7.291523932999951 ], [ 112.665428161000023, -7.291415214999972 ], [ 112.663276673000041, -7.291140556999949 ], [ 112.663139344000115, -7.291116237999972 ], [ 112.662467957000104, -7.290989399999887 ], [ 112.662345887000129, -7.290970801999947 ], [ 112.660789489000081, -7.290686130999916 ], [ 112.660041809000063, -7.290520190999871 ], [ 112.658638000000337, -7.290137289999905 ], [ 112.657638551000332, -7.28992557499987 ], [ 112.65679168600002, -7.289746761999936 ], [ 112.656700134000062, -7.289889335999931 ], [ 112.655967713000109, -7.289629935999926 ], [ 112.655891419000227, -7.289601801999936 ], [ 112.655624389000081, -7.290025709999895 ], [ 112.65437316800012, -7.290003775999878 ], [ 112.654144287, -7.289999960999978 ], [ 112.652076721000071, -7.289963243999978 ], [ 112.65206146200012, -7.290416240999889 ], [ 112.650627137000015, -7.29035949799993 ], [ 112.650535583000078, -7.290356159999874 ], [ 112.650596619000112, -7.290857790999951 ], [ 112.650245667000036, -7.290960788999939 ], [ 112.649360656000113, -7.291220665999845 ], [ 112.648391723000145, -7.291504858999929 ], [ 112.648185730000023, -7.290487288999827 ], [ 112.647750855000027, -7.288494587999878 ], [ 112.647682190000182, -7.288450240999964 ], [ 112.647399901000199, -7.288522243999864 ], [ 112.647293091000051, -7.288539884999977 ], [ 112.646751403000167, -7.28861999399993 ], [ 112.64626312300004, -7.288730143999942 ], [ 112.645881653000288, -7.288819789999877 ], [ 112.645790101000216, -7.288839816999939 ], [ 112.645599365000066, -7.288879870999949 ], [ 112.645172119000222, -7.288909911999951 ], [ 112.644187928000065, -7.288839816999939 ], [ 112.643997192000029, -7.288770197999952 ], [ 112.643478393, -7.288680076999867 ], [ 112.642951965000179, -7.288660047999883 ], [ 112.642761231, -7.288650034999932 ], [ 112.642372131000343, -7.288680076999867 ], [ 112.642227174000027, -7.288677215999883 ], [ 112.641868592000037, -7.288670062999927 ], [ 112.641693116000056, -7.288650034999932 ], [ 112.641410828000176, -7.288599967999971 ], [ 112.641181945000085, -7.28856658899997 ], [ 112.640968322000276, -7.288539884999977 ], [ 112.640663148000044, -7.288539884999977 ], [ 112.640411376000202, -7.28857993999992 ], [ 112.640060425000229, -7.288640021999925 ], [ 112.639739990000066, -7.288650034999932 ], [ 112.639549256000123, -7.288660047999883 ], [ 112.639038087000017, -7.288670062999927 ], [ 112.63820648300009, -7.288690089999875 ], [ 112.638038635000044, -7.288720130999877 ], [ 112.637657165000178, -7.288899898999944 ], [ 112.63748931900011, -7.289040088999968 ], [ 112.637268066000047, -7.289245127999891 ], [ 112.637100219000104, -7.289040565999926 ], [ 112.637023925000108, -7.288955686999941 ], [ 112.636894226000209, -7.28880739199991 ], [ 112.636833191000051, -7.28875017199988 ], [ 112.636741639000093, -7.288660047999883 ], [ 112.636688232000211, -7.288569926999969 ], [ 112.636528014000078, -7.288549899999907 ], [ 112.636207581000122, -7.288650034999932 ], [ 112.6359176630001, -7.28875017199988 ], [ 112.635581970000089, -7.288909911999951 ], [ 112.635292054000161, -7.289050101999919 ], [ 112.635124206000114, -7.289097308999942 ], [ 112.635047912, -7.289120196999932 ], [ 112.634819031, -7.289140222999947 ], [ 112.634498597000061, -7.289110183999924 ], [ 112.634086610000054, -7.289050101999919 ], [ 112.63372039800015, -7.289090155999929 ], [ 112.633460998000146, -7.289020059999928 ], [ 112.633140563000211, -7.288899898999944 ], [ 112.632598878000067, -7.28870010299994 ], [ 112.632499695000092, -7.288650034999932 ], [ 112.631843567000033, -7.288680076999867 ], [ 112.631652831000224, -7.28875017199988 ], [ 112.631401062, -7.288849829999947 ], [ 112.630882262000114, -7.28910016899988 ], [ 112.630599976000212, -7.28910016899988 ], [ 112.630508422000048, -7.28910016899988 ], [ 112.629966737000132, -7.289120196999932 ], [ 112.629623413000104, -7.289209841999934 ], [ 112.629188538000108, -7.289340019999941 ], [ 112.628997804000164, -7.289460182999903 ], [ 112.628936768000131, -7.289500234999934 ], [ 112.628738404000046, -7.289629935999926 ], [ 112.628654480000023, -7.289639948999877 ], [ 112.628616333000082, -7.28907489799991 ], [ 112.628555298000151, -7.288564680999912 ], [ 112.62844085800009, -7.288092613999936 ], [ 112.628402711000035, -7.287575721999872 ], [ 112.628341675000115, -7.286845682999967 ], [ 112.628280640000185, -7.286203382999929 ], [ 112.628196716000161, -7.285759924999923 ], [ 112.628013610000039, -7.28512716299997 ], [ 112.627746583000089, -7.284787653999956 ], [ 112.627479553000057, -7.284467696999855 ], [ 112.627288819000114, -7.28424119899995 ], [ 112.627197265000177, -7.284029483999916 ], [ 112.627059936000023, -7.28373193699997 ], [ 112.626853943000015, -7.283354758999963 ], [ 112.626716614000088, -7.282863616999975 ], [ 112.626693726000099, -7.281994818999976 ], [ 112.626708984000174, -7.281219481999926 ], [ 112.626747131000229, -7.281102656999963 ], [ 112.626800536000246, -7.280935763999935 ], [ 112.627197265000177, -7.280443190999904 ], [ 112.627288819000114, -7.280179022999903 ], [ 112.627433776000089, -7.279770851999899 ], [ 112.627563477000081, -7.279466629999945 ], [ 112.627708436000034, -7.279252529999894 ], [ 112.627876281000226, -7.279132366999931 ], [ 112.628089904000035, -7.279004095999937 ], [ 112.628166200000123, -7.278896330999942 ], [ 112.628166200000123, -7.278729437999971 ], [ 112.628036499000132, -7.278465747999917 ], [ 112.627883912000016, -7.278299329999925 ], [ 112.627441406000344, -7.278085707999935 ], [ 112.627273560000162, -7.277968406999889 ], [ 112.627220153000053, -7.277459620999878 ], [ 112.626853943000015, -7.277395724999849 ], [ 112.626533508000193, -7.277274606999924 ], [ 112.626403808000077, -7.27721166699996 ], [ 112.626441956000122, -7.277101516999949 ], [ 112.62654113900021, -7.276947021999945 ], [ 112.626747131000229, -7.276611803999913 ], [ 112.626884460000269, -7.2764821049999 ], [ 112.627151490000188, -7.276487349999911 ], [ 112.627479553000057, -7.276431559999935 ], [ 112.627555847000167, -7.276385307999931 ], [ 112.627632140000173, -7.2762598999999 ], [ 112.627716064000197, -7.276057242999968 ], [ 112.627891540000064, -7.276075838999873 ], [ 112.628196716000161, -7.276078223999889 ], [ 112.628395081000122, -7.276057242999968 ], [ 112.628654480000023, -7.276021002999869 ], [ 112.629074097000171, -7.275757788999954 ], [ 112.629158019000215, -7.275712966999947 ], [ 112.629539489000081, -7.275507449999907 ], [ 112.630218506000119, -7.275313377999964 ], [ 112.630363465000073, -7.275269030999937 ], [ 112.630439759000183, -7.275211332999959 ], [ 112.630561829000158, -7.275120258999948 ], [ 112.630668640000067, -7.27502250699996 ], [ 112.630958558000202, -7.275009155999896 ], [ 112.631103515000063, -7.275003910999942 ], [ 112.631362915000182, -7.274661064999975 ], [ 112.631652831000224, -7.273849963999908 ], [ 112.631950378000056, -7.272157191999952 ], [ 112.63189697200005, -7.27088546799996 ], [ 112.631790162000129, -7.268992423999975 ], [ 112.631721497000058, -7.268354415999966 ], [ 112.631607056, -7.26724147699997 ], [ 112.631706238000106, -7.266198157999895 ], [ 112.63203430100009, -7.265354633999834 ], [ 112.632553101000099, -7.264456271999904 ], [ 112.632797242000152, -7.264029978999929 ], [ 112.633033753000063, -7.263949869999976 ], [ 112.633399963000329, -7.263939856999912 ], [ 112.633926392000149, -7.264060019999931 ], [ 112.63459777900016, -7.264130115999933 ], [ 112.634757996000189, -7.26422023799995 ], [ 112.63506317100007, -7.264500140999928 ], [ 112.635551453000176, -7.264659880999886 ], [ 112.635910035000052, -7.264699935999943 ], [ 112.636161805000029, -7.264589785999874 ], [ 112.636390685000151, -7.26435995199995 ], [ 112.636421204000158, -7.26409006199998 ], [ 112.636337280000134, -7.263959883999973 ], [ 112.636222840000073, -7.263850210999976 ], [ 112.63613891600005, -7.263750075999951 ], [ 112.636367797000048, -7.263400076999915 ], [ 112.636459351000326, -7.263236998999957 ], [ 112.636528014000078, -7.263110160999929 ], [ 112.636619568000015, -7.26276016199995 ], [ 112.636680604000048, -7.262529848999975 ], [ 112.636772156, -7.262259960999927 ], [ 112.636886596000068, -7.262146948999884 ], [ 112.637016297000059, -7.262010096999973 ], [ 112.637222289000078, -7.261499880999907 ], [ 112.63778686600017, -7.261640071999977 ], [ 112.638313293000124, -7.261750221999932 ], [ 112.638610839000194, -7.261859892999951 ], [ 112.638679505000027, -7.261779785999977 ], [ 112.638740540000185, -7.261690138999938 ], [ 112.638809204000154, -7.26163005899997 ], [ 112.638954163000335, -7.261302948999969 ], [ 112.639007568000011, -7.261040210999965 ], [ 112.639038087000017, -7.260799884999926 ], [ 112.63910675000011, -7.260729788999981 ], [ 112.63932037300026, -7.260700225999926 ], [ 112.639419555000131, -7.260620116999974 ], [ 112.63949585100022, -7.260347365999962 ], [ 112.639541626000209, -7.260069845999908 ], [ 112.639572144000226, -7.259890079999934 ], [ 112.639610291000054, -7.25965023099991 ], [ 112.639671326000098, -7.259515761999978 ], [ 112.639808655000024, -7.259190081999918 ], [ 112.640007020000326, -7.259280203999936 ], [ 112.640167237000014, -7.259329795999975 ], [ 112.640388488000099, -7.259339808999812 ], [ 112.640617371000076, -7.259429930999886 ], [ 112.640747070000089, -7.25947999899995 ], [ 112.640907287000118, -7.259449958999937 ], [ 112.641120910000154, -7.259429930999886 ], [ 112.641136170000095, -7.259354589999873 ], [ 112.641632081000012, -7.259524822999936 ], [ 112.64213562000009, -7.259618281999849 ], [ 112.642448424, -7.259509086999969 ], [ 112.642974854000045, -7.259587287999921 ], [ 112.64334869400011, -7.25971221899988 ], [ 112.643432618000247, -7.259734152999954 ], [ 112.64397430300005, -7.259883879999961 ], [ 112.644233703000054, -7.259952067999905 ], [ 112.644447328000183, -7.260002134999979 ], [ 112.644523621000189, -7.259696482999914 ], [ 112.644721986000036, -7.259771823999927 ], [ 112.644973755000137, -7.259868143999938 ], [ 112.645256043000018, -7.259478090999949 ], [ 112.645950318000018, -7.259597300999872 ], [ 112.646110536000151, -7.258936882999933 ], [ 112.646209718000023, -7.25853538399997 ], [ 112.646423340000069, -7.257641314999944 ], [ 112.646507264000093, -7.257649897999954 ], [ 112.64662170500003, -7.257654189999869 ], [ 112.646636963000105, -7.257887363999885 ], [ 112.646644593000019, -7.258103846999973 ], [ 112.646965026000316, -7.258242607999875 ], [ 112.64711761500007, -7.258306980999976 ], [ 112.647720336000134, -7.258364200999893 ], [ 112.648155212, -7.258394717999863 ], [ 112.64854431200024, -7.258408545999941 ], [ 112.648818970000093, -7.258475780999902 ], [ 112.64894866900022, -7.258487701999911 ], [ 112.649299622000058, -7.258463857999971 ], [ 112.649444580000136, -7.258463857999971 ], [ 112.649696351000102, -7.258357525999884 ], [ 112.649749756, -7.258245467999927 ], [ 112.649818420000202, -7.258208750999927 ], [ 112.650047303000179, -7.258198260999961 ], [ 112.650238037, -7.258190154999966 ], [ 112.650703431000125, -7.258029937999879 ], [ 112.650932312000123, -7.257999896999877 ], [ 112.651466369000218, -7.25781011499987 ], [ 112.651977538000097, -7.257724285999814 ], [ 112.652236938000101, -7.257679938999956 ], [ 112.652252196000063, -7.257860182999934 ], [ 112.652297973000032, -7.257929800999932 ], [ 112.652450561000023, -7.258100032999891 ], [ 112.652503968000133, -7.258221148999951 ], [ 112.652557373000036, -7.25838994999998 ], [ 112.652587892000156, -7.258719919999919 ], [ 112.652549743000122, -7.258880137999881 ], [ 112.652519226000322, -7.259039877999953 ], [ 112.652557373000036, -7.259220123999967 ], [ 112.652717590000066, -7.259540080999955 ], [ 112.652770996000072, -7.25964021599998 ], [ 112.652351378000162, -7.259920118999958 ], [ 112.652343750000227, -7.260019778999947 ], [ 112.652366639000093, -7.260119915999951 ], [ 112.652435302000185, -7.26027631799991 ], [ 112.652458191000164, -7.260509966999905 ], [ 112.652442932000099, -7.260890006999887 ], [ 112.652381897000055, -7.261109829999953 ], [ 112.652343750000227, -7.261280059999933 ], [ 112.652313232000211, -7.26154994999996 ], [ 112.652229310000166, -7.26163005899997 ], [ 112.652137756000229, -7.261620043999926 ], [ 112.651771546000077, -7.261569975999862 ], [ 112.651489258000197, -7.261590004999903 ], [ 112.651351929000157, -7.261690138999938 ], [ 112.651191711000024, -7.261769770999933 ], [ 112.651092529000152, -7.261809824999887 ], [ 112.651077271000304, -7.261889933999953 ], [ 112.651092529000152, -7.261990070999957 ], [ 112.651412964000087, -7.262199877999933 ], [ 112.651382446000071, -7.262516497999911 ], [ 112.651367187, -7.262599944999977 ], [ 112.651412964000087, -7.262690065999891 ], [ 112.6515426630001, -7.262859821999825 ], [ 112.651496888000111, -7.262979984999902 ], [ 112.65135955900007, -7.263289928999882 ], [ 112.651390076000212, -7.263589858999921 ], [ 112.651451111000142, -7.263629912999932 ], [ 112.651489258000197, -7.263989924999976 ], [ 112.651580810000155, -7.26405000699998 ], [ 112.651771546000077, -7.26409006199998 ], [ 112.651931763000107, -7.264140128999884 ], [ 112.651947022000058, -7.26422023799995 ], [ 112.651931763000107, -7.264348028999962 ], [ 112.652160644000105, -7.264437675999886 ], [ 112.652359009000179, -7.264525889999902 ], [ 112.652519226000322, -7.264595030999942 ], [ 112.653060914000207, -7.264824390999934 ], [ 112.653617860000281, -7.265081882999937 ], [ 112.654136657000095, -7.265310763999935 ], [ 112.654747010000051, -7.265582561999963 ], [ 112.654975891000163, -7.265468120999969 ], [ 112.655021668000131, -7.265038965999906 ], [ 112.65502929600018, -7.264959334999901 ], [ 112.655052185000045, -7.264729021999926 ], [ 112.655067443, -7.264595030999942 ], [ 112.655204772000161, -7.264337538999939 ], [ 112.655235291000054, -7.264213084999881 ], [ 112.655326843000012, -7.264224527999943 ], [ 112.655364990000066, -7.264080046999879 ], [ 112.655441283000073, -7.264010905999953 ], [ 112.655609131000119, -7.263851165999938 ], [ 112.656097411000019, -7.263715743999967 ], [ 112.656280517000027, -7.263607501999957 ], [ 112.656455993, -7.263435840999875 ], [ 112.656555175000221, -7.263035296999931 ], [ 112.657035828000289, -7.263121128999956 ], [ 112.657310486000142, -7.263049602999956 ], [ 112.657440186000031, -7.26297902999994 ], [ 112.657608032000212, -7.262900828999932 ], [ 112.658653259000062, -7.26274442599987 ], [ 112.658943177000083, -7.262784002999922 ], [ 112.659103394000113, -7.262735365999902 ], [ 112.659339906000014, -7.262643336999929 ], [ 112.65941619900002, -7.262613294999937 ], [ 112.659622192000029, -7.262539863999905 ], [ 112.659942627000191, -7.26262664799998 ], [ 112.66009521400008, -7.262640475999945 ], [ 112.660079956000118, -7.262775897999973 ], [ 112.660324097000171, -7.262748718999944 ], [ 112.660308838000219, -7.26285743699998 ], [ 112.660552978000169, -7.262843608999901 ], [ 112.660568238000224, -7.263203142999885 ], [ 112.660881043000018, -7.263114928999869 ], [ 112.660881043000018, -7.263359069999922 ], [ 112.661178589000315, -7.263469217999955 ], [ 112.661178589000315, -7.263569831999973 ], [ 112.661216736000029, -7.263669966999885 ], [ 112.661277771000186, -7.263800142999912 ], [ 112.661331177000193, -7.263870238999914 ], [ 112.661422729000265, -7.263999937999927 ], [ 112.661483764000081, -7.264059065999902 ], [ 112.66166687000009, -7.26422023799995 ], [ 112.661987305000252, -7.264510153999936 ], [ 112.662239074000013, -7.264729976999945 ], [ 112.662391663000108, -7.264810085999898 ], [ 112.66258239800004, -7.264840126999957 ], [ 112.66287994400011, -7.264900206999869 ], [ 112.66311645500025, -7.264959811999915 ], [ 112.663093567000146, -7.26514005599995 ], [ 112.663055420000092, -7.265282152999873 ], [ 112.662910461000251, -7.265860079999925 ], [ 112.66287994400011, -7.266019819999883 ], [ 112.662841797000056, -7.266240119999907 ], [ 112.66281890900018, -7.266320228999973 ], [ 112.662780762000125, -7.266449927999929 ], [ 112.662834167000028, -7.266557692999982 ], [ 112.662872314000083, -7.266679762999956 ], [ 112.662826539000093, -7.266819954999903 ], [ 112.662811279000039, -7.266930102999879 ], [ 112.662788392000039, -7.267020223999964 ], [ 112.662803650000228, -7.267303942999888 ], [ 112.662803650000228, -7.267376898999885 ], [ 112.662803650000228, -7.267507076999948 ], [ 112.662628175, -7.268117427999812 ], [ 112.662574767000024, -7.268374919999872 ], [ 112.662544251000327, -7.268472194999958 ], [ 112.662490846000082, -7.268663405999973 ], [ 112.662467957000104, -7.268754482999952 ], [ 112.662223816000051, -7.269540786999869 ], [ 112.662437438000097, -7.269621848999918 ], [ 112.662666321000302, -7.26963567699994 ], [ 112.662612914000078, -7.269865989999971 ], [ 112.662590028000295, -7.269988060999935 ], [ 112.66258239800004, -7.270065306999925 ], [ 112.66310119700006, -7.270220756999947 ], [ 112.663520814000094, -7.270305155999893 ], [ 112.664093018000131, -7.270431518999942 ], [ 112.665000916000167, -7.27082443199987 ], [ 112.664878845000089, -7.270959853999955 ], [ 112.664756775000114, -7.271170138999878 ], [ 112.664703369000108, -7.27128982399995 ], [ 112.66465759200014, -7.271371840999961 ], [ 112.665122987000018, -7.271717071999944 ], [ 112.665649414000086, -7.27198982199991 ], [ 112.666114808000088, -7.272202014999891 ], [ 112.667144776000214, -7.271864890999893 ], [ 112.668075562000013, -7.271675109999933 ], [ 112.668457031000344, -7.270832060999965 ], [ 112.668937683000195, -7.271102427999949 ], [ 112.669021607000218, -7.270815371999902 ], [ 112.669342042000153, -7.269693851999932 ], [ 112.669715882000105, -7.269651412999963 ], [ 112.669754029000046, -7.269071577999966 ], [ 112.668647767000152, -7.268824575999872 ], [ 112.668472291000057, -7.268784998999877 ], [ 112.668190003000063, -7.268721580999966 ], [ 112.667190551000203, -7.268497942999943 ], [ 112.666107178000175, -7.268228052999973 ], [ 112.666221618, -7.267763613999932 ], [ 112.666412354000045, -7.266940115999944 ], [ 112.666496276000203, -7.266488073999824 ], [ 112.666572570000085, -7.266089915999942 ], [ 112.66664886600006, -7.265739916999905 ], [ 112.666694641000049, -7.26549148499987 ], [ 112.666740417000028, -7.265270231999978 ], [ 112.66683960000023, -7.264900206999869 ], [ 112.666908265000075, -7.264622211999892 ], [ 112.666992187000119, -7.264309881999964 ], [ 112.667083741000056, -7.263969898999903 ], [ 112.667205810000155, -7.263154029999896 ], [ 112.667732239000088, -7.263757705999865 ], [ 112.668449402000192, -7.263731002999975 ], [ 112.669189452000069, -7.263703823999947 ], [ 112.669677735000278, -7.263685702999965 ], [ 112.670051575000116, -7.263671874999943 ], [ 112.670837402000075, -7.263642310999899 ], [ 112.671318054000039, -7.263624667999977 ], [ 112.671325683000077, -7.26331233999997 ], [ 112.671340943000018, -7.263091086999964 ], [ 112.671463014000096, -7.262377261999973 ], [ 112.671890259000065, -7.262451171999942 ], [ 112.672569275000114, -7.262529373999939 ], [ 112.67360687200005, -7.26239728999991 ], [ 112.673812866000048, -7.262122629999908 ], [ 112.674278258000186, -7.262066363999963 ], [ 112.674880981000229, -7.261977672999933 ], [ 112.675041199000134, -7.261969089999923 ], [ 112.67569732700008, -7.262034892999964 ], [ 112.675781251000103, -7.262081622999915 ], [ 112.675880433000088, -7.262092590999941 ], [ 112.675842284000055, -7.262201308999977 ], [ 112.67605590900007, -7.262297152999963 ], [ 112.676200866000045, -7.262389659999826 ], [ 112.676254273000154, -7.262439726999958 ], [ 112.676322937, -7.262512207999919 ], [ 112.676383972000167, -7.262568472999874 ], [ 112.676429749000135, -7.262628077999921 ], [ 112.67641449100006, -7.262810229999957 ], [ 112.676376342000026, -7.26293325499995 ], [ 112.676322937, -7.263151167999922 ], [ 112.676277162000019, -7.263267040999949 ], [ 112.676239013000099, -7.26338624899995 ], [ 112.676246643000013, -7.26348209299988 ], [ 112.676208496000186, -7.263683794999963 ], [ 112.676383972000167, -7.263704298999869 ], [ 112.676307678000057, -7.263880729999926 ], [ 112.676216126000099, -7.264007090999883 ], [ 112.676170349000131, -7.26409530699982 ], [ 112.676109314000314, -7.264199256999973 ], [ 112.67605590900007, -7.264328479999904 ], [ 112.675979615000188, -7.264591692999943 ], [ 112.675956727000084, -7.264677046999964 ], [ 112.67591858000003, -7.264804839999897 ], [ 112.676025390000177, -7.264827250999872 ], [ 112.676193238000337, -7.264875410999878 ], [ 112.676338195000199, -7.264931678999915 ], [ 112.676330567000036, -7.265296458999899 ], [ 112.676307678000057, -7.265443324999978 ], [ 112.676277162000019, -7.265586851999956 ], [ 112.676216126000099, -7.265753744999927 ], [ 112.676193238000337, -7.265838623999912 ], [ 112.676177979000045, -7.265931605999981 ], [ 112.676162719000217, -7.266042708999919 ], [ 112.676116944000114, -7.266106128999922 ], [ 112.676017762000015, -7.266186237999875 ], [ 112.675941466000154, -7.266233919999934 ], [ 112.676025390000177, -7.266345024999964 ], [ 112.676094056000125, -7.266456127999845 ], [ 112.676170349000131, -7.266592501999924 ], [ 112.676445062000084, -7.266506770999968 ], [ 112.676482184000065, -7.266573588999961 ], [ 112.676597999000023, -7.266781 ], [ 112.676714495000056, -7.26690623199994 ], [ 112.67675775500004, -7.266952593999974 ], [ 112.676710935000074, -7.267017457999941 ], [ 112.676666260000047, -7.267079351999882 ], [ 112.676559448000262, -7.267218112999899 ], [ 112.676498412000228, -7.267280100999869 ], [ 112.676414385000044, -7.267374599999812 ], [ 112.676393345000065, -7.267391402999976 ], [ 112.676345825000112, -7.267429350999976 ], [ 112.676283558000023, -7.26743201499994 ], [ 112.676200866000045, -7.267435550999949 ], [ 112.675987243000122, -7.267337798999961 ], [ 112.675867524000068, -7.267289163999919 ], [ 112.675849914000196, -7.267282008999871 ], [ 112.675781251000103, -7.267244338999944 ], [ 112.675575256000229, -7.267188071999897 ], [ 112.675331115000176, -7.267126083999926 ], [ 112.67517852800006, -7.267104147999817 ], [ 112.674568177000083, -7.266938209999921 ], [ 112.674479542000086, -7.267122511999901 ], [ 112.674369999000078, -7.267351000999895 ], [ 112.674286001000041, -7.267537999999831 ], [ 112.674278078000157, -7.267551089999927 ], [ 112.674240112, -7.267614364999929 ], [ 112.674148560000049, -7.267587185999901 ], [ 112.673633509000069, -7.267443840999931 ], [ 112.673256001000027, -7.267338998999946 ], [ 112.673256001000027, -7.267661 ], [ 112.673256001000027, -7.268119 ], [ 112.673180000000116, -7.268545998999912 ], [ 112.673072999000055, -7.268954999999835 ], [ 112.673014309000109, -7.269081311999969 ], [ 112.672935485000039, -7.26925182399998 ], [ 112.672981262, -7.269420146999948 ], [ 112.672920227000191, -7.269599914999901 ], [ 112.672897339000087, -7.269680975999961 ], [ 112.67272949300002, -7.270359992999886 ], [ 112.672716384000069, -7.270428809999942 ], [ 112.67270699900007, -7.270479998999974 ], [ 112.672638, -7.27073 ], [ 112.672642041000017, -7.270744949999937 ], [ 112.672668458000203, -7.270841120999933 ], [ 112.672697664000111, -7.270905271999879 ], [ 112.672722, -7.270957998999904 ], [ 112.672752110000033, -7.271015947999899 ], [ 112.672775268, -7.27105998899998 ], [ 112.673076844000093, -7.271204094999916 ], [ 112.673614999000051, -7.271460999999874 ], [ 112.673685130000081, -7.271494525999969 ], [ 112.673820497000065, -7.27155876199987 ], [ 112.67404524400024, -7.27153389699987 ], [ 112.674483999000017, -7.271485 ], [ 112.674522001000014, -7.271326000999977 ], [ 112.674568114000181, -7.271122007999963 ], [ 112.674835204000033, -7.271193504999928 ], [ 112.674957275000111, -7.271221637999872 ], [ 112.676968708000231, -7.271761219999917 ], [ 112.676994001000025, -7.271768 ], [ 112.677116394000336, -7.271788596999897 ], [ 112.677180307000071, -7.271816559999877 ], [ 112.677192687000343, -7.271821975999899 ], [ 112.677467345000196, -7.271878241999957 ], [ 112.677749633000076, -7.2719464299999 ], [ 112.677864074000013, -7.271954059999928 ], [ 112.677955628000177, -7.271935461999874 ], [ 112.678359985000156, -7.272678851999899 ], [ 112.678428650000228, -7.2728118899999 ], [ 112.678474427000197, -7.272905826999875 ], [ 112.678787232000218, -7.273494719999917 ], [ 112.679077148000033, -7.274048805999939 ], [ 112.679283143000134, -7.27442073799989 ], [ 112.679374695000092, -7.274593828999912 ], [ 112.679496765000067, -7.27476072199994 ], [ 112.680130005000024, -7.275569914999949 ], [ 112.680427551000093, -7.275935171999947 ], [ 112.680740356000115, -7.276336192999906 ], [ 112.680831910000052, -7.276458738999963 ], [ 112.680931092000151, -7.27658891699997 ], [ 112.681114196000181, -7.27681636799997 ], [ 112.681190490000063, -7.276903629999879 ], [ 112.681388854000033, -7.276734351999949 ], [ 112.68161773700001, -7.276561258999891 ], [ 112.682006835000038, -7.276250838999886 ], [ 112.682128906000116, -7.276146888999904 ], [ 112.682571412000129, -7.275796412999966 ], [ 112.68295288000013, -7.275486468999873 ], [ 112.683090211000035, -7.275661943999921 ], [ 112.683166505000258, -7.275753497999972 ], [ 112.683593750000341, -7.276254176999885 ], [ 112.683692932000213, -7.276371954999945 ], [ 112.684120179000161, -7.276870727999949 ], [ 112.683219910000162, -7.277677535999885 ], [ 112.682373047000169, -7.278367995999929 ] ] ] ] } },
{ "type": "Feature", "properties": { "GID_3": "IDN.11.35.20_1", "GID_0": "IDN", "COUNTRY": "Indonesia", "GID_1": "IDN.11_1", "NAME_1": "Jawa Timur", "NL_NAME_1": "NA", "GID_2": "IDN.11.35_1", "NAME_2": "Surabaya", "NL_NAME_2": "NA", "NAME_3": "Sawahan", "VARNAME_3": "NA", "NL_NAME_3": "NA", "TYPE_3": "Kecamatan", "ENGTYPE_3": "Sub-district", "CC_3": "3578170", "HASC_3": "NA", "LULC2021": 97, "LULC2022": 97, "LULC2023": 97, "LULC2024": 97, "Kecamatan": "Sawahan", "UFSI": 42261230446600000.0, "Kelas_Gena": "Rendah", "n_titik_PU": 7, "Kelas_PU_2": "Tinggi", "Validasi": "Tidak Match", "Risiko_DBD": "3.985.022.146.795.820", "Kelas_DBD": "Rendah", "Ranking": 29 }, "geometry": { "type": "MultiPolygon", "coordinates": [ [ [ [ 112.715156556000125, -7.285729885999899 ], [ 112.71525573800011, -7.285523890999912 ], [ 112.715393067000036, -7.285217284999874 ], [ 112.715560913000104, -7.284850119999874 ], [ 112.715690614000096, -7.284490107999943 ], [ 112.715728760000047, -7.284389972999975 ], [ 112.715827943000136, -7.284063337999953 ], [ 112.715950013000111, -7.283639907999941 ], [ 112.716102600000227, -7.283140181999954 ], [ 112.716247558000077, -7.282641885999965 ], [ 112.716278076000208, -7.282539843999928 ], [ 112.71638488900021, -7.282189369999969 ], [ 112.716445922000048, -7.281983852999929 ], [ 112.716552734000174, -7.28161001299992 ], [ 112.716590881000229, -7.281502722999846 ], [ 112.716735840000069, -7.281084060999945 ], [ 112.716941833000078, -7.280472278999923 ], [ 112.717048645000091, -7.280169962999878 ], [ 112.717376708000074, -7.279539107999824 ], [ 112.716529846000071, -7.279300211999953 ], [ 112.715538024000011, -7.279009818999896 ], [ 112.71473693900009, -7.278779982999879 ], [ 112.713943482000104, -7.278669834999903 ], [ 112.713729859000068, -7.278619764999974 ], [ 112.713623047000169, -7.278636455999902 ], [ 112.71340179400022, -7.278669834999903 ], [ 112.713157653000167, -7.278708456999937 ], [ 112.71283722000021, -7.27875995699992 ], [ 112.712501527000086, -7.278830049999954 ], [ 112.712028504000045, -7.278629779999903 ], [ 112.712142945000096, -7.278476715999943 ], [ 112.711914062, -7.278412342999957 ], [ 112.711662292000028, -7.278338908999899 ], [ 112.711776733000306, -7.278199195999889 ], [ 112.710823058000187, -7.277929782999877 ], [ 112.709625244000222, -7.277593611999976 ], [ 112.709701538000104, -7.277252195999949 ], [ 112.709739685000159, -7.27698993599995 ], [ 112.709877014000085, -7.276350020999928 ], [ 112.710060120000094, -7.275650023999901 ], [ 112.709350587000131, -7.275619983999889 ], [ 112.708869934000063, -7.275670051999953 ], [ 112.70874023500005, -7.275690077999855 ], [ 112.708602904000031, -7.275715350999974 ], [ 112.708671570000206, -7.27454709899996 ], [ 112.708747864000088, -7.273580550999839 ], [ 112.70876312200005, -7.27329397099993 ], [ 112.70878601000004, -7.272971629999972 ], [ 112.709518432000095, -7.273053168999979 ], [ 112.710670471000071, -7.273139952999884 ], [ 112.710700990000078, -7.273019789999978 ], [ 112.710723876000316, -7.272912024999926 ], [ 112.710807800000339, -7.272573471999976 ], [ 112.710838319000118, -7.272419929999899 ], [ 112.710899354000276, -7.272182463999968 ], [ 112.710922241000162, -7.272099971999978 ], [ 112.711051941000051, -7.271580217999883 ], [ 112.711067200000116, -7.271505354999931 ], [ 112.71109771600004, -7.271405219999963 ], [ 112.711250306000011, -7.270958423999957 ], [ 112.711341858000083, -7.270739077999906 ], [ 112.711372376000327, -7.270636080999907 ], [ 112.711395263000213, -7.270534038999926 ], [ 112.711418151000089, -7.270457267999973 ], [ 112.711471558000198, -7.270189284999901 ], [ 112.71145629800003, -7.270042418999935 ], [ 112.711517333000188, -7.269834995999815 ], [ 112.711700439000083, -7.269242762999909 ], [ 112.71190643400007, -7.268774508999911 ], [ 112.711967469000115, -7.268453598999827 ], [ 112.71195220900006, -7.268156527999849 ], [ 112.712074279000035, -7.267937181999969 ], [ 112.712150573000145, -7.26774215599994 ], [ 112.712417603000063, -7.267568587999961 ], [ 112.712600709000071, -7.267358779999938 ], [ 112.712715149000019, -7.267073153999888 ], [ 112.71283722000021, -7.266354560999957 ], [ 112.712928772000168, -7.265550612999959 ], [ 112.712997437000013, -7.264808177999896 ], [ 112.71302795400004, -7.264579771999934 ], [ 112.71310424800015, -7.264028548999875 ], [ 112.713211060000049, -7.263220310999884 ], [ 112.713226318000125, -7.263110160999929 ], [ 112.713256835000038, -7.262852668999926 ], [ 112.713279723000142, -7.262609957999928 ], [ 112.713310242000261, -7.26237010899996 ], [ 112.713317870000196, -7.262279986999886 ], [ 112.713447571000188, -7.261482238999974 ], [ 112.713470460000053, -7.261337279999964 ], [ 112.713493348000156, -7.26124000599998 ], [ 112.71352386500007, -7.26105165499996 ], [ 112.713562012000011, -7.260859965999884 ], [ 112.713577270000201, -7.260709762999909 ], [ 112.713592530000028, -7.260639189999949 ], [ 112.713653564000083, -7.260293483999931 ], [ 112.71373748700023, -7.259769916999971 ], [ 112.713783264000199, -7.25949001399988 ], [ 112.713829041000167, -7.259244919999958 ], [ 112.713859558000081, -7.259059905999834 ], [ 112.713867188000336, -7.25896978399993 ], [ 112.713920593000012, -7.258719919999919 ], [ 112.713989259000073, -7.258343219999972 ], [ 112.714019775000111, -7.258163928999863 ], [ 112.714050292000024, -7.257979869999929 ], [ 112.714103699000134, -7.257659912999884 ], [ 112.714157104000037, -7.257279872999902 ], [ 112.714179993000016, -7.257115839999926 ], [ 112.714202881, -7.256969927999933 ], [ 112.714248656000109, -7.256599902999938 ], [ 112.714256287000126, -7.25649023099993 ], [ 112.714302064000094, -7.256219862999956 ], [ 112.714340210000046, -7.256110190999948 ], [ 112.714622498000153, -7.256299971999908 ], [ 112.714729309000177, -7.256340025999918 ], [ 112.714859010000168, -7.256143091999888 ], [ 112.714851379000152, -7.256020068999931 ], [ 112.71489715600012, -7.255670069999951 ], [ 112.714996339000095, -7.255300044999956 ], [ 112.715080260000036, -7.255067348999887 ], [ 112.715179443000125, -7.255129813999929 ], [ 112.715370179000047, -7.255153177999887 ], [ 112.715736389000199, -7.255293369999947 ], [ 112.715873718000125, -7.255242824999925 ], [ 112.715980530000024, -7.255218982999907 ], [ 112.716117859000178, -7.25518607999993 ], [ 112.716346740000176, -7.255211352999879 ], [ 112.716590881000229, -7.255293369999947 ], [ 112.716804504000038, -7.255467890999967 ], [ 112.717140197000163, -7.255654811999932 ], [ 112.717376708000074, -7.255678176999879 ], [ 112.717575072000045, -7.255701063999936 ], [ 112.717826844000228, -7.255864618999965 ], [ 112.718200684000067, -7.255876063999835 ], [ 112.718627929000036, -7.255951880999874 ], [ 112.719261169000333, -7.256167887999823 ], [ 112.719467163000104, -7.256206989999953 ], [ 112.719802856000115, -7.25627279299988 ], [ 112.720275879000269, -7.256365774999949 ], [ 112.720451354000147, -7.256398676999822 ], [ 112.720611572000053, -7.256430147999936 ], [ 112.721191406000116, -7.256540775999952 ], [ 112.721809388000224, -7.256657600999915 ], [ 112.72193908700001, -7.256676196999933 ], [ 112.722618103000059, -7.256770610999865 ], [ 112.722763062000126, -7.25679015999998 ], [ 112.723144531000116, -7.256844042999887 ], [ 112.723739624000245, -7.256878851999943 ], [ 112.724090577000084, -7.256983755999897 ], [ 112.72438049300024, -7.256998538999881 ], [ 112.724555969000221, -7.257007121999891 ], [ 112.724838257000101, -7.257055759999901 ], [ 112.725013733000083, -7.257086275999939 ], [ 112.725234986000032, -7.257123947999958 ], [ 112.725646973000039, -7.257021902999952 ], [ 112.725852967000037, -7.256949901999974 ], [ 112.725967408000201, -7.256370067999853 ], [ 112.726081848000035, -7.255799770999829 ], [ 112.726310729000261, -7.255839824999953 ], [ 112.726409911000133, -7.255839824999953 ], [ 112.726676941000051, -7.255859850999911 ], [ 112.727111816000047, -7.255890369999975 ], [ 112.727676391000273, -7.255929946999913 ], [ 112.727798461000248, -7.255939959999978 ], [ 112.728233337, -7.25601005599998 ], [ 112.728378296000187, -7.256030081999938 ], [ 112.728759766000167, -7.256040096999925 ], [ 112.729530335000049, -7.256050109999933 ], [ 112.729797363000102, -7.256088733999945 ], [ 112.729949952000197, -7.256110190999948 ], [ 112.730682374000025, -7.256219862999956 ], [ 112.73098754800003, -7.256249903999958 ], [ 112.731201173000045, -7.256229875999963 ], [ 112.731536866000056, -7.256110190999948 ], [ 112.732002258000193, -7.255909918999976 ], [ 112.73213958700012, -7.255893229999913 ], [ 112.732246399000019, -7.255879878999963 ], [ 112.732337951000204, -7.255889892999903 ], [ 112.732681275, -7.255907057999934 ], [ 112.73282623200032, -7.255915163999873 ], [ 112.732902528000068, -7.255919933999905 ], [ 112.733306884000172, -7.255941389999975 ], [ 112.73365783600002, -7.255959987999915 ], [ 112.733963013000107, -7.255949972999929 ], [ 112.734298706000118, -7.255883216999962 ], [ 112.734191895000095, -7.256192683999927 ], [ 112.73413086000005, -7.256330012999911 ], [ 112.734008790000075, -7.256619928999896 ], [ 112.733970643000021, -7.256711958999972 ], [ 112.733833314000208, -7.257060049999893 ], [ 112.733764648000033, -7.257191657999954 ], [ 112.733543395000083, -7.257649897999954 ], [ 112.733261109000182, -7.258240222999973 ], [ 112.73319244400011, -7.258399962999931 ], [ 112.732719422000059, -7.25949001399988 ], [ 112.732612609000171, -7.259745120999924 ], [ 112.732574463000219, -7.259823798999889 ], [ 112.732414245000086, -7.260260104999929 ], [ 112.732261658000198, -7.260683059999906 ], [ 112.732231141000057, -7.260766505999925 ], [ 112.732101440000065, -7.261119842999904 ], [ 112.73206329300001, -7.261221407999869 ], [ 112.732025147000058, -7.261324404999868 ], [ 112.7319335950001, -7.26157998899987 ], [ 112.731895446000067, -7.261684893999927 ], [ 112.731834413000229, -7.261848448999899 ], [ 112.731689453000172, -7.262232302999962 ], [ 112.731658935000155, -7.262320040999839 ], [ 112.731605530000024, -7.26247119899989 ], [ 112.731575013000111, -7.262548921999951 ], [ 112.731452942000033, -7.262869834999947 ], [ 112.731399537000129, -7.262929914999916 ], [ 112.731338502000199, -7.262979984999902 ], [ 112.731056214000091, -7.263679979999893 ], [ 112.731010437000123, -7.263800142999912 ], [ 112.730972290000068, -7.263905525999917 ], [ 112.730911255000024, -7.264039991999937 ], [ 112.730796814000087, -7.264279842999883 ], [ 112.730537414000082, -7.26505041199988 ], [ 112.730506898000044, -7.265139102999854 ], [ 112.730323792000036, -7.265580176999947 ], [ 112.729949952000197, -7.26645994099988 ], [ 112.729919433000077, -7.266540048999957 ], [ 112.729827881000119, -7.266750335999916 ], [ 112.729682922000165, -7.267079829999943 ], [ 112.729568482000104, -7.26738977399998 ], [ 112.729423522000161, -7.267839907999928 ], [ 112.729042054000047, -7.26870870599987 ], [ 112.728988647000165, -7.268819808999922 ], [ 112.728988647000165, -7.268915175999894 ], [ 112.728942872000175, -7.269090175999906 ], [ 112.728881837000017, -7.26930999699988 ], [ 112.728858948000152, -7.269390104999957 ], [ 112.728736878000177, -7.269780158999879 ], [ 112.728637695000089, -7.270070074999978 ], [ 112.728569030000017, -7.270259855999882 ], [ 112.728523255000027, -7.27041006099995 ], [ 112.728454589000194, -7.270567892999964 ], [ 112.728302002000078, -7.270939827999939 ], [ 112.728256225000109, -7.271039962999964 ], [ 112.728088380000031, -7.271460056999956 ], [ 112.72805023300009, -7.271560191999981 ], [ 112.727996826000094, -7.271699905999924 ], [ 112.727828980000027, -7.272079943999927 ], [ 112.727752686000144, -7.272290228999907 ], [ 112.72760009700005, -7.272666453999875 ], [ 112.727500915000178, -7.27290487199997 ], [ 112.727470398000037, -7.272980212999926 ], [ 112.72743988000002, -7.27304983199997 ], [ 112.72740936300022, -7.273119924999889 ], [ 112.727348328000062, -7.273256300999833 ], [ 112.727203368, -7.273582458999897 ], [ 112.727172852000081, -7.273658752999893 ], [ 112.726997376000099, -7.27405023599988 ], [ 112.726936341000169, -7.274189947999901 ], [ 112.7268219, -7.274499891999938 ], [ 112.726799012000242, -7.27459478399993 ], [ 112.726715088000105, -7.274720191999961 ], [ 112.726768493000122, -7.275060175999954 ], [ 112.726905822000049, -7.275343893999889 ], [ 112.726982118000137, -7.275489805999882 ], [ 112.727111816000047, -7.275660036999966 ], [ 112.727401733000079, -7.276000022999938 ], [ 112.727485657000102, -7.276102541999876 ], [ 112.727615357000218, -7.276249408999945 ], [ 112.727684021000073, -7.276330470999881 ], [ 112.727516175, -7.276461123999979 ], [ 112.727722168000241, -7.276717185999928 ], [ 112.727783203000058, -7.276889800999925 ], [ 112.727783203000058, -7.277036190999922 ], [ 112.72773742600009, -7.277259825999977 ], [ 112.727668762000121, -7.277369975999932 ], [ 112.72760009700005, -7.277530193999951 ], [ 112.727539062, -7.277800081999885 ], [ 112.727561950000108, -7.278059958999904 ], [ 112.727592469000115, -7.278174399999955 ], [ 112.727653504000045, -7.278349874999947 ], [ 112.7276916510001, -7.278502939999953 ], [ 112.727699279000035, -7.27875995699992 ], [ 112.72763061600017, -7.27940988499995 ], [ 112.7276916510001, -7.279550075999907 ], [ 112.727798461000248, -7.279669761999969 ], [ 112.727874755000016, -7.27970314099997 ], [ 112.728111268000134, -7.279813765999961 ], [ 112.728637695000089, -7.280054091999887 ], [ 112.728958130000024, -7.28020000399988 ], [ 112.729072571000188, -7.280320166999957 ], [ 112.729103088000102, -7.280395030999955 ], [ 112.729148864000194, -7.280509948999963 ], [ 112.729202270000314, -7.280700206999882 ], [ 112.729148864000194, -7.280879973999902 ], [ 112.729019166000057, -7.281254768999929 ], [ 112.728973389000089, -7.28142023099997 ], [ 112.728973389000089, -7.281620025999871 ], [ 112.72901153600003, -7.281740188999947 ], [ 112.729080201000102, -7.281809806999945 ], [ 112.729156495000211, -7.281889915999898 ], [ 112.729263305000131, -7.282010078999974 ], [ 112.729316712000013, -7.282129764999922 ], [ 112.729423522000161, -7.282310007999911 ], [ 112.729461669000216, -7.282393931999934 ], [ 112.729522705000136, -7.282509802999925 ], [ 112.729614259000073, -7.282718657999908 ], [ 112.729713441000058, -7.282939909999925 ], [ 112.729812623000157, -7.283079623999924 ], [ 112.730072022000172, -7.283400058999973 ], [ 112.730110169000227, -7.283500193999828 ], [ 112.730178833000082, -7.283668993999925 ], [ 112.730209351000099, -7.28388023399998 ], [ 112.730232238000099, -7.283969878999869 ], [ 112.730232238000099, -7.284143446999849 ], [ 112.730232238000099, -7.284230232999903 ], [ 112.730209351000099, -7.284450053999876 ], [ 112.730201721000185, -7.284581661999937 ], [ 112.730186463000109, -7.284850119999874 ], [ 112.730178833000082, -7.28493022899994 ], [ 112.730148316000054, -7.285170076999975 ], [ 112.730072022000172, -7.285395144999939 ], [ 112.730041504000155, -7.285500049999939 ], [ 112.729949952000197, -7.285600184999964 ], [ 112.729820251000206, -7.285767077999878 ], [ 112.729736327000182, -7.28586959799992 ], [ 112.729698180000014, -7.286037444999977 ], [ 112.729736327000182, -7.286719799999958 ], [ 112.729652405000024, -7.286980151999899 ], [ 112.729568482000104, -7.287240028999975 ], [ 112.729598998000142, -7.287590025999975 ], [ 112.729652405000024, -7.287717818999909 ], [ 112.729774476000102, -7.287884234999922 ], [ 112.729911805000143, -7.288060187999974 ], [ 112.730064392000031, -7.28827142699987 ], [ 112.730278015000067, -7.288569926999969 ], [ 112.730369569000231, -7.288760184999944 ], [ 112.730400086000145, -7.288829803999931 ], [ 112.730369569000231, -7.289020059999928 ], [ 112.730300903000057, -7.289229869999872 ], [ 112.730270387000019, -7.289298532999965 ], [ 112.730171205000147, -7.289569853999922 ], [ 112.730072022000172, -7.289808749999906 ], [ 112.7299728400003, -7.290050028999872 ], [ 112.729850770000326, -7.290219783999873 ], [ 112.72966766400009, -7.290359972999966 ], [ 112.729522705000136, -7.29050159399992 ], [ 112.729438781000113, -7.290579795999918 ], [ 112.729370117000258, -7.290709971999945 ], [ 112.729164123000146, -7.291267870999945 ], [ 112.729110718000015, -7.291419982999969 ], [ 112.729087829000036, -7.291508196999928 ], [ 112.729034424000133, -7.291693687999896 ], [ 112.728897095000207, -7.291979788999924 ], [ 112.728797913000221, -7.292109964999952 ], [ 112.728675842000143, -7.292185782999923 ], [ 112.72865295400004, -7.292508600999895 ], [ 112.728561402000082, -7.292499542999963 ], [ 112.724952698000038, -7.292210101999899 ], [ 112.724868774000015, -7.292200088999948 ], [ 112.724472045000198, -7.292160034999938 ], [ 112.724266053000065, -7.292150973999981 ], [ 112.724029542000039, -7.292140005999954 ], [ 112.723838806000117, -7.29212284099998 ], [ 112.723686218000125, -7.292109964999952 ], [ 112.723274231, -7.292078017999927 ], [ 112.722923278000053, -7.292049884999869 ], [ 112.722831726000095, -7.292039870999929 ], [ 112.722503663000225, -7.292019842999878 ], [ 112.722221375000117, -7.291999816999919 ], [ 112.721916198000031, -7.291999816999919 ], [ 112.721664429000043, -7.291960715999949 ], [ 112.721588135000161, -7.29195022499988 ], [ 112.721031189000087, -7.291880130999971 ], [ 112.720733643000131, -7.291865825999935 ], [ 112.720397949000244, -7.291850089999969 ], [ 112.718986511000026, -7.291729926999949 ], [ 112.718750000000227, -7.291709898999898 ], [ 112.718627929000036, -7.291699885999947 ], [ 112.718528747000164, -7.291689872999939 ], [ 112.718132018000119, -7.291649817999826 ], [ 112.717864991000056, -7.291605948999916 ], [ 112.717498779000039, -7.291545867999901 ], [ 112.717155457000217, -7.291468142999975 ], [ 112.716903686000023, -7.291409968999972 ], [ 112.716346740000176, -7.291279792999944 ], [ 112.715835571000071, -7.291162490999909 ], [ 112.715476989000081, -7.291049957999917 ], [ 112.715103149000015, -7.290903567999976 ], [ 112.714881896000065, -7.290830134999965 ], [ 112.7148132330002, -7.290800093999962 ], [ 112.713439941000047, -7.290331838999919 ], [ 112.713531495000211, -7.289840220999906 ], [ 112.71354675300006, -7.289710044999822 ], [ 112.713623047000169, -7.289269923999882 ], [ 112.71374511800002, -7.288894176999975 ], [ 112.713829041000167, -7.288650034999932 ], [ 112.714050292000024, -7.288179872999933 ], [ 112.714103699000134, -7.288072585999942 ], [ 112.714347839000084, -7.287539957999968 ], [ 112.714393616000052, -7.28744983699994 ], [ 112.714591980000137, -7.287000177999971 ], [ 112.714744567000025, -7.286637305999932 ], [ 112.71478271400008, -7.28655004399991 ], [ 112.714820863000114, -7.286459922999938 ], [ 112.71494293100011, -7.286204337999948 ], [ 112.715110779000156, -7.285835265999935 ], [ 112.715156556000125, -7.285729885999899 ] ] ] ] } },
{ "type": "Feature", "properties": { "GID_3": "IDN.11.35.21_1", "GID_0": "IDN", "COUNTRY": "Indonesia", "GID_1": "IDN.11_1", "NAME_1": "Jawa Timur", "NL_NAME_1": "NA", "GID_2": "IDN.11.35_1", "NAME_2": "Surabaya", "NL_NAME_2": "NA", "NAME_3": "Semampir", "VARNAME_3": "NA", "NL_NAME_3": "NA", "TYPE_3": "Kecamatan", "ENGTYPE_3": "Sub-district", "CC_3": "3578230", "HASC_3": "NA", "LULC2021": 73, "LULC2022": 73, "LULC2023": 73, "LULC2024": 73, "Kecamatan": "Semampir", "UFSI": 6674265885740000.0, "Kelas_Gena": "Tinggi", "n_titik_PU": 12, "Kelas_PU_2": "Tinggi", "Validasi": "Match", "Risiko_DBD": "5.211.320.510.685.240", "Kelas_DBD": "Sedang", "Ranking": 14 }, "geometry": { "type": "MultiPolygon", "coordinates": [ [ [ [ 112.758056641000053, -7.225404738999885 ], [ 112.758102416000042, -7.225649355999963 ], [ 112.758125305000021, -7.225819110999964 ], [ 112.758171082000217, -7.226039885999967 ], [ 112.758216859000186, -7.226209163999954 ], [ 112.758293152000192, -7.226370811999971 ], [ 112.758361816000161, -7.226469516999884 ], [ 112.75852203300019, -7.226712227999883 ], [ 112.758529664000207, -7.226992130999975 ], [ 112.758460998000032, -7.227346896999904 ], [ 112.758438110000043, -7.227416037999944 ], [ 112.758720398000037, -7.227567672999953 ], [ 112.75838470400015, -7.228426455999966 ], [ 112.758293152000192, -7.228569506999918 ], [ 112.758163452000076, -7.22853899099988 ], [ 112.758026123000036, -7.228485105999937 ], [ 112.758056641000053, -7.228650568999967 ], [ 112.758064270000091, -7.228772639999931 ], [ 112.758026123000036, -7.228891371999964 ], [ 112.757728576000204, -7.229287623999937 ], [ 112.757637024000019, -7.229465006999931 ], [ 112.75753021200012, -7.229658125999947 ], [ 112.757476807000216, -7.229748724999979 ], [ 112.75736999500009, -7.229843616999972 ], [ 112.757148742000027, -7.230010984999979 ], [ 112.757095337000123, -7.230097770999976 ], [ 112.757072448000031, -7.230371951999928 ], [ 112.757133483000075, -7.230711459999952 ], [ 112.757164002000195, -7.230997085999945 ], [ 112.75718689100006, -7.231363772999941 ], [ 112.757217407000098, -7.231547354999918 ], [ 112.757270812000115, -7.231874464999976 ], [ 112.757278443000018, -7.232111452999959 ], [ 112.757339478000176, -7.23252725499998 ], [ 112.757385255000145, -7.232839106999961 ], [ 112.757469177000075, -7.233495712999911 ], [ 112.757476807000216, -7.233649252999953 ], [ 112.757606506000229, -7.234302043999946 ], [ 112.757621766000057, -7.234475611999926 ], [ 112.757629394000105, -7.234568118999903 ], [ 112.756660461000024, -7.23467016099994 ], [ 112.755577088000109, -7.234419821999893 ], [ 112.755233764000195, -7.23437023199989 ], [ 112.755050658000073, -7.234340189999898 ], [ 112.754951476000087, -7.234324454999921 ], [ 112.754676818000121, -7.234279154999911 ], [ 112.754470826000102, -7.234239577999915 ], [ 112.754119872000047, -7.234129904999975 ], [ 112.754028320000089, -7.234091758999966 ], [ 112.753890991000048, -7.234029770999882 ], [ 112.753639222000061, -7.233920097999942 ], [ 112.753227233000189, -7.233689306999963 ], [ 112.752746583000203, -7.23341989499994 ], [ 112.752616882000211, -7.233240126999931 ], [ 112.752510071000188, -7.233037471999921 ], [ 112.752456664000078, -7.232950209999899 ], [ 112.752380371000072, -7.233009814999946 ], [ 112.752128601000209, -7.233109949999971 ], [ 112.751991272000282, -7.233119962999922 ], [ 112.751739503000181, -7.233079910999891 ], [ 112.751380921000191, -7.232973098999935 ], [ 112.751197815000069, -7.232920168999897 ], [ 112.750999451000212, -7.2328472129999 ], [ 112.750396728000169, -7.232629774999964 ], [ 112.750259399000129, -7.232580184999961 ], [ 112.749999999000124, -7.232540130999894 ], [ 112.74977874800004, -7.232510089999892 ], [ 112.749488830000018, -7.232450008999933 ], [ 112.749374390000298, -7.232429027999956 ], [ 112.749267577000069, -7.23240995499998 ], [ 112.749000550000119, -7.232399939999937 ], [ 112.748908996000182, -7.232395171999883 ], [ 112.748641968000129, -7.232379912999875 ], [ 112.748558044000106, -7.232379912999875 ], [ 112.748336791000156, -7.232360839999899 ], [ 112.747978210000042, -7.232329845999914 ], [ 112.747322083000086, -7.232221125999956 ], [ 112.747138977000191, -7.232190131999971 ], [ 112.746803284000066, -7.232079981999959 ], [ 112.746894836000138, -7.231618879999871 ], [ 112.746833801000321, -7.231389998999873 ], [ 112.746742249000022, -7.231171131999872 ], [ 112.746688844, -7.231050013999891 ], [ 112.746643067000036, -7.230940818999898 ], [ 112.746498107000093, -7.23063039699997 ], [ 112.746383667000032, -7.230398654999931 ], [ 112.746215819000213, -7.230316161999951 ], [ 112.745948792000036, -7.230189800999938 ], [ 112.745689392000031, -7.230070112999897 ], [ 112.745468139000309, -7.230090140999948 ], [ 112.745399476000216, -7.230229854999891 ], [ 112.745246886000018, -7.230469225999968 ], [ 112.745193481000115, -7.230549812999811 ], [ 112.745086669000216, -7.230684278999945 ], [ 112.744903565000186, -7.230928897999888 ], [ 112.744819641000163, -7.231045245999951 ], [ 112.744712829000036, -7.231172561999927 ], [ 112.744178771000065, -7.23183011999987 ], [ 112.743927002000078, -7.232182978999958 ], [ 112.743820190000292, -7.232329845999914 ], [ 112.743583679000039, -7.232659816999956 ], [ 112.743515015000185, -7.232747077999875 ], [ 112.743453980000027, -7.232833384999935 ], [ 112.743278504000045, -7.233086108999942 ], [ 112.743232727000077, -7.233150004999914 ], [ 112.743041993000134, -7.23346614899998 ], [ 112.742996216000165, -7.23354005799996 ], [ 112.742889404000039, -7.23384666499993 ], [ 112.742866517000039, -7.233990191999965 ], [ 112.742897034000293, -7.234169959999917 ], [ 112.742927550000331, -7.234270094999943 ], [ 112.742828368000119, -7.234270094999943 ], [ 112.742683411000144, -7.234228609999889 ], [ 112.742568971000082, -7.234196185999963 ], [ 112.742233277000196, -7.234089850999965 ], [ 112.741661071000067, -7.23399829899995 ], [ 112.741477967000037, -7.233950136999965 ], [ 112.741371155000252, -7.233882903999813 ], [ 112.741302491000056, -7.233839988999875 ], [ 112.741226196000071, -7.233759879999923 ], [ 112.741172790000064, -7.233610152999972 ], [ 112.741119385000047, -7.233459948999894 ], [ 112.741096497000058, -7.233326912999928 ], [ 112.741073608000079, -7.233139991999963 ], [ 112.741035461000024, -7.232934474999922 ], [ 112.74102783100011, -7.232851504999928 ], [ 112.741012573000035, -7.232749937999927 ], [ 112.740966796000066, -7.232220172999973 ], [ 112.740959168000018, -7.232100009999897 ], [ 112.740951538000104, -7.231896875999951 ], [ 112.740943909000066, -7.231785772999956 ], [ 112.740936279000152, -7.231540201999962 ], [ 112.740928649000011, -7.231304645999899 ], [ 112.740928649000011, -7.231118201999948 ], [ 112.740921021000304, -7.231042385999956 ], [ 112.740921021000304, -7.230919837999977 ], [ 112.740905763000114, -7.230545997999911 ], [ 112.740898132000098, -7.230410098999869 ], [ 112.740890502000184, -7.230228899999815 ], [ 112.740890502000184, -7.23011016699985 ], [ 112.74108886700003, -7.230100153999899 ], [ 112.741287231000229, -7.230100153999899 ], [ 112.74143982000021, -7.230100153999899 ], [ 112.74146270700021, -7.229619978999949 ], [ 112.74146270700021, -7.229360103999966 ], [ 112.741455078000172, -7.229167937999932 ], [ 112.741447448000258, -7.229090213999939 ], [ 112.741447448000258, -7.228549956999871 ], [ 112.741447448000258, -7.228469847999918 ], [ 112.741447448000258, -7.228337763999946 ], [ 112.74143982000021, -7.227330206999966 ], [ 112.741111755000134, -7.227220058999819 ], [ 112.740913391000049, -7.22718620299986 ], [ 112.740921021000304, -7.227055548999886 ], [ 112.740921021000304, -7.226945875999945 ], [ 112.740936279000152, -7.226699351999969 ], [ 112.740951538000104, -7.226500032999922 ], [ 112.740966796000066, -7.226331232999883 ], [ 112.740982056000121, -7.226140020999878 ], [ 112.740982056000121, -7.22595834699996 ], [ 112.740982056000121, -7.225840091999942 ], [ 112.740982056000121, -7.225757597999973 ], [ 112.740982056000121, -7.225671291999902 ], [ 112.740989684000056, -7.225450038999895 ], [ 112.740966796000066, -7.225325107999879 ], [ 112.740722657000106, -7.225240230999873 ], [ 112.74064636300011, -7.225210189999871 ], [ 112.74050903400007, -7.225180148999868 ], [ 112.740287781, -7.225120067999967 ], [ 112.739952088000337, -7.225009917999898 ], [ 112.739799499000242, -7.224960802999931 ], [ 112.739593506, -7.22489023199995 ], [ 112.739372253000056, -7.224810123999816 ], [ 112.739112854000041, -7.224649905999968 ], [ 112.73893737800006, -7.224460124999894 ], [ 112.738822938000226, -7.224301337999975 ], [ 112.738746644000116, -7.224190234999924 ], [ 112.738616943000125, -7.223989962999894 ], [ 112.738563538000221, -7.223889827999869 ], [ 112.738456726000095, -7.223760126999878 ], [ 112.738342285000158, -7.223760126999878 ], [ 112.73813629100016, -7.223760126999878 ], [ 112.73813629100016, -7.223680017999925 ], [ 112.73813629100016, -7.223529815999939 ], [ 112.738151551000101, -7.223390101999939 ], [ 112.738151551000101, -7.22330999299993 ], [ 112.738151551000101, -7.223219871999959 ], [ 112.73813629100016, -7.223090170999967 ], [ 112.73813629100016, -7.22295999499994 ], [ 112.73813629100016, -7.222879885999873 ], [ 112.738128663000225, -7.222740173999966 ], [ 112.738128663000225, -7.2226600649999 ], [ 112.738121032000208, -7.222579956999937 ], [ 112.738113404000046, -7.222449777999941 ], [ 112.738098144000105, -7.222357748999855 ], [ 112.73809051600017, -7.222249983999973 ], [ 112.738082886000029, -7.222159861999899 ], [ 112.738067627000078, -7.222020147999899 ], [ 112.738067627000078, -7.22189998499988 ], [ 112.73805999700005, -7.221769808999966 ], [ 112.73805999700005, -7.221640109999896 ], [ 112.738052369000116, -7.221509933999869 ], [ 112.738052369000116, -7.221389770999963 ], [ 112.738052369000116, -7.221260069999971 ], [ 112.738037109000061, -7.221139906999895 ], [ 112.738037109000061, -7.221020220999947 ], [ 112.738037109000061, -7.220890044999919 ], [ 112.738037109000061, -7.220759868999892 ], [ 112.73802948000025, -7.220620154999949 ], [ 112.738021850000109, -7.22046995099987 ], [ 112.738021850000109, -7.220389841999918 ], [ 112.738006592000147, -7.220310210999969 ], [ 112.738006592000147, -7.22023010199996 ], [ 112.738006592000147, -7.22011327599995 ], [ 112.737998962, -7.220009803999915 ], [ 112.737991334000071, -7.219860076999964 ], [ 112.737991334000071, -7.219709871999953 ], [ 112.737991334000071, -7.219629763999933 ], [ 112.737983703000282, -7.219550131999881 ], [ 112.737983703000282, -7.219470023999918 ], [ 112.737983703000282, -7.219389914999965 ], [ 112.737968445000092, -7.219299792999948 ], [ 112.737968445000092, -7.219220161999942 ], [ 112.737968445000092, -7.219130039999868 ], [ 112.737968445000092, -7.219039915999872 ], [ 112.737960815000179, -7.218939780999847 ], [ 112.737960815000179, -7.218850134999968 ], [ 112.737960815000179, -7.218760012999894 ], [ 112.737960815000179, -7.218659877999869 ], [ 112.737960815000179, -7.21856021799988 ], [ 112.737953187000244, -7.218470096999965 ], [ 112.737953187000244, -7.218369959999961 ], [ 112.737953187000244, -7.218259811999872 ], [ 112.737953187000244, -7.218160151999882 ], [ 112.737937926000313, -7.218050001999927 ], [ 112.737937926000313, -7.217949866999902 ], [ 112.737930298000038, -7.217840194999894 ], [ 112.737922668000124, -7.217730044999939 ], [ 112.737907410000275, -7.217629909999914 ], [ 112.737907410000275, -7.217529772999967 ], [ 112.737899780000021, -7.2174301149999 ], [ 112.73789215100021, -7.217339990999903 ], [ 112.73789215100021, -7.21725988299994 ], [ 112.737876891000155, -7.21712017099992 ], [ 112.737869263000221, -7.217000007999843 ], [ 112.737869263000221, -7.216909885999939 ], [ 112.737869263000221, -7.216829776999873 ], [ 112.737869263000221, -7.21669006299993 ], [ 112.737861633000307, -7.216609954999967 ], [ 112.737861633000307, -7.216529845999844 ], [ 112.737861633000307, -7.216440200999955 ], [ 112.737846374000014, -7.216350077999891 ], [ 112.737846374000014, -7.216249942999866 ], [ 112.737846374000014, -7.216149807999841 ], [ 112.737838744000101, -7.216060160999973 ], [ 112.737838744000101, -7.215960025999948 ], [ 112.737831116000052, -7.215859888999944 ], [ 112.737831116000052, -7.215760229999944 ], [ 112.737823486000252, -7.215670107999927 ], [ 112.737823486000252, -7.215569972999901 ], [ 112.737808228000063, -7.215469835999954 ], [ 112.737808228000063, -7.215380191999941 ], [ 112.737808228000063, -7.215290069999924 ], [ 112.737800598000149, -7.215189932999976 ], [ 112.737800598000149, -7.215099810999902 ], [ 112.737800598000149, -7.215010166999946 ], [ 112.737792969000111, -7.21492004299995 ], [ 112.737792969000111, -7.214829920999875 ], [ 112.737792969000111, -7.214739798999972 ], [ 112.737777709000284, -7.214650152999923 ], [ 112.737777709000284, -7.214550017999898 ], [ 112.737770081, -7.214449882999872 ], [ 112.737770081, -7.214360236999937 ], [ 112.737762451000094, -7.214260101999969 ], [ 112.737762451000094, -7.214159964999965 ], [ 112.737747192000029, -7.214049816999875 ], [ 112.737747192000029, -7.213950156999829 ], [ 112.737739562000115, -7.213850019999882 ], [ 112.73773193400018, -7.213739871999906 ], [ 112.73773193400018, -7.213640212999962 ], [ 112.73773193400018, -7.213530062999951 ], [ 112.737716676000105, -7.213429927999925 ], [ 112.737716676000105, -7.21331977799997 ], [ 112.737709046000077, -7.213210104999973 ], [ 112.737709046000077, -7.213099956999827 ], [ 112.737709046000077, -7.212989806999929 ], [ 112.73770141500006, -7.212880134999921 ], [ 112.73770141500006, -7.212759971999958 ], [ 112.737693787000126, -7.212649821999946 ], [ 112.737693787000126, -7.212530135999941 ], [ 112.737693787000126, -7.212409972999922 ], [ 112.737678527000071, -7.212299822999967 ], [ 112.737678527000071, -7.212180136999905 ], [ 112.737678527000071, -7.21208000199988 ], [ 112.737670899000022, -7.211969851999925 ], [ 112.737670899000022, -7.211870192999925 ], [ 112.737670899000022, -7.211780070999964 ], [ 112.737670899000022, -7.211689948999947 ], [ 112.737663269000109, -7.21160983999988 ], [ 112.737663269000109, -7.211530208999875 ], [ 112.737663269000109, -7.211450099999979 ], [ 112.737648010000157, -7.211289882999893 ], [ 112.737640380000016, -7.211140155999942 ], [ 112.737640380000016, -7.210989950999931 ], [ 112.737632752000081, -7.21084022399998 ], [ 112.737617494000119, -7.210690021999824 ], [ 112.737609863000102, -7.210549830999923 ], [ 112.737602233000189, -7.210400103999973 ], [ 112.737586975000113, -7.210249900999884 ], [ 112.737586975000113, -7.21016979299992 ], [ 112.737579345000086, -7.210080145999882 ], [ 112.737571717000151, -7.210000036999929 ], [ 112.737571717000151, -7.209909915999958 ], [ 112.737556458000199, -7.209819793999941 ], [ 112.737548828000058, -7.209720133999951 ], [ 112.737541198000031, -7.209630011999934 ], [ 112.737533570000096, -7.209539890999963 ], [ 112.737518311000144, -7.209449768999946 ], [ 112.737518311000144, -7.209360121999907 ], [ 112.73750305100009, -7.20927 ], [ 112.737487793000128, -7.20918989199987 ], [ 112.737480165000193, -7.209109782999974 ], [ 112.737472534000176, -7.209030151999968 ], [ 112.737457276000328, -7.208950042999902 ], [ 112.737449646000073, -7.208869933999949 ], [ 112.737426757000208, -7.208789824999883 ], [ 112.737419129000159, -7.208710193999877 ], [ 112.73739624100017, -7.208630084999982 ], [ 112.737388611000029, -7.208549976999961 ], [ 112.737373352000191, -7.208459854999944 ], [ 112.737350464000201, -7.208370207999906 ], [ 112.737327575000222, -7.208280086999821 ], [ 112.73731994700006, -7.208189964999974 ], [ 112.737297059000184, -7.20808982799997 ], [ 112.7372818, -7.208000182999911 ], [ 112.737258912000129, -7.207890032999956 ], [ 112.737243651000199, -7.20778989799993 ], [ 112.737220765000075, -7.207680225999923 ], [ 112.737190246000068, -7.207570075999968 ], [ 112.737167358000193, -7.207469938999907 ], [ 112.737152099000014, -7.207359790999874 ], [ 112.737129211000138, -7.207260130999884 ], [ 112.737106322000045, -7.207159996999962 ], [ 112.737091064000083, -7.207059859999845 ], [ 112.737068176000093, -7.206960199999969 ], [ 112.737060547000283, -7.206870077999952 ], [ 112.73703765900018, -7.206769942999927 ], [ 112.737022401000104, -7.206679820999909 ], [ 112.736999512000125, -7.206580161999966 ], [ 112.736976624000022, -7.206480024999905 ], [ 112.73696136500007, -7.206369876999929 ], [ 112.736938477000308, -7.206260203999932 ], [ 112.736907958000188, -7.206140040999856 ], [ 112.73689270000034, -7.206009864999942 ], [ 112.736869811000133, -7.205890178999937 ], [ 112.73684692300003, -7.205760000999931 ], [ 112.736816406000116, -7.205619811999952 ], [ 112.73680114800004, -7.205490110999904 ], [ 112.736778259000062, -7.205359934999876 ], [ 112.736763001000213, -7.205230235999977 ], [ 112.736732482000093, -7.20510005999995 ], [ 112.736709594000104, -7.204969881999943 ], [ 112.73667907700019, -7.204840182999931 ], [ 112.736656189000087, -7.204710006999903 ], [ 112.736640930000135, -7.204579830999876 ], [ 112.736610412000118, -7.204440116999876 ], [ 112.736579895000091, -7.204299926999909 ], [ 112.736557007000215, -7.204150199999958 ], [ 112.736526490000074, -7.20399999599988 ], [ 112.736503601000209, -7.203849791999971 ], [ 112.736473083000192, -7.203690051999899 ], [ 112.736450196000192, -7.203539846999831 ], [ 112.736419678000061, -7.203390119999938 ], [ 112.736389161000147, -7.203229904999944 ], [ 112.736358642000027, -7.20308017799988 ], [ 112.736343384000179, -7.202939986999922 ], [ 112.736312865000059, -7.202789783999947 ], [ 112.736289979000162, -7.202650069999947 ], [ 112.736259460000042, -7.202519893999977 ], [ 112.736236572000053, -7.202380179999977 ], [ 112.736213683000074, -7.20225000399995 ], [ 112.736190797000063, -7.202129840999874 ], [ 112.73616027800017, -7.202000139999882 ], [ 112.736129761000029, -7.201879976999976 ], [ 112.73610687300004, -7.201769828999943 ], [ 112.736076354000147, -7.201650142999881 ], [ 112.736053468000023, -7.201529979999975 ], [ 112.736022949000017, -7.201419829999907 ], [ 112.735992432000103, -7.201300143999958 ], [ 112.735961914000086, -7.201179980999882 ], [ 112.735931397000286, -7.201059817999976 ], [ 112.735900878000166, -7.200940132999847 ], [ 112.735870362000128, -7.200809953999908 ], [ 112.735839843, -7.200679777999881 ], [ 112.735809326000094, -7.200550078999981 ], [ 112.735778808000191, -7.200419902999954 ], [ 112.73574829100005, -7.200290201999962 ], [ 112.735717772000157, -7.200150012999927 ], [ 112.735687256000119, -7.2000198369999 ], [ 112.735656739000092, -7.199880122999957 ], [ 112.735626220000199, -7.199720857999921 ], [ 112.735603332000096, -7.19961023299993 ], [ 112.735580444000107, -7.199470043999952 ], [ 112.735549927000193, -7.199319838999884 ], [ 112.735519408000073, -7.199180124999884 ], [ 112.735488892000035, -7.199029922999955 ], [ 112.735450745000094, -7.198880195999948 ], [ 112.73542022800018, -7.198729991999926 ], [ 112.73538970900006, -7.198569773999907 ], [ 112.735351563000108, -7.198410033999949 ], [ 112.735313416000054, -7.198249816999976 ], [ 112.735282897000275, -7.198080062999964 ], [ 112.735237122000171, -7.197919845999877 ], [ 112.735206603000051, -7.197750090999932 ], [ 112.7351684570001, -7.197589872999913 ], [ 112.735137940000072, -7.197420119999833 ], [ 112.73510742100018, -7.197239874999923 ], [ 112.735069274000125, -7.197030066999957 ], [ 112.735031128000173, -7.196760176999931 ], [ 112.734977722000167, -7.196430205999889 ], [ 112.734931945000199, -7.19610023599995 ], [ 112.735740661000136, -7.195970057999943 ], [ 112.737083436000148, -7.195690153999976 ], [ 112.739410400000111, -7.19504022599989 ], [ 112.740142822000166, -7.194917677999968 ], [ 112.740608216000055, -7.194839953999974 ], [ 112.7433166510001, -7.194340228999977 ], [ 112.743347167000138, -7.194439887999977 ], [ 112.743232727000077, -7.194469928999979 ], [ 112.743293762000121, -7.194670198999916 ], [ 112.743354798000155, -7.194723128999954 ], [ 112.743446350000113, -7.194799899999907 ], [ 112.743881225000109, -7.194799899999907 ], [ 112.744415282000318, -7.194717405999938 ], [ 112.74452972500012, -7.194699762999903 ], [ 112.744941712000013, -7.194640159999949 ], [ 112.745300294000231, -7.194610118999947 ], [ 112.745506286000023, -7.194580076999955 ], [ 112.746139526000206, -7.194459913999935 ], [ 112.747619630000031, -7.194230078999965 ], [ 112.747680665000075, -7.194270132999975 ], [ 112.747810364000088, -7.194330214999979 ], [ 112.747962951000318, -7.194409846999974 ], [ 112.748168946000078, -7.194620131999955 ], [ 112.748153687000126, -7.194890021999925 ], [ 112.748519897000051, -7.19508981599995 ], [ 112.748649598000043, -7.195199965999961 ], [ 112.747772217000033, -7.19544982799988 ], [ 112.747436524000022, -7.195479868999939 ], [ 112.746780396000077, -7.195630073999951 ], [ 112.746833801000321, -7.19570016699987 ], [ 112.746818542000028, -7.195799826999973 ], [ 112.746513366000045, -7.195970057999943 ], [ 112.746353150000118, -7.19606018099995 ], [ 112.746116637000114, -7.196139812999945 ], [ 112.746101379000152, -7.196219920999908 ], [ 112.746116637000114, -7.196350097999925 ], [ 112.746192933000088, -7.196499824999876 ], [ 112.74614715600012, -7.196640013999968 ], [ 112.746116637000114, -7.196740150999972 ], [ 112.746269227000198, -7.196809768999969 ], [ 112.746406556000238, -7.196869849999928 ], [ 112.747512817000029, -7.197430132999955 ], [ 112.747779845000082, -7.19750976499995 ], [ 112.747879027000295, -7.197490215999949 ], [ 112.747978210000042, -7.197430132999955 ], [ 112.748077392000141, -7.197400091999953 ], [ 112.748382568000125, -7.197420119999833 ], [ 112.748550416000171, -7.197480200999905 ], [ 112.749313354000037, -7.197969912999952 ], [ 112.749656678000065, -7.198209761999976 ], [ 112.749816895000095, -7.198239803999968 ], [ 112.749923706000118, -7.198359966999874 ], [ 112.749999999000124, -7.198460101999899 ], [ 112.750183105000019, -7.198669910999968 ], [ 112.750938415000178, -7.19909000399997 ], [ 112.751098633000083, -7.199230194999927 ], [ 112.751358033000201, -7.199550151999858 ], [ 112.751586913000097, -7.199719905999871 ], [ 112.751823425000339, -7.199870109999949 ], [ 112.752037049000251, -7.199900148999973 ], [ 112.752418517000024, -7.199880122999957 ], [ 112.753341675000229, -7.199830055999939 ], [ 112.754081725000106, -7.199669837999977 ], [ 112.754409790000068, -7.199429988999952 ], [ 112.75475311200023, -7.199210166999876 ], [ 112.755218506, -7.198939798999959 ], [ 112.755783080000015, -7.198560237999914 ], [ 112.756126404000156, -7.198359966999874 ], [ 112.756690980000144, -7.198009967999951 ], [ 112.756896972000163, -7.197859762999883 ], [ 112.7569885260001, -7.197769163999908 ], [ 112.756889344000228, -7.198332785999924 ], [ 112.757026673000269, -7.19898176099997 ], [ 112.757438660000162, -7.199529646999849 ], [ 112.757514954000044, -7.19963073699995 ], [ 112.757637024000019, -7.200543878999895 ], [ 112.757781983000086, -7.201131818999897 ], [ 112.758270264000089, -7.201598643999887 ], [ 112.75852203300019, -7.202156543999934 ], [ 112.758415223000043, -7.202663420999954 ], [ 112.758239745000083, -7.203069209999967 ], [ 112.7580719, -7.203434466999965 ], [ 112.758010864000084, -7.203536033999967 ], [ 112.75830078100023, -7.203947065999955 ], [ 112.758842468000012, -7.204445361999944 ], [ 112.759506225000109, -7.20518398199988 ], [ 112.760108948000152, -7.205834388999961 ], [ 112.760795593000012, -7.20655488899996 ], [ 112.761268615000063, -7.207082747999948 ], [ 112.761459351000212, -7.207258223999929 ], [ 112.761146546000191, -7.207258223999929 ], [ 112.761093139000081, -7.208014488999936 ], [ 112.76206970200019, -7.208339691999868 ], [ 112.762039185000049, -7.208443163999902 ], [ 112.761680604000162, -7.209675788999903 ], [ 112.761672974000021, -7.209836481999901 ], [ 112.761642457000107, -7.209969997999906 ], [ 112.761543275000236, -7.210360048999974 ], [ 112.761489868000012, -7.210529803999975 ], [ 112.761436462, -7.210790156999849 ], [ 112.761367797000275, -7.211103915999956 ], [ 112.761352539000086, -7.211180209999952 ], [ 112.761322022000172, -7.21124982799995 ], [ 112.761238098000149, -7.211430071999928 ], [ 112.761009217000151, -7.211490153999932 ], [ 112.761039734000065, -7.211615562999953 ], [ 112.761062622000168, -7.211760044999892 ], [ 112.760986329000161, -7.2117700579999 ], [ 112.761009217000151, -7.211909771999956 ], [ 112.760986329000161, -7.212093829999958 ], [ 112.760971070000096, -7.212200164999956 ], [ 112.760879516000159, -7.212759971999958 ], [ 112.760871888000224, -7.212978838999902 ], [ 112.760864258000083, -7.213059425999916 ], [ 112.76085662800017, -7.213168620999909 ], [ 112.76085662800017, -7.213307379999947 ], [ 112.760849000000121, -7.213379859999975 ], [ 112.760849000000121, -7.213456153999971 ], [ 112.760841370000207, -7.213597297999854 ], [ 112.760841370000207, -7.213689802999966 ], [ 112.760818481000115, -7.213820455999951 ], [ 112.760787964000201, -7.214005946999976 ], [ 112.760765076000098, -7.214114664999954 ], [ 112.760734557000092, -7.214235782999936 ], [ 112.760711671000195, -7.214320181999881 ], [ 112.760665894000226, -7.214462755999875 ], [ 112.760627747000171, -7.214555740999913 ], [ 112.760574342000268, -7.214738368999917 ], [ 112.760520935000045, -7.214889525999922 ], [ 112.760475160000055, -7.215027807999888 ], [ 112.760437011000022, -7.215144632999966 ], [ 112.760383606000119, -7.215289114999962 ], [ 112.760330200000112, -7.215465545999962 ], [ 112.760292054000047, -7.215576648999956 ], [ 112.760246277000078, -7.215707301999885 ], [ 112.760223388000213, -7.215864656999941 ], [ 112.76020050000011, -7.216013431999897 ], [ 112.760177613000224, -7.216156005999892 ], [ 112.76015472500012, -7.216320990999975 ], [ 112.760047912000232, -7.217040061999967 ], [ 112.760002135000263, -7.217370032999895 ], [ 112.759971619000225, -7.217506408999895 ], [ 112.75995636000016, -7.217589854999972 ], [ 112.759918214000209, -7.21786642099994 ], [ 112.759902953000051, -7.217970370999922 ], [ 112.759872437000013, -7.218200206999938 ], [ 112.759834290000185, -7.21844720799993 ], [ 112.759796143000131, -7.218690394999896 ], [ 112.759773254000038, -7.218840121999961 ], [ 112.759750366000162, -7.21894311899996 ], [ 112.759719849000021, -7.219166754999947 ], [ 112.759674072000053, -7.21943807699995 ], [ 112.759651184000063, -7.219549179999888 ], [ 112.759628295000084, -7.219688415999883 ], [ 112.759605407000095, -7.219818591999967 ], [ 112.759590148000029, -7.219930171999977 ], [ 112.75956726000004, -7.220095634999893 ], [ 112.759529113000212, -7.22032022399992 ], [ 112.759506225000109, -7.220409869999969 ], [ 112.759483338000109, -7.22053766099998 ], [ 112.759353637000117, -7.221109867999871 ], [ 112.759338379000042, -7.221217632999924 ], [ 112.759315491000166, -7.221461296999905 ], [ 112.759284974000025, -7.221563338999943 ], [ 112.759231567000143, -7.221996783999941 ], [ 112.759216308000191, -7.222129820999896 ], [ 112.759490966000158, -7.22215700199996 ], [ 112.759666442000139, -7.222251413999913 ], [ 112.759674072000053, -7.222425459999954 ], [ 112.759674072000053, -7.222744464999948 ], [ 112.760345459000064, -7.222814082999946 ], [ 112.760330200000112, -7.223060131999944 ], [ 112.76031494200015, -7.22323751499988 ], [ 112.760559081000338, -7.22326517099998 ], [ 112.760551453000062, -7.223599433999937 ], [ 112.760429383000087, -7.223687170999881 ], [ 112.760353089000205, -7.223726747999876 ], [ 112.760322570000085, -7.223890302999905 ], [ 112.760169983000083, -7.223953245999951 ], [ 112.760009766000053, -7.224063873999967 ], [ 112.759918214000209, -7.224170208999965 ], [ 112.759780885000055, -7.224174498999957 ], [ 112.75956726000004, -7.224351881999894 ], [ 112.759414673000151, -7.224525450999977 ], [ 112.759155273000033, -7.224404811999932 ], [ 112.758811952000087, -7.224306582999873 ], [ 112.758758545000092, -7.224626064999939 ], [ 112.75822448700012, -7.22441577799998 ], [ 112.758125305000021, -7.224339961999817 ], [ 112.7580719, -7.224462031999963 ], [ 112.758041381000226, -7.224541185999954 ], [ 112.758049011000139, -7.224667071999875 ], [ 112.758056641000053, -7.224856375999934 ], [ 112.758064270000091, -7.224967002999904 ], [ 112.758003234000171, -7.225104807999969 ], [ 112.758056641000053, -7.225404738999885 ] ] ] ] } },
{ "type": "Feature", "properties": { "GID_3": "IDN.11.35.22_1", "GID_0": "IDN", "COUNTRY": "Indonesia", "GID_1": "IDN.11_1", "NAME_1": "Jawa Timur", "NL_NAME_1": "NA", "GID_2": "IDN.11.35_1", "NAME_2": "Surabaya", "NL_NAME_2": "NA", "NAME_3": "Simokerto", "VARNAME_3": "NA", "NL_NAME_3": "NA", "TYPE_3": "Kecamatan", "ENGTYPE_3": "Sub-district", "CC_3": "3578220", "HASC_3": "NA", "LULC2021": 98, "LULC2022": 98, "LULC2023": 98, "LULC2024": 98, "Kecamatan": "Simokerto", "UFSI": 7443811787830000.0, "Kelas_Gena": "Tinggi", "n_titik_PU": 2, "Kelas_PU_2": "Rendah", "Validasi": "Tidak Match", "Risiko_DBD": "75.0", "Kelas_DBD": "Tinggi", "Ranking": 1 }, "geometry": { "type": "MultiPolygon", "coordinates": [ [ [ [ 112.753311157000212, -7.248250006999967 ], [ 112.75330352900005, -7.247836589999963 ], [ 112.75330352900005, -7.24768018799989 ], [ 112.753242493000016, -7.247228143999905 ], [ 112.753143311000144, -7.246880054999963 ], [ 112.753021240000066, -7.246597289999954 ], [ 112.752975464000201, -7.246499061999884 ], [ 112.752922058000081, -7.246359825999889 ], [ 112.752853393000123, -7.246229647999883 ], [ 112.752738952000186, -7.245985507999933 ], [ 112.752670289000093, -7.24585914499994 ], [ 112.752639770000087, -7.245790003999844 ], [ 112.752349854000158, -7.245309828999893 ], [ 112.752189637000129, -7.245090006999931 ], [ 112.752166748000036, -7.244987963999904 ], [ 112.752082824000013, -7.24495983099996 ], [ 112.751937867000038, -7.244790076999948 ], [ 112.75173187300004, -7.244629859999975 ], [ 112.751525878000166, -7.244508266999901 ], [ 112.751197815000069, -7.244269847999931 ], [ 112.750595092000026, -7.243986606999954 ], [ 112.75047302300004, -7.243929861999959 ], [ 112.750122070000202, -7.243854522999925 ], [ 112.749923706000118, -7.243810176999887 ], [ 112.749443055000029, -7.243730067999934 ], [ 112.749069213000212, -7.243669986999919 ], [ 112.748977661000254, -7.243661403999909 ], [ 112.748527527000306, -7.243619917999979 ], [ 112.748283386000139, -7.243612764999909 ], [ 112.747833252000191, -7.243599891999907 ], [ 112.747337342000151, -7.243544578999945 ], [ 112.747337342000151, -7.243440151999948 ], [ 112.747299195000096, -7.243259905999935 ], [ 112.747261048000041, -7.243184089999943 ], [ 112.747108459000174, -7.242869852999888 ], [ 112.747032165000064, -7.242798328999925 ], [ 112.746383667000032, -7.242209910999918 ], [ 112.746063232000097, -7.241950034999888 ], [ 112.74595642200029, -7.241795061999881 ], [ 112.745628357000101, -7.241040228999964 ], [ 112.745399476000216, -7.24047517799994 ], [ 112.745361329000048, -7.240369795999925 ], [ 112.745170593000012, -7.239920138999935 ], [ 112.745147704000033, -7.239789962999964 ], [ 112.745101929000043, -7.239560126999947 ], [ 112.745079041000054, -7.239449976999936 ], [ 112.745063782000329, -7.23935556299989 ], [ 112.744987487000117, -7.238910196999939 ], [ 112.744812011000022, -7.238416670999925 ], [ 112.744476318000011, -7.237684249999916 ], [ 112.744262695000089, -7.237343787999976 ], [ 112.74405670100009, -7.236980438999865 ], [ 112.743873597000174, -7.236756800999899 ], [ 112.743721007000204, -7.236569881999912 ], [ 112.743522643000119, -7.236320017999844 ], [ 112.74342346100002, -7.236131666999881 ], [ 112.743385314000193, -7.236055850999946 ], [ 112.743347167000138, -7.235990047999962 ], [ 112.743324279000035, -7.235857008999972 ], [ 112.743217469000115, -7.235295294999958 ], [ 112.743194580000022, -7.235089302999882 ], [ 112.743186950000108, -7.235010146999912 ], [ 112.743103028000064, -7.234690188999878 ], [ 112.742927550000331, -7.234270094999943 ], [ 112.742897034000293, -7.234169959999917 ], [ 112.742866517000039, -7.233990191999965 ], [ 112.742889404000039, -7.23384666499993 ], [ 112.742996216000165, -7.23354005799996 ], [ 112.743041993000134, -7.23346614899998 ], [ 112.743232727000077, -7.233150004999914 ], [ 112.743278504000045, -7.233086108999942 ], [ 112.743453980000027, -7.232833384999935 ], [ 112.743515015000185, -7.232747077999875 ], [ 112.743583679000039, -7.232659816999956 ], [ 112.743820190000292, -7.232329845999914 ], [ 112.743927002000078, -7.232182978999958 ], [ 112.744178771000065, -7.23183011999987 ], [ 112.744712829000036, -7.231172561999927 ], [ 112.744819641000163, -7.231045245999951 ], [ 112.744903565000186, -7.230928897999888 ], [ 112.745086669000216, -7.230684278999945 ], [ 112.745193481000115, -7.230549812999811 ], [ 112.745246886000018, -7.230469225999968 ], [ 112.745399476000216, -7.230229854999891 ], [ 112.745468139000309, -7.230090140999948 ], [ 112.745689392000031, -7.230070112999897 ], [ 112.745948792000036, -7.230189800999938 ], [ 112.746215819000213, -7.230316161999951 ], [ 112.746383667000032, -7.230398654999931 ], [ 112.746498107000093, -7.23063039699997 ], [ 112.746643067000036, -7.230940818999898 ], [ 112.746688844, -7.231050013999891 ], [ 112.746742249000022, -7.231171131999872 ], [ 112.746833801000321, -7.231389998999873 ], [ 112.746894836000138, -7.231618879999871 ], [ 112.746803284000066, -7.232079981999959 ], [ 112.747138977000191, -7.232190131999971 ], [ 112.747322083000086, -7.232221125999956 ], [ 112.747978210000042, -7.232329845999914 ], [ 112.748336791000156, -7.232360839999899 ], [ 112.748558044000106, -7.232379912999875 ], [ 112.748641968000129, -7.232379912999875 ], [ 112.748908996000182, -7.232395171999883 ], [ 112.749000550000119, -7.232399939999937 ], [ 112.749267577000069, -7.23240995499998 ], [ 112.749374390000298, -7.232429027999956 ], [ 112.749488830000018, -7.232450008999933 ], [ 112.74977874800004, -7.232510089999892 ], [ 112.749999999000124, -7.232540130999894 ], [ 112.750259399000129, -7.232580184999961 ], [ 112.750396728000169, -7.232629774999964 ], [ 112.750999451000212, -7.2328472129999 ], [ 112.751197815000069, -7.232920168999897 ], [ 112.751380921000191, -7.232973098999935 ], [ 112.751739503000181, -7.233079910999891 ], [ 112.751991272000282, -7.233119962999922 ], [ 112.752128601000209, -7.233109949999971 ], [ 112.752380371000072, -7.233009814999946 ], [ 112.752456664000078, -7.232950209999899 ], [ 112.752510071000188, -7.233037471999921 ], [ 112.752616882000211, -7.233240126999931 ], [ 112.752746583000203, -7.23341989499994 ], [ 112.753227233000189, -7.233689306999963 ], [ 112.753639222000061, -7.233920097999942 ], [ 112.753890991000048, -7.234029770999882 ], [ 112.754028320000089, -7.234091758999966 ], [ 112.754119872000047, -7.234129904999975 ], [ 112.754470826000102, -7.234239577999915 ], [ 112.754676818000121, -7.234279154999911 ], [ 112.754951476000087, -7.234324454999921 ], [ 112.755050658000073, -7.234340189999898 ], [ 112.755233764000195, -7.23437023199989 ], [ 112.755577088000109, -7.234419821999893 ], [ 112.756660461000024, -7.23467016099994 ], [ 112.757629394000105, -7.234568118999903 ], [ 112.757637024000019, -7.234791278999921 ], [ 112.757698060000166, -7.235266685999932 ], [ 112.757843017000141, -7.235282421999955 ], [ 112.758171082000217, -7.235319613999934 ], [ 112.758399963000215, -7.235287189999895 ], [ 112.758483887000011, -7.235275268999885 ], [ 112.758750916000054, -7.235237121999944 ], [ 112.758819580000022, -7.235211370999934 ], [ 112.759017944000107, -7.235171793999939 ], [ 112.759338379000042, -7.235129831999927 ], [ 112.75946045000012, -7.235114573999908 ], [ 112.759757996000076, -7.235142229999894 ], [ 112.760040282000091, -7.235146045999954 ], [ 112.760490418000245, -7.235125541999935 ], [ 112.760849000000121, -7.235108851999883 ], [ 112.760963440000182, -7.235063551999872 ], [ 112.760978698000145, -7.234931467999957 ], [ 112.76113891600005, -7.234922407999932 ], [ 112.76129913300008, -7.234913824999921 ], [ 112.761566161000019, -7.234857081999962 ], [ 112.761703492000038, -7.234829425999976 ], [ 112.761787414000082, -7.234810829999958 ], [ 112.761947631000112, -7.234712122999952 ], [ 112.76206970200019, -7.234708309999974 ], [ 112.762168884000062, -7.234674930999972 ], [ 112.762298583000074, -7.234580038999923 ], [ 112.762359618, -7.234532831999957 ], [ 112.762535096000192, -7.234499454999934 ], [ 112.762657165000064, -7.234647274999929 ], [ 112.762962341000048, -7.234825610999906 ], [ 112.763099670000315, -7.234903333999966 ], [ 112.763191222000046, -7.23495101899988 ], [ 112.763710022000055, -7.235227106999901 ], [ 112.76410675000011, -7.235471247999953 ], [ 112.763923644000101, -7.235883712999964 ], [ 112.763900758000204, -7.235970496999869 ], [ 112.763702393000017, -7.236320017999844 ], [ 112.76356506400009, -7.236562728999957 ], [ 112.763168336000149, -7.237249851999934 ], [ 112.762939453000286, -7.237689971999941 ], [ 112.762771607000104, -7.23798704099994 ], [ 112.762542724000241, -7.238379954999914 ], [ 112.76239776500006, -7.238619803999882 ], [ 112.76219177300004, -7.239059923999946 ], [ 112.76190948500016, -7.23955011399994 ], [ 112.761756897000168, -7.239920138999935 ], [ 112.761596680000139, -7.240389823999976 ], [ 112.761466979000147, -7.240839957999981 ], [ 112.761405946000195, -7.241040706999968 ], [ 112.761375427000075, -7.241123197999968 ], [ 112.761253356000111, -7.241499900999884 ], [ 112.761207581, -7.24162006399996 ], [ 112.760940552000193, -7.242497919999948 ], [ 112.760810853000066, -7.242909906999841 ], [ 112.760787964000201, -7.242990015999965 ], [ 112.760627747000171, -7.243589878999956 ], [ 112.760581970000203, -7.243747710999969 ], [ 112.760429383000087, -7.244288920999963 ], [ 112.760231018000127, -7.244954109999981 ], [ 112.76013946400019, -7.245289802999935 ], [ 112.760108948000152, -7.245400428999915 ], [ 112.759986877000074, -7.245860099999959 ], [ 112.759948730000019, -7.245987415999934 ], [ 112.759849548000034, -7.246354102999874 ], [ 112.759742738000227, -7.246769904999894 ], [ 112.759712219000107, -7.246874809999895 ], [ 112.759689331000118, -7.246969221999962 ], [ 112.759635925000339, -7.247188089999952 ], [ 112.75956726000004, -7.247470855999893 ], [ 112.759506225000109, -7.247690200999955 ], [ 112.759452820000206, -7.248000144999935 ], [ 112.759262085000159, -7.248960017999934 ], [ 112.758888245000094, -7.248889921999933 ], [ 112.758331299000019, -7.248754977999852 ], [ 112.758232117000034, -7.248730181999917 ], [ 112.757957459000068, -7.248685359999968 ], [ 112.757797242000038, -7.248660086999905 ], [ 112.757698060000166, -7.248660086999905 ], [ 112.757568359000174, -7.248660086999905 ], [ 112.757316589000084, -7.248737334999873 ], [ 112.756416320000312, -7.249022482999976 ], [ 112.756141662, -7.249094008999919 ], [ 112.755958558000088, -7.249139785999887 ], [ 112.755653381000116, -7.249189853999951 ], [ 112.755378723000035, -7.249229907999961 ], [ 112.755249023000147, -7.249279974999922 ], [ 112.755096435000041, -7.249269961999914 ], [ 112.754791261000037, -7.249239920999912 ], [ 112.754005432000099, -7.249186992999967 ], [ 112.753829956000232, -7.249175070999968 ], [ 112.753601075, -7.249159334999888 ], [ 112.753250121000065, -7.249119280999878 ], [ 112.753288268, -7.248680114999956 ], [ 112.753311157000212, -7.248250006999967 ] ] ] ] } },
{ "type": "Feature", "properties": { "GID_3": "IDN.11.35.23_1", "GID_0": "IDN", "COUNTRY": "Indonesia", "GID_1": "IDN.11_1", "NAME_1": "Jawa Timur", "NL_NAME_1": "NA", "GID_2": "IDN.11.35_1", "NAME_2": "Surabaya", "NL_NAME_2": "NA", "NAME_3": "Suko Manunggal", "VARNAME_3": "NA", "NL_NAME_3": "NA", "TYPE_3": "Kecamatan", "ENGTYPE_3": "Sub-district", "CC_3": "3578160", "HASC_3": "NA", "LULC2021": 93, "LULC2022": 93, "LULC2023": 93, "LULC2024": 93, "Kecamatan": "Suko Manunggal", "UFSI": 5939108872740000.0, "Kelas_Gena": "Sedang", "n_titik_PU": 10, "Kelas_PU_2": "Tinggi", "Validasi": "Tidak Match", "Risiko_DBD": "3.026.415.877.266.710", "Kelas_DBD": "Rendah", "Ranking": 18 }, "geometry": { "type": "MultiPolygon", "coordinates": [ [ [ [ 112.701156615000173, -7.284112929999878 ], [ 112.701354980000019, -7.284345148999932 ], [ 112.701614379000034, -7.28416204499996 ], [ 112.701850890000173, -7.284369468999898 ], [ 112.702217102000077, -7.284519193999927 ], [ 112.702293455000131, -7.284552525999857 ], [ 112.702720641000269, -7.284204481999836 ], [ 112.703163147000282, -7.28384828499992 ], [ 112.704353333000199, -7.282818316999965 ], [ 112.704620362000014, -7.283109664999927 ], [ 112.705009461000145, -7.283120630999974 ], [ 112.706916810000052, -7.283544540999856 ], [ 112.70710754400011, -7.283586502999924 ], [ 112.708145142000149, -7.283817290999934 ], [ 112.708084107000104, -7.284128187999897 ], [ 112.707817077000072, -7.285337924999908 ], [ 112.707534789000192, -7.286532878999935 ], [ 112.707160949000126, -7.288283347999879 ], [ 112.707138061000023, -7.28836965499994 ], [ 112.706832886000257, -7.288341520999893 ], [ 112.706871033000084, -7.289679050999894 ], [ 112.705619812000123, -7.289488791999872 ], [ 112.705345154000042, -7.290101050999908 ], [ 112.70526886000016, -7.290255069999887 ], [ 112.704689026000324, -7.291369914999848 ], [ 112.704490661000023, -7.291723726999976 ], [ 112.704444885000157, -7.291812895999897 ], [ 112.704154968000012, -7.292078017999927 ], [ 112.703994751000209, -7.292112826999926 ], [ 112.703567506000127, -7.292849539999963 ], [ 112.703498840000066, -7.292974947999937 ], [ 112.703437805000135, -7.293072222999911 ], [ 112.702903747000164, -7.2929358479999 ], [ 112.700004578000176, -7.292193888999975 ], [ 112.698196411000026, -7.291632174999961 ], [ 112.697853088000102, -7.29152488699998 ], [ 112.697860718000015, -7.291450023999971 ], [ 112.697669982000093, -7.291399955999907 ], [ 112.697433471000181, -7.29125976499995 ], [ 112.69718170100009, -7.291120528999897 ], [ 112.695793151000316, -7.290345191999961 ], [ 112.695457458000192, -7.290157317999956 ], [ 112.694061280000142, -7.289659976999928 ], [ 112.694519044000117, -7.288317201999973 ], [ 112.69457244900002, -7.288087843999961 ], [ 112.694763183000191, -7.287152766999952 ], [ 112.694877624000014, -7.286604881999949 ], [ 112.694923401000096, -7.286385535999898 ], [ 112.695991516000163, -7.286401747999889 ], [ 112.696479798000041, -7.286482333999913 ], [ 112.696723938000105, -7.285538671999916 ], [ 112.696571350000113, -7.285412787999974 ], [ 112.69622039900014, -7.285245895999935 ], [ 112.694923401000096, -7.284907339999904 ], [ 112.695007324000017, -7.284545897999919 ], [ 112.694892884000183, -7.284523486999944 ], [ 112.694877624000014, -7.284396647999927 ], [ 112.694427490000066, -7.284293650999928 ], [ 112.696838378000052, -7.28219938299992 ], [ 112.69648742600009, -7.281781195999883 ], [ 112.696266174000129, -7.281524180999952 ], [ 112.696533203000058, -7.281310080999958 ], [ 112.696762084000284, -7.281141757999933 ], [ 112.696876525000107, -7.281060218999926 ], [ 112.697059631000116, -7.280879973999902 ], [ 112.697143555000139, -7.280789851999941 ], [ 112.697196960000042, -7.280708789999949 ], [ 112.696144103000051, -7.279398441999888 ], [ 112.695434570000089, -7.278507231999981 ], [ 112.694976806000227, -7.278470037999909 ], [ 112.694587707000096, -7.278428076999887 ], [ 112.694137574000024, -7.278409957999941 ], [ 112.693763734000186, -7.278366565999875 ], [ 112.69293975800008, -7.278270243999884 ], [ 112.692848206000122, -7.278260230999877 ], [ 112.692352295000205, -7.278200147999883 ], [ 112.692031860000043, -7.278170108999973 ], [ 112.691429139000206, -7.278130054999963 ], [ 112.691131593000136, -7.278059958999904 ], [ 112.690971375000117, -7.278009413999882 ], [ 112.690818786000023, -7.278420447999963 ], [ 112.690574647000062, -7.278597353999885 ], [ 112.68988800000011, -7.277835845999959 ], [ 112.689628600000333, -7.278049468999939 ], [ 112.688941955000132, -7.278611181999963 ], [ 112.688446045000092, -7.278007983999942 ], [ 112.687843324000028, -7.278496264999944 ], [ 112.687088013000221, -7.279055595999978 ], [ 112.685577393000244, -7.277132987999948 ], [ 112.685867309000059, -7.276851654999973 ], [ 112.685600281, -7.276505470999894 ], [ 112.685287476000326, -7.276111124999943 ], [ 112.685127259000183, -7.275989531999926 ], [ 112.685195922000048, -7.275108812999974 ], [ 112.684471131, -7.275027751999914 ], [ 112.684494019000113, -7.27466392499997 ], [ 112.684646607000332, -7.274679182999876 ], [ 112.684745789000203, -7.274403094999968 ], [ 112.685043335000159, -7.274387836999949 ], [ 112.685089112000128, -7.274320125999907 ], [ 112.685111999000128, -7.274249552999947 ], [ 112.685134887000231, -7.273950098999933 ], [ 112.685226441000168, -7.273941040999887 ], [ 112.685340882000105, -7.27395772899996 ], [ 112.685356140000181, -7.273646354999926 ], [ 112.685379028000057, -7.273230552999905 ], [ 112.685409545000084, -7.273141383999928 ], [ 112.685470580000015, -7.272920130999978 ], [ 112.68546295200008, -7.272826193999947 ], [ 112.68546295200008, -7.272640227999943 ], [ 112.685493469000107, -7.272240160999957 ], [ 112.685531616000276, -7.271629809999979 ], [ 112.685546874000124, -7.271349906999944 ], [ 112.685592651000093, -7.270870208999952 ], [ 112.685607909000282, -7.270649908999928 ], [ 112.685646056000337, -7.270275116999926 ], [ 112.685668945000202, -7.269958971999927 ], [ 112.685676575000116, -7.269859789999884 ], [ 112.685699463000219, -7.269690036999975 ], [ 112.685722352000084, -7.269511222999938 ], [ 112.685737610000274, -7.269400119999887 ], [ 112.685768127000074, -7.268980025999952 ], [ 112.685836792000146, -7.268290042999979 ], [ 112.685867309000059, -7.268025398999896 ], [ 112.685935974000017, -7.267367839999963 ], [ 112.685951233000083, -7.267210005999971 ], [ 112.685997010000051, -7.266825199999914 ], [ 112.685989260000156, -7.266736018999893 ], [ 112.68631700100002, -7.266758 ], [ 112.686363143000108, -7.266254971999899 ], [ 112.686453897000092, -7.266261619999909 ], [ 112.686569214000201, -7.266270160999909 ], [ 112.686736119000216, -7.2662928929999 ], [ 112.68708038300008, -7.266339779999896 ], [ 112.687423707000107, -7.266389846999971 ], [ 112.687444874000107, -7.266392732999918 ], [ 112.687507658000186, -7.266400953999891 ], [ 112.687690734000057, -7.264174460999868 ], [ 112.687753001000146, -7.263432705999946 ], [ 112.687805175000221, -7.262811183999872 ], [ 112.687823020000337, -7.262603106999961 ], [ 112.687858798000093, -7.262188568999875 ], [ 112.687957780000147, -7.262251858999946 ], [ 112.688201903000163, -7.262357710999936 ], [ 112.6883769760002, -7.262418201999878 ], [ 112.688606001000039, -7.262496999999826 ], [ 112.688658396000051, -7.262260649999973 ], [ 112.688697814000079, -7.262081622999915 ], [ 112.68877511200003, -7.262004324999907 ], [ 112.688835, -7.261943998999811 ], [ 112.688881472000162, -7.261896516999968 ], [ 112.688926697000056, -7.261849879999943 ], [ 112.688949586000149, -7.261739731999967 ], [ 112.688954471000102, -7.261671012999955 ], [ 112.688957214000084, -7.26163244199995 ], [ 112.689041033000308, -7.261361077999879 ], [ 112.68906402600021, -7.261051176999899 ], [ 112.68906483100011, -7.261040601999923 ], [ 112.689071656000124, -7.260951041999874 ], [ 112.689056816000061, -7.260946702999888 ], [ 112.689018891000046, -7.260935612999958 ], [ 112.68885806000003, -7.260888583999872 ], [ 112.688866890000213, -7.260835424999925 ], [ 112.688874880000185, -7.260787481999955 ], [ 112.688934325000218, -7.260430812999914 ], [ 112.688976513000171, -7.260184425999967 ], [ 112.688993830000072, -7.260083288999965 ], [ 112.689002960000266, -7.26002997199987 ], [ 112.689163208000195, -7.260169982999912 ], [ 112.6894226080002, -7.26029682199993 ], [ 112.689643861000263, -7.25936078999996 ], [ 112.689682007000101, -7.259233951999931 ], [ 112.689773559000173, -7.258944510999982 ], [ 112.689910888000099, -7.258779047999951 ], [ 112.689926147000051, -7.258702276999884 ], [ 112.690032959000177, -7.258172511999931 ], [ 112.690284728000051, -7.257364748999976 ], [ 112.690757751000092, -7.255887031999919 ], [ 112.691131593000136, -7.254561422999927 ], [ 112.691320827000141, -7.254610369999909 ], [ 112.691503134000186, -7.254657524999971 ], [ 112.691627503000063, -7.254689693999978 ], [ 112.691763828000262, -7.254159600999913 ], [ 112.691891449000082, -7.253663349999897 ], [ 112.692122939000228, -7.252761238999938 ], [ 112.692072907000011, -7.25274715799992 ], [ 112.692057684000019, -7.252742876999946 ], [ 112.692047119000335, -7.252739904999942 ], [ 112.692276001000096, -7.251616954999974 ], [ 112.692619323000258, -7.251476287999935 ], [ 112.693702698000152, -7.250761509999961 ], [ 112.6941452020003, -7.250469683999881 ], [ 112.695243836000031, -7.249720572999877 ], [ 112.69550323500016, -7.24957704499991 ], [ 112.695594787000118, -7.249514103999957 ], [ 112.695526124000025, -7.249359606999974 ], [ 112.695404053000061, -7.248893736999946 ], [ 112.695205689000204, -7.248627661999876 ], [ 112.695007324000017, -7.248178480999911 ], [ 112.695045471000071, -7.248078823999947 ], [ 112.695182800000225, -7.247895240999924 ], [ 112.695487977000084, -7.248112200999969 ], [ 112.695693969000104, -7.24834489899996 ], [ 112.695739746000072, -7.248544692999928 ], [ 112.695724488000224, -7.248710630999824 ], [ 112.695610046000184, -7.248893736999946 ], [ 112.695610046000184, -7.249076842999898 ], [ 112.695655823000152, -7.249376296999912 ], [ 112.695701599000017, -7.249489307999966 ], [ 112.695793151000316, -7.249742031999972 ], [ 112.696006774000011, -7.249875067999881 ], [ 112.69648742600009, -7.24982500099992 ], [ 112.696708679000039, -7.249875067999881 ], [ 112.696807861000252, -7.250024794999945 ], [ 112.696929932000103, -7.250271796999925 ], [ 112.697006226000099, -7.250407217999964 ], [ 112.697250367000265, -7.25088977799993 ], [ 112.69754028300008, -7.251222133999875 ], [ 112.697853088000102, -7.251421927999957 ], [ 112.69812011800002, -7.251388548999955 ], [ 112.698402404000149, -7.251305579999951 ], [ 112.698699950000218, -7.251122473999885 ], [ 112.698753357000101, -7.250956058999975 ], [ 112.698951722000061, -7.250706671999865 ], [ 112.698898315000065, -7.250490664999916 ], [ 112.698783874000014, -7.250357627999961 ], [ 112.698585510000157, -7.250274181999941 ], [ 112.698402404000149, -7.250141142999951 ], [ 112.698287963000325, -7.250058173999946 ], [ 112.698249817000033, -7.249891756999943 ], [ 112.698249817000033, -7.24972534099993 ], [ 112.698333740000294, -7.249526023999977 ], [ 112.698654175000115, -7.249359606999974 ], [ 112.698867798000038, -7.249243258999911 ], [ 112.699150086000031, -7.249243258999911 ], [ 112.699363709000181, -7.249193190999961 ], [ 112.699684144000116, -7.24929285099995 ], [ 112.699851989000081, -7.249341963999939 ], [ 112.700164794000102, -7.24920987999991 ], [ 112.700294495000094, -7.248993396999936 ], [ 112.700614930000029, -7.248843669999928 ], [ 112.700851441000168, -7.248857020999935 ], [ 112.700996398000029, -7.24877738899994 ], [ 112.701141357000211, -7.248737334999873 ], [ 112.701301575000116, -7.248737334999873 ], [ 112.701438904000042, -7.248857020999935 ], [ 112.701553344000104, -7.249083518999953 ], [ 112.701599121000072, -7.249356268999975 ], [ 112.701591491000272, -7.249502657999869 ], [ 112.701400757000101, -7.249635696999974 ], [ 112.701232911000147, -7.249768732999883 ], [ 112.701103210000156, -7.249853609999889 ], [ 112.700973511000143, -7.249954699999819 ], [ 112.700881957000206, -7.250008106999871 ], [ 112.7008056640002, -7.250034332999917 ], [ 112.700721740000176, -7.250061511999945 ], [ 112.700553894000109, -7.250074862999895 ], [ 112.700378419000117, -7.250114439999891 ], [ 112.700271606000229, -7.250167846999943 ], [ 112.700218201000212, -7.250274181999941 ], [ 112.700149536000254, -7.250354290999951 ], [ 112.700180054000157, -7.250526903999912 ], [ 112.700218201000212, -7.250713347999977 ], [ 112.700241090000191, -7.250926494999931 ], [ 112.700340272000062, -7.251258849999886 ], [ 112.700485229000037, -7.251538275999906 ], [ 112.700531006, -7.251790045999883 ], [ 112.700622558000305, -7.252079963999961 ], [ 112.700798036000265, -7.252379892999841 ], [ 112.700874329000271, -7.252460956999869 ], [ 112.700958251000088, -7.25255012599996 ], [ 112.701065063000101, -7.252630709999892 ], [ 112.701187134000179, -7.252735614999949 ], [ 112.70130920500003, -7.252844809999942 ], [ 112.701408387000015, -7.252870082999891 ], [ 112.701522827000076, -7.252940653999872 ], [ 112.701545716000169, -7.253033638999909 ], [ 112.701545716000169, -7.253173827999888 ], [ 112.701377868000122, -7.253291130999912 ], [ 112.701301575000116, -7.253345965999927 ], [ 112.701194762000227, -7.253428459999895 ], [ 112.701156615000173, -7.253497599999946 ], [ 112.701156615000173, -7.253628253999921 ], [ 112.70124816900011, -7.253731726999945 ], [ 112.701370240000188, -7.253711222999925 ], [ 112.701454162, -7.253621578999969 ], [ 112.701576232000207, -7.253573416999927 ], [ 112.701683045000209, -7.253539084999829 ], [ 112.70179748500027, -7.25353193199993 ], [ 112.701904298000159, -7.253539084999829 ], [ 112.701972961000024, -7.253573416999927 ], [ 112.702056885000047, -7.253587244999892 ], [ 112.702217102000077, -7.253663062999976 ], [ 112.7023010260001, -7.253745554999966 ], [ 112.702362061000258, -7.253804206999916 ], [ 112.7023239130001, -7.254163263999942 ], [ 112.70231628400029, -7.254310607999969 ], [ 112.702262879000045, -7.254821776999904 ], [ 112.702262879000045, -7.254901408999899 ], [ 112.702247619000218, -7.254986762999977 ], [ 112.702552796000191, -7.25487613699994 ], [ 112.703582764000089, -7.25477027799991 ], [ 112.70397949200003, -7.254681585999947 ], [ 112.704360963000113, -7.254734515999871 ], [ 112.704811096000299, -7.254743575999896 ], [ 112.705032349000021, -7.254719732999888 ], [ 112.70537567100007, -7.254681585999947 ], [ 112.705657959000291, -7.254531383999961 ], [ 112.705726624000022, -7.254503249999914 ], [ 112.705970763000096, -7.254398822999974 ], [ 112.706237793000128, -7.254240034999896 ], [ 112.706581117000155, -7.254213333999928 ], [ 112.706954957000107, -7.254213333999928 ], [ 112.707260131000339, -7.254230974999871 ], [ 112.707496642000137, -7.254213333999928 ], [ 112.707855224000127, -7.25409841599992 ], [ 112.708129882000094, -7.253921984999977 ], [ 112.708450317000029, -7.253798484999948 ], [ 112.708686828000168, -7.253767490999962 ], [ 112.70870208700012, -7.253535746999887 ], [ 112.708900451000204, -7.253550052999913 ], [ 112.709030152000196, -7.253530024999975 ], [ 112.709297179000146, -7.253495215999919 ], [ 112.709808350000117, -7.253427026999873 ], [ 112.709930419000102, -7.253237723999916 ], [ 112.710037231000115, -7.253078460999973 ], [ 112.710227966000161, -7.252795694999975 ], [ 112.710372925000115, -7.252548217999902 ], [ 112.710464477000073, -7.252398013999937 ], [ 112.710525512000117, -7.252271652999923 ], [ 112.710586547000048, -7.252150534999942 ], [ 112.710983276000093, -7.252177238999934 ], [ 112.710922241000162, -7.252550600999939 ], [ 112.710990906, -7.25276899399995 ], [ 112.711181640000177, -7.252998828999978 ], [ 112.711387635000051, -7.253157614999964 ], [ 112.711723328000062, -7.25341415399987 ], [ 112.712036133000083, -7.253510950999896 ], [ 112.712493896000069, -7.253502367999886 ], [ 112.7128829950002, -7.253475666999975 ], [ 112.712928772000168, -7.253559112999881 ], [ 112.713066101000095, -7.253820417999918 ], [ 112.712432861000025, -7.25397920599994 ], [ 112.71231079100005, -7.254016399999955 ], [ 112.712387084000056, -7.254139899999871 ], [ 112.712448119000101, -7.25425004899995 ], [ 112.712585448000027, -7.254669189999959 ], [ 112.712692261000029, -7.255000113999927 ], [ 112.712722777000067, -7.255090236999933 ], [ 112.712852478000059, -7.255119800999978 ], [ 112.712928772000168, -7.255143642999883 ], [ 112.713020324000126, -7.255169868999928 ], [ 112.713249207000104, -7.255330085999958 ], [ 112.713493348000156, -7.255599975999928 ], [ 112.713623047000169, -7.255780219999963 ], [ 112.713729859000068, -7.255839824999953 ], [ 112.713905335000049, -7.255877016999932 ], [ 112.714012145000197, -7.255899905999854 ], [ 112.714340210000046, -7.256110190999948 ], [ 112.714302064000094, -7.256219862999956 ], [ 112.714256287000126, -7.25649023099993 ], [ 112.714248656000109, -7.256599902999938 ], [ 112.714202881, -7.256969927999933 ], [ 112.714179993000016, -7.257115839999926 ], [ 112.714157104000037, -7.257279872999902 ], [ 112.714103699000134, -7.257659912999884 ], [ 112.714050292000024, -7.257979869999929 ], [ 112.714019775000111, -7.258163928999863 ], [ 112.713989259000073, -7.258343219999972 ], [ 112.713920593000012, -7.258719919999919 ], [ 112.713867188000336, -7.25896978399993 ], [ 112.713859558000081, -7.259059905999834 ], [ 112.713829041000167, -7.259244919999958 ], [ 112.713783264000199, -7.25949001399988 ], [ 112.71373748700023, -7.259769916999971 ], [ 112.713653564000083, -7.260293483999931 ], [ 112.713592530000028, -7.260639189999949 ], [ 112.713577270000201, -7.260709762999909 ], [ 112.713562012000011, -7.260859965999884 ], [ 112.71352386500007, -7.26105165499996 ], [ 112.713493348000156, -7.26124000599998 ], [ 112.713470460000053, -7.261337279999964 ], [ 112.713447571000188, -7.261482238999974 ], [ 112.713317870000196, -7.262279986999886 ], [ 112.713310242000261, -7.26237010899996 ], [ 112.713279723000142, -7.262609957999928 ], [ 112.713256835000038, -7.262852668999926 ], [ 112.713226318000125, -7.263110160999929 ], [ 112.713211060000049, -7.263220310999884 ], [ 112.71310424800015, -7.264028548999875 ], [ 112.71302795400004, -7.264579771999934 ], [ 112.712997437000013, -7.264808177999896 ], [ 112.712928772000168, -7.265550612999959 ], [ 112.71283722000021, -7.266354560999957 ], [ 112.712715149000019, -7.267073153999888 ], [ 112.712600709000071, -7.267358779999938 ], [ 112.712417603000063, -7.267568587999961 ], [ 112.712150573000145, -7.26774215599994 ], [ 112.712074279000035, -7.267937181999969 ], [ 112.71195220900006, -7.268156527999849 ], [ 112.711967469000115, -7.268453598999827 ], [ 112.71190643400007, -7.268774508999911 ], [ 112.711700439000083, -7.269242762999909 ], [ 112.711517333000188, -7.269834995999815 ], [ 112.71145629800003, -7.270042418999935 ], [ 112.711471558000198, -7.270189284999901 ], [ 112.711418151000089, -7.270457267999973 ], [ 112.711395263000213, -7.270534038999926 ], [ 112.711372376000327, -7.270636080999907 ], [ 112.711341858000083, -7.270739077999906 ], [ 112.711250306000011, -7.270958423999957 ], [ 112.71109771600004, -7.271405219999963 ], [ 112.711067200000116, -7.271505354999931 ], [ 112.711051941000051, -7.271580217999883 ], [ 112.710922241000162, -7.272099971999978 ], [ 112.710899354000276, -7.272182463999968 ], [ 112.710838319000118, -7.272419929999899 ], [ 112.710807800000339, -7.272573471999976 ], [ 112.710723876000316, -7.272912024999926 ], [ 112.710700990000078, -7.273019789999978 ], [ 112.710670471000071, -7.273139952999884 ], [ 112.709518432000095, -7.273053168999979 ], [ 112.70878601000004, -7.272971629999972 ], [ 112.70876312200005, -7.27329397099993 ], [ 112.708747864000088, -7.273580550999839 ], [ 112.708671570000206, -7.27454709899996 ], [ 112.708602904000031, -7.275715350999974 ], [ 112.708496094000225, -7.275725364999914 ], [ 112.70793914800015, -7.275895117999937 ], [ 112.708023072000174, -7.275960445999942 ], [ 112.7081527710003, -7.276096343999882 ], [ 112.708221436000031, -7.276576994999971 ], [ 112.708221436000031, -7.27717113499989 ], [ 112.708114624000132, -7.278434753999932 ], [ 112.708023072000174, -7.279032706999942 ], [ 112.707977295000205, -7.279139518999955 ], [ 112.707191468000133, -7.278915403999974 ], [ 112.707115174000023, -7.279157160999944 ], [ 112.706253052000079, -7.278873443999885 ], [ 112.704887390000067, -7.277216911999972 ], [ 112.704635621000079, -7.277448652999965 ], [ 112.704063416000054, -7.277870177999944 ], [ 112.703956604000155, -7.277949808999949 ], [ 112.703704834000064, -7.278133869999976 ], [ 112.703567506000127, -7.278250217999926 ], [ 112.7034301770002, -7.278369902999884 ], [ 112.703300476000209, -7.278480052999953 ], [ 112.703147888000217, -7.278600216999962 ], [ 112.703002929000036, -7.278743743999939 ], [ 112.703269959000068, -7.27906131799989 ], [ 112.702507019000222, -7.279690264999886 ], [ 112.701316833000078, -7.280678748999946 ], [ 112.701126099000135, -7.280827998999882 ], [ 112.699539184000059, -7.282107828999926 ], [ 112.700363158000187, -7.283090114999936 ], [ 112.700576783000201, -7.283346651999977 ], [ 112.70028686500018, -7.283593177999876 ], [ 112.700561523000147, -7.28397130899998 ], [ 112.700828552000303, -7.283722876999946 ], [ 112.701156615000173, -7.284112929999878 ] ] ] ] } },
{ "type": "Feature", "properties": { "GID_3": "IDN.11.35.24_1", "GID_0": "IDN", "COUNTRY": "Indonesia", "GID_1": "IDN.11_1", "NAME_1": "Jawa Timur", "NL_NAME_1": "NA", "GID_2": "IDN.11.35_1", "NAME_2": "Surabaya", "NL_NAME_2": "NA", "NAME_3": "Sukolilo", "VARNAME_3": "NA", "NL_NAME_3": "NA", "TYPE_3": "Kecamatan", "ENGTYPE_3": "Sub-district", "CC_3": "3578080", "HASC_3": "NA", "LULC2021": 49, "LULC2022": 49, "LULC2023": 49, "LULC2024": 49, "Kecamatan": "Sukolilo", "UFSI": 4943114643750000.0, "Kelas_Gena": "Sedang", "n_titik_PU": 10, "Kelas_PU_2": "Tinggi", "Validasi": "Tidak Match", "Risiko_DBD": "32.231.497.002.893.300", "Kelas_DBD": "Rendah", "Ranking": 23 }, "geometry": { "type": "MultiPolygon", "coordinates": [ [ [ [ 112.762039185000049, -7.305620669999882 ], [ 112.76206970200019, -7.305500029999962 ], [ 112.762130737, -7.305089950999957 ], [ 112.762130737, -7.304986952999968 ], [ 112.762092591000055, -7.303963659999908 ], [ 112.76206970200019, -7.303289890999963 ], [ 112.762039185000049, -7.301489828999877 ], [ 112.762039185000049, -7.301270006999971 ], [ 112.762039185000049, -7.301179884999897 ], [ 112.762039185000049, -7.300656794999952 ], [ 112.762031555000135, -7.299709795999945 ], [ 112.762016297000287, -7.299429892999967 ], [ 112.762016297000287, -7.299223899999959 ], [ 112.762008667000032, -7.298560141999928 ], [ 112.762001039000097, -7.297920226999963 ], [ 112.762039185000049, -7.297389506999821 ], [ 112.762046814000087, -7.29718017499988 ], [ 112.762138368000024, -7.296181200999854 ], [ 112.762176514000316, -7.295700072999921 ], [ 112.762222289000078, -7.295278547999942 ], [ 112.76223755, -7.295131683999955 ], [ 112.76226043600002, -7.294899462999922 ], [ 112.762283325000226, -7.294586180999943 ], [ 112.762321472000053, -7.29398012199988 ], [ 112.76235199000007, -7.293620107999971 ], [ 112.762451172000169, -7.293584823999879 ], [ 112.762458801000093, -7.293499946999873 ], [ 112.762489319000224, -7.293190002999893 ], [ 112.762542724000241, -7.292590139999902 ], [ 112.76257324300002, -7.292119979999825 ], [ 112.762580871000068, -7.292039870999929 ], [ 112.762603760000161, -7.291790007999964 ], [ 112.762619018, -7.291570186999877 ], [ 112.762641906000113, -7.291320322999979 ], [ 112.762680053000167, -7.290979861999972 ], [ 112.762863159000062, -7.290100097999925 ], [ 112.762893676000317, -7.289921759999913 ], [ 112.762969972000064, -7.289569853999922 ], [ 112.762985230000254, -7.289476870999977 ], [ 112.763000488000102, -7.289402960999894 ], [ 112.763038635000157, -7.289157390999947 ], [ 112.763160706, -7.289185047999979 ], [ 112.763702393000017, -7.289302347999921 ], [ 112.763793945000089, -7.289149283999961 ], [ 112.764023314000042, -7.289174478999939 ], [ 112.764045715000179, -7.289176939999948 ], [ 112.764068603000283, -7.289075374999868 ], [ 112.764129639000203, -7.288546562999898 ], [ 112.764129639000203, -7.288417338999977 ], [ 112.764222107000023, -7.288434676999884 ], [ 112.76432800300006, -7.288454532999936 ], [ 112.764337065000291, -7.288407277999966 ], [ 112.764381, -7.288176 ], [ 112.764442, -7.287866999999892 ], [ 112.764328000000205, -7.287839 ], [ 112.764336889000106, -7.287797178999824 ], [ 112.764450074000138, -7.287265299999945 ], [ 112.764511109000296, -7.286987304999968 ], [ 112.764892579000048, -7.287049292999939 ], [ 112.764918619000127, -7.28687080799989 ], [ 112.764938, -7.286736 ], [ 112.764999000000103, -7.286319999999876 ], [ 112.765022, -7.286135 ], [ 112.765047530000061, -7.285836672999949 ], [ 112.765075683000077, -7.285503862999974 ], [ 112.76509857200017, -7.28533744799995 ], [ 112.765358000000106, -7.285366999999894 ], [ 112.76538508200008, -7.285160552999969 ], [ 112.765419006000229, -7.284901618999982 ], [ 112.765907287, -7.284959791999881 ], [ 112.765892029000156, -7.285112381999966 ], [ 112.765888263000079, -7.285146630999975 ], [ 112.76586200700001, -7.285389936999934 ], [ 112.76597184700006, -7.285398055999906 ], [ 112.766571000000113, -7.285442 ], [ 112.766572120000205, -7.285388785999942 ], [ 112.766578674000016, -7.285062311999923 ], [ 112.767715454000154, -7.285065174999886 ], [ 112.768356324000024, -7.285104273999934 ], [ 112.768363163000345, -7.284963420999929 ], [ 112.7683715820001, -7.284790038999972 ], [ 112.768382734000056, -7.284644601999901 ], [ 112.768394471000079, -7.284491537999941 ], [ 112.768394471000079, -7.284319876999973 ], [ 112.768465338000055, -7.284328734999974 ], [ 112.768638610000153, -7.28435039399983 ], [ 112.768702629000018, -7.284358929999826 ], [ 112.768753000000174, -7.284365646999959 ], [ 112.768753000000174, -7.284179 ], [ 112.768755493000299, -7.284168238999939 ], [ 112.76879112600011, -7.284015014999966 ], [ 112.769149781000237, -7.284056662999944 ], [ 112.769249826000078, -7.28406715199992 ], [ 112.769386292000036, -7.284081458999935 ], [ 112.769524550000028, -7.284097141999837 ], [ 112.769592034000198, -7.284104796999941 ], [ 112.769615000000272, -7.283967 ], [ 112.769638000000214, -7.283879999999897 ], [ 112.769653293000147, -7.283782925999958 ], [ 112.769706725000106, -7.28344154399997 ], [ 112.76972261700007, -7.283372762999932 ], [ 112.769737244000112, -7.283309459999941 ], [ 112.769769006000047, -7.283199681999918 ], [ 112.769813537000118, -7.283045767999965 ], [ 112.769874573000038, -7.282855985999902 ], [ 112.770001047000164, -7.282465304999903 ], [ 112.77012634200014, -7.282078264999939 ], [ 112.770180639000046, -7.282013526999833 ], [ 112.770225524000011, -7.281960008999931 ], [ 112.770291766000128, -7.281943088999867 ], [ 112.770401000000106, -7.281915 ], [ 112.770441410000103, -7.281676513999912 ], [ 112.770462035000151, -7.281554697999979 ], [ 112.770530701000098, -7.281145095999932 ], [ 112.77092683800015, -7.281214167999963 ], [ 112.771583558000088, -7.281328676999919 ], [ 112.771903993000024, -7.281384944999957 ], [ 112.772000042000059, -7.281407850999813 ], [ 112.772193909000066, -7.281454085999883 ], [ 112.772291440000231, -7.281483588999947 ], [ 112.772384643, -7.281511782999871 ], [ 112.772537232000104, -7.281559942999934 ], [ 112.772656918000052, -7.281583110999918 ], [ 112.773086548000265, -7.281666277999875 ], [ 112.773529052000072, -7.281751154999881 ], [ 112.775962830000026, -7.282163143999867 ], [ 112.776123048000159, -7.282193182999947 ], [ 112.776451111000029, -7.282209395999871 ], [ 112.776817321000181, -7.282250404999957 ], [ 112.777132975000313, -7.282286825999961 ], [ 112.777511596000295, -7.28233051199993 ], [ 112.777732849000017, -7.282352924999941 ], [ 112.778315771000166, -7.282282861999931 ], [ 112.779320000000212, -7.282162 ], [ 112.779396000000247, -7.282153 ], [ 112.779418840000176, -7.282150280999929 ], [ 112.779479980000133, -7.282142637999925 ], [ 112.780754090000187, -7.281969546999903 ], [ 112.780842222000047, -7.281973219999941 ], [ 112.780891419000113, -7.281975269999975 ], [ 112.781158447000166, -7.28198909799994 ], [ 112.781425000000127, -7.282000043999972 ], [ 112.781425476000095, -7.282230853999977 ], [ 112.781433105000133, -7.282403944999885 ], [ 112.781433105000133, -7.282552241999895 ], [ 112.781425483000021, -7.28262894199986 ], [ 112.781573528000081, -7.282611029999885 ], [ 112.781829833000074, -7.282579897999881 ], [ 112.781829833000074, -7.282777784999894 ], [ 112.781829833000074, -7.282999992999919 ], [ 112.781829833000074, -7.283249854999895 ], [ 112.781829833000074, -7.283480167999926 ], [ 112.781829833000074, -7.283559798999875 ], [ 112.781829833000074, -7.283690929999977 ], [ 112.781829833000074, -7.283900737999943 ], [ 112.781826312000248, -7.284075709999911 ], [ 112.781822205000026, -7.284279822999963 ], [ 112.781822205000026, -7.284498157999963 ], [ 112.783251000000178, -7.284447999999884 ], [ 112.783958, -7.284423 ], [ 112.784004, -7.284214 ], [ 112.785065, -7.28422 ], [ 112.785106, -7.28422 ], [ 112.785164, -7.284221 ], [ 112.785248, -7.283853 ], [ 112.785278, -7.283722 ], [ 112.785301000000118, -7.283624 ], [ 112.785400000000209, -7.283210999999881 ], [ 112.785522, -7.282687 ], [ 112.785568, -7.282497 ], [ 112.785606, -7.282349 ], [ 112.785751000000118, -7.28183 ], [ 112.785699, -7.281826 ], [ 112.785561, -7.281816 ], [ 112.78566, -7.281137 ], [ 112.785686, -7.280957999999885 ], [ 112.785728000000177, -7.280675 ], [ 112.785716000000207, -7.280594 ], [ 112.785706000000118, -7.280524 ], [ 112.785669, -7.280178 ], [ 112.785652, -7.280012 ], [ 112.78437, -7.280145 ], [ 112.784088000000111, -7.278477 ], [ 112.784021000000166, -7.27795 ], [ 112.783890000000156, -7.27693 ], [ 112.784012, -7.276909999999873 ], [ 112.784119, -7.27689 ], [ 112.784233, -7.27687 ], [ 112.784281544, -7.276857256999961 ], [ 112.784312913, -7.276849153999933 ], [ 112.784347534000176, -7.276840208999886 ], [ 112.784469604000151, -7.276820182999927 ], [ 112.784591675000343, -7.276800154999933 ], [ 112.784713746000079, -7.27677011399993 ], [ 112.784828186000141, -7.276750087999972 ], [ 112.784957885000267, -7.27672004599998 ], [ 112.785049938000157, -7.27669739199996 ], [ 112.785079940000173, -7.276690013999882 ], [ 112.78521000000012, -7.27667 ], [ 112.785332, -7.27664 ], [ 112.785454, -7.27662 ], [ 112.785568, -7.276599998999927 ], [ 112.785683001000052, -7.276569998999889 ], [ 112.785782000000154, -7.27655 ], [ 112.785881, -7.27653 ], [ 112.785980000000222, -7.27651 ], [ 112.78602, -7.27650199999988 ], [ 112.78603251100003, -7.276499454999964 ], [ 112.786079407000216, -7.276490210999953 ], [ 112.786178589000201, -7.276470183999891 ], [ 112.786277771000073, -7.276450155999953 ], [ 112.786376953000058, -7.276430129999881 ], [ 112.786483764000309, -7.276410101999943 ], [ 112.786584411000035, -7.276391230999934 ], [ 112.786697388000221, -7.276370047999876 ], [ 112.786804018000339, -7.276351388999956 ], [ 112.786832077000099, -7.27634647699989 ], [ 112.786926269000105, -7.276329992999933 ], [ 112.786964628000305, -7.276321602999872 ], [ 112.787063999000111, -7.276299998999946 ], [ 112.787193001000105, -7.276269998999965 ], [ 112.787330999, -7.27623999899987 ], [ 112.787482999000304, -7.276209998999946 ], [ 112.787563001000194, -7.276195 ], [ 112.78764300100022, -7.276180000999886 ], [ 112.787714393000101, -7.276166696999951 ], [ 112.787766796000028, -7.276157026999954 ], [ 112.787803650000114, -7.276150226999903 ], [ 112.787971496000182, -7.27611017299995 ], [ 112.788139344000342, -7.276080130999958 ], [ 112.78832245000001, -7.276040076999948 ], [ 112.788490295000202, -7.276000022999938 ], [ 112.78867340100021, -7.275959967999881 ], [ 112.788757325, -7.275939464999965 ], [ 112.788824841000178, -7.275923735999982 ], [ 112.788836760000095, -7.275920958999961 ], [ 112.789009094000221, -7.275889872999926 ], [ 112.789176940000061, -7.275849817999926 ], [ 112.789352418000021, -7.275809763999973 ], [ 112.789445219000299, -7.275786839999967 ], [ 112.789480520000097, -7.275778119999927 ], [ 112.789512635000051, -7.275770186999978 ], [ 112.789665223000043, -7.275770186999978 ], [ 112.789733105000096, -7.275760394999963 ], [ 112.789764405000028, -7.275755880999952 ], [ 112.789878845000089, -7.275661943999921 ], [ 112.790115356000229, -7.275613783999916 ], [ 112.790344239000092, -7.275567531999911 ], [ 112.79043579100005, -7.276115417999961 ], [ 112.792472839000197, -7.275660513999981 ], [ 112.792625427000189, -7.275626181999883 ], [ 112.792823791000046, -7.275583267999878 ], [ 112.793121337000343, -7.275520324999945 ], [ 112.793876648000037, -7.275360106999926 ], [ 112.795120238000095, -7.275105 ], [ 112.795745850000344, -7.274970053999937 ], [ 112.79659271200012, -7.274785517999874 ], [ 112.796752930000025, -7.274751663999837 ], [ 112.796867370000086, -7.27473211299997 ], [ 112.797348023000154, -7.274649143999966 ], [ 112.797821045000205, -7.274559974999875 ], [ 112.798240662000012, -7.274371145999964 ], [ 112.79862976000004, -7.274356364999903 ], [ 112.799362182000095, -7.274317740999891 ], [ 112.799430848000043, -7.27448177399998 ], [ 112.799842835000163, -7.276235102999919 ], [ 112.799888612000132, -7.276418684999896 ], [ 112.799926758000083, -7.276587484999936 ], [ 112.799957275000224, -7.276717185999928 ], [ 112.800033569000107, -7.277026175999936 ], [ 112.800086976000216, -7.277193545999978 ], [ 112.800300598000263, -7.277921676999938 ], [ 112.800331115000063, -7.278028487999961 ], [ 112.800384522000058, -7.278204917999915 ], [ 112.800422669000113, -7.278320788999906 ], [ 112.800476074000017, -7.278515814999878 ], [ 112.800521851000212, -7.278669834999903 ], [ 112.800582887000132, -7.278859613999884 ], [ 112.800628662, -7.279016970999976 ], [ 112.800727844000107, -7.279339313999969 ], [ 112.800788879000038, -7.279557226999884 ], [ 112.800834656, -7.279709338999965 ], [ 112.800872803000061, -7.279824733999931 ], [ 112.801063537000232, -7.279896734999909 ], [ 112.801094056000011, -7.279994964999958 ], [ 112.801116944000114, -7.280106544999967 ], [ 112.80113220200019, -7.280222892999973 ], [ 112.801162719000104, -7.280355928999882 ], [ 112.801177979000158, -7.28044080799998 ], [ 112.801193238000224, -7.280517576999955 ], [ 112.801223754000262, -7.280655382999896 ], [ 112.801208496000072, -7.281731128999979 ], [ 112.801223754000262, -7.281929014999946 ], [ 112.801223754000262, -7.282088279999869 ], [ 112.801216126000213, -7.282251357999883 ], [ 112.801208496000072, -7.282420157999979 ], [ 112.801200866000158, -7.282586573999879 ], [ 112.801200866000158, -7.282684802999938 ], [ 112.801162719000104, -7.282772539999939 ], [ 112.801002502000074, -7.282989024999893 ], [ 112.800933838000105, -7.283089159999918 ], [ 112.800933838000105, -7.283220767999978 ], [ 112.80094146600004, -7.283371447999912 ], [ 112.80094146600004, -7.28349494899993 ], [ 112.800811768000131, -7.283736227999896 ], [ 112.800773621000076, -7.283821581999973 ], [ 112.800712585000156, -7.283983706999948 ], [ 112.800605773000029, -7.284251688999916 ], [ 112.800529344000211, -7.284469802999922 ], [ 112.800964815000043, -7.284475481999948 ], [ 112.801483154000039, -7.284482479999895 ], [ 112.801612344000091, -7.284527372999889 ], [ 112.801674, -7.284549 ], [ 112.802268987000161, -7.284760995999875 ], [ 112.802291897000259, -7.284947859999875 ], [ 112.802375793000124, -7.284912584999972 ], [ 112.802474975000109, -7.284927367999956 ], [ 112.802597046000074, -7.284945963999974 ], [ 112.802719117000265, -7.284965037999882 ], [ 112.802940369000112, -7.284999368999877 ], [ 112.803146362, -7.285031317999938 ], [ 112.803298949000123, -7.285055159999956 ], [ 112.803382873000146, -7.285068511999896 ], [ 112.803573609000068, -7.285096645999943 ], [ 112.803787232000104, -7.285123824999971 ], [ 112.804122925000115, -7.284992693999925 ], [ 112.804222107000101, -7.284951209999974 ], [ 112.80462646400008, -7.284784316999946 ], [ 112.804901124000025, -7.284668920999877 ], [ 112.805084228000283, -7.284625528999925 ], [ 112.805282592000026, -7.284576891999905 ], [ 112.805496217000041, -7.284524439999927 ], [ 112.805686951000325, -7.284476756999879 ], [ 112.806335449000017, -7.284319876999973 ], [ 112.806427003000067, -7.2842860209999 ], [ 112.806587218000118, -7.284133910999969 ], [ 112.806701661000261, -7.284028528999954 ], [ 112.806808471000068, -7.283928393999929 ], [ 112.806915283000194, -7.283835409999938 ], [ 112.807060243000137, -7.283694742999955 ], [ 112.807220458000074, -7.283553123999923 ], [ 112.807495118000134, -7.283303259999968 ], [ 112.80778503400029, -7.283083914999906 ], [ 112.808029175000115, -7.28290557899993 ], [ 112.808158874000128, -7.282830237999974 ], [ 112.808425904000046, -7.282668589999957 ], [ 112.808624268000131, -7.282549381999956 ], [ 112.809249878000173, -7.282199859999878 ], [ 112.8093566900003, -7.282159805999925 ], [ 112.809463501000209, -7.28212022699995 ], [ 112.809562683000195, -7.28209018799987 ], [ 112.809646606000115, -7.282050132999927 ], [ 112.809753419000344, -7.282010078999974 ], [ 112.809852601000216, -7.281960008999931 ], [ 112.809951783000088, -7.281919954999978 ], [ 112.810050965000073, -7.281879900999968 ], [ 112.810157776000324, -7.281829832999904 ], [ 112.810272216000044, -7.281779765999943 ], [ 112.81037902800017, -7.28173017599994 ], [ 112.810493469000107, -7.281680105999953 ], [ 112.810607909000169, -7.281620025999871 ], [ 112.810722352000312, -7.281559942999934 ], [ 112.810836792000032, -7.281509875999973 ], [ 112.810951233000196, -7.281439779999971 ], [ 112.811058045000095, -7.281380176999903 ], [ 112.811172485000043, -7.281320093999909 ], [ 112.811271668000131, -7.281250000999876 ], [ 112.811363220000089, -7.281189917999882 ], [ 112.811447143, -7.281119822999869 ], [ 112.811538695000081, -7.281060218999926 ], [ 112.811622619000104, -7.281000136999978 ], [ 112.811691285000279, -7.280940055999906 ], [ 112.811752320000096, -7.280879973999902 ], [ 112.811813355000254, -7.280829905999951 ], [ 112.811897277000071, -7.280729770999926 ], [ 112.811958312000115, -7.280660152999928 ], [ 112.812019348000035, -7.280570028999932 ], [ 112.812072753000052, -7.280489920999969 ], [ 112.812118530000021, -7.280399798999895 ], [ 112.812171935000265, -7.280300138999905 ], [ 112.812210084000185, -7.28020000399988 ], [ 112.812248231000012, -7.280089853999925 ], [ 112.812286378000067, -7.279950141999905 ], [ 112.812332153000057, -7.279829978999885 ], [ 112.812370299, -7.279709815999979 ], [ 112.812408448000042, -7.279611586999977 ], [ 112.812438965000183, -7.27953004799997 ], [ 112.812492370000086, -7.279439925999952 ], [ 112.81257629400011, -7.279290198999945 ], [ 112.812622071000078, -7.27923011699994 ], [ 112.812705995000215, -7.279120920999958 ], [ 112.81307220500014, -7.278405189999944 ], [ 112.813774110000054, -7.277519225999924 ], [ 112.814437866000048, -7.27686118999992 ], [ 112.814895630000137, -7.276322364999942 ], [ 112.8155365, -7.275377750999951 ], [ 112.816337585000156, -7.274233816999981 ], [ 112.816658020000091, -7.273467063999931 ], [ 112.818176269000219, -7.272391318999951 ], [ 112.818107605000023, -7.272276400999942 ], [ 112.818817139000089, -7.271990298999981 ], [ 112.822639465000066, -7.271202564999896 ], [ 112.82543182400002, -7.26997756999998 ], [ 112.82793426600017, -7.269451140999934 ], [ 112.82798004100016, -7.269869804999928 ], [ 112.8281173700002, -7.270919798999955 ], [ 112.828201294000223, -7.271110057999977 ], [ 112.828453063000211, -7.271080016999974 ], [ 112.82903289800015, -7.270999907999908 ], [ 112.829071044000102, -7.271150112999976 ], [ 112.829322816000285, -7.272940158999972 ], [ 112.829391479000037, -7.27300977699997 ], [ 112.829498292000039, -7.27304983199997 ], [ 112.8297119140002, -7.27304983199997 ], [ 112.83035278400007, -7.273019789999978 ], [ 112.830513000000224, -7.27300977699997 ], [ 112.830726624000135, -7.273039818999962 ], [ 112.83109283400006, -7.273109911999882 ], [ 112.831298828000058, -7.273169994999876 ], [ 112.831459046000077, -7.27326011699995 ], [ 112.831733704000158, -7.273509977999936 ], [ 112.831916810000166, -7.273769854999955 ], [ 112.832069397000055, -7.274059771999873 ], [ 112.832199096000068, -7.274290084999905 ], [ 112.832336425000108, -7.274320125999907 ], [ 112.832458496000072, -7.274330138999971 ], [ 112.833061219000115, -7.274670122999908 ], [ 112.833236694000107, -7.274759768999957 ], [ 112.833717347000061, -7.274940012999878 ], [ 112.834342956000341, -7.275239943999907 ], [ 112.834487915000182, -7.275370120999924 ], [ 112.8347778320001, -7.275589942999829 ], [ 112.835212707000096, -7.275179861999902 ], [ 112.835289001000206, -7.275179861999902 ], [ 112.835380555000143, -7.275249956999915 ], [ 112.83576965300017, -7.275549888999876 ], [ 112.836143493, -7.275869845999978 ], [ 112.836288452000076, -7.27594995499993 ], [ 112.836441040000068, -7.275770186999978 ], [ 112.836578369000108, -7.275879858999929 ], [ 112.836936950000222, -7.276299953999967 ], [ 112.83717346100002, -7.27656984399988 ], [ 112.83734130900018, -7.276710032999972 ], [ 112.837501527000086, -7.276780128999974 ], [ 112.837638856000012, -7.276810167999884 ], [ 112.837699891000057, -7.276760100999923 ], [ 112.837860108000086, -7.276579856999945 ], [ 112.838111878000063, -7.276340007999977 ], [ 112.838256837000131, -7.276279925999972 ], [ 112.838378906000116, -7.276299953999967 ], [ 112.838531495000097, -7.276410101999943 ], [ 112.838912963000212, -7.276669978999905 ], [ 112.839126588000227, -7.276979922999885 ], [ 112.839530944000103, -7.277289867999968 ], [ 112.839813233000086, -7.277679920999901 ], [ 112.840286255000137, -7.278419970999948 ], [ 112.840599060000045, -7.27895021299986 ], [ 112.84085845900006, -7.279319762999876 ], [ 112.841026307000106, -7.279679774999977 ], [ 112.841110229000151, -7.279799937999883 ], [ 112.841186524000136, -7.279819963999955 ], [ 112.841293335000159, -7.279880046999949 ], [ 112.84137725800008, -7.279980181999974 ], [ 112.841430664000086, -7.280129908999925 ], [ 112.841476440000292, -7.280479906999972 ], [ 112.841491699000017, -7.281020164999973 ], [ 112.841598511000029, -7.281239985999946 ], [ 112.841766357000211, -7.281469820999973 ], [ 112.841873169000337, -7.28165006699993 ], [ 112.841903686000137, -7.281809806999945 ], [ 112.841957093000019, -7.28212022699995 ], [ 112.842086792000032, -7.282440183999938 ], [ 112.842262267000024, -7.282649993999826 ], [ 112.842536925000218, -7.283040046999929 ], [ 112.84256744400011, -7.283370017999971 ], [ 112.84265136800002, -7.283510206999949 ], [ 112.843032836000134, -7.284049986999946 ], [ 112.843223572000056, -7.284220217999973 ], [ 112.84333038300008, -7.284379957999874 ], [ 112.843406678000179, -7.284589766999829 ], [ 112.843498230000023, -7.285009859999946 ], [ 112.843597412000122, -7.2855901719999 ], [ 112.843627929000036, -7.285840033999875 ], [ 112.843727111000135, -7.286059855999952 ], [ 112.843841554000051, -7.286149977999969 ], [ 112.844093323000038, -7.28634977299987 ], [ 112.844276429000047, -7.286699770999974 ], [ 112.844352723000156, -7.287020205999909 ], [ 112.844337464000091, -7.287459849999891 ], [ 112.84426116900022, -7.287849902999938 ], [ 112.844223022000165, -7.288209914999868 ], [ 112.844253541000171, -7.288549899999907 ], [ 112.844276429000047, -7.288929938999956 ], [ 112.844436646000077, -7.289529798999979 ], [ 112.844680786000026, -7.29025983799994 ], [ 112.844856262, -7.29077005399995 ], [ 112.844932555000014, -7.290800093999962 ], [ 112.845016479000037, -7.290760038999906 ], [ 112.845138550000115, -7.290669916999946 ], [ 112.845329284000059, -7.290520190999871 ], [ 112.845481873000153, -7.29060983699992 ], [ 112.845542908000311, -7.290750025999955 ], [ 112.84561920200008, -7.291150092999942 ], [ 112.845718384000065, -7.291560171999947 ], [ 112.845787048000261, -7.291969775999917 ], [ 112.84583282500023, -7.292459963999875 ], [ 112.845809936000023, -7.292850016999921 ], [ 112.845466615000305, -7.292890070999931 ], [ 112.844932555000014, -7.292990207999878 ], [ 112.844970704000048, -7.293340204999879 ], [ 112.845153808000077, -7.29393005299994 ], [ 112.845771789000196, -7.293819904999964 ], [ 112.846076966000055, -7.293769834999978 ], [ 112.846153260000051, -7.294020176999936 ], [ 112.846107483000083, -7.2941198339999 ], [ 112.846046447000163, -7.294169901999965 ], [ 112.845840455000143, -7.294300079999971 ], [ 112.845802308000088, -7.294400214999939 ], [ 112.845840455000143, -7.294519899999955 ], [ 112.845993042000032, -7.294799803999865 ], [ 112.846160888000099, -7.295070170999963 ], [ 112.846282958000074, -7.295340060999877 ], [ 112.846473694000224, -7.295549868999842 ], [ 112.846572877000199, -7.29582023599994 ], [ 112.846817016000045, -7.296400070999937 ], [ 112.846900940000069, -7.296669958999871 ], [ 112.846900940000069, -7.296959876999949 ], [ 112.846809388000111, -7.297339914999952 ], [ 112.846679687, -7.297969816999966 ], [ 112.846588135000047, -7.298349856999948 ], [ 112.846496583000089, -7.298510074999967 ], [ 112.846267700000112, -7.298779964999937 ], [ 112.845840455000143, -7.299109934999876 ], [ 112.845642091000059, -7.299220084999945 ], [ 112.84559631400009, -7.299290178999968 ], [ 112.845611572000166, -7.299399851999965 ], [ 112.84568023700001, -7.299530029999914 ], [ 112.845840455000143, -7.299719810999875 ], [ 112.845901490000188, -7.299860000999956 ], [ 112.845901490000188, -7.29999017699987 ], [ 112.84591674800015, -7.30012989099987 ], [ 112.846153260000051, -7.300570010999877 ], [ 112.846138001000099, -7.301179884999897 ], [ 112.845909118000236, -7.301849840999921 ], [ 112.84583282500023, -7.302289961999918 ], [ 112.845687866000048, -7.302889822999816 ], [ 112.845626830000015, -7.303140163999899 ], [ 112.845573425000111, -7.303299903999971 ], [ 112.845550537, -7.303520201999902 ], [ 112.845581055000025, -7.30373001199996 ], [ 112.84568023700001, -7.304150103999973 ], [ 112.845199585000046, -7.304399965999949 ], [ 112.844917297000165, -7.30455016999997 ], [ 112.844718933000081, -7.304659842999968 ], [ 112.844581604000041, -7.304739951999863 ], [ 112.844459533000077, -7.304810046999876 ], [ 112.844360351000091, -7.304880140999899 ], [ 112.844268799000133, -7.304940223999893 ], [ 112.844177247000061, -7.304999828999939 ], [ 112.844100951000087, -7.305059908999965 ], [ 112.84401702900027, -7.305109976999915 ], [ 112.843940736000263, -7.30517005899992 ], [ 112.843872070000089, -7.305230139999935 ], [ 112.843788146000065, -7.305280208999875 ], [ 112.8437194830002, -7.305339811999943 ], [ 112.843650817000025, -7.305399894999937 ], [ 112.843566894000105, -7.305459975999952 ], [ 112.843490600000109, -7.305530070999964 ], [ 112.843406678000179, -7.305600166999966 ], [ 112.843322754000155, -7.305669784999964 ], [ 112.843223572000056, -7.305749893999916 ], [ 112.843109132000222, -7.305840015999934 ], [ 112.843002319000334, -7.305940150999959 ], [ 112.842880249000018, -7.306039809999959 ], [ 112.84275055, -7.306149959999971 ], [ 112.842628479000155, -7.306260107999947 ], [ 112.842498779000039, -7.306369780999887 ], [ 112.842376710000167, -7.306479930999956 ], [ 112.842262267000024, -7.306590080999911 ], [ 112.842163085000038, -7.306690215999936 ], [ 112.842056275, -7.306779861999871 ], [ 112.841979981000122, -7.306869983999889 ], [ 112.841903686000137, -7.306960105999963 ], [ 112.841827392000027, -7.307040213999926 ], [ 112.841766357000211, -7.307119845999978 ], [ 112.841712952000194, -7.307209967999938 ], [ 112.841651916000046, -7.307290075999902 ], [ 112.841590881000116, -7.307380199999898 ], [ 112.841522217000261, -7.307479857999965 ], [ 112.841461182000103, -7.307579994999912 ], [ 112.841392517000031, -7.307690142999888 ], [ 112.841331481000111, -7.307799814999896 ], [ 112.841262818000018, -7.307899951999843 ], [ 112.841201783000088, -7.308010099999876 ], [ 112.841140747000168, -7.308110236999937 ], [ 112.84107971200001, -7.308209896999927 ], [ 112.841026307000106, -7.308300017999898 ], [ 112.840972900000224, -7.308380126999964 ], [ 112.840919494000218, -7.30846977199991 ], [ 112.840881348000039, -7.308539866999922 ], [ 112.840827942000146, -7.308619975999932 ], [ 112.840782165000178, -7.308700084999941 ], [ 112.840736389000085, -7.308770179999897 ], [ 112.84069061300022, -7.308849811999892 ], [ 112.840652467000041, -7.308919906999961 ], [ 112.840599060000045, -7.309000013999935 ], [ 112.840553285000055, -7.309080122999944 ], [ 112.840507508000087, -7.309160231999954 ], [ 112.840461731000119, -7.309239864999938 ], [ 112.840408325000112, -7.309309958999961 ], [ 112.840370179000161, -7.309380053999917 ], [ 112.84031677300004, -7.309450149999918 ], [ 112.84023285000012, -7.30956983599998 ], [ 112.840148926000097, -7.309669969999902 ], [ 112.840080260000036, -7.309740065999961 ], [ 112.839988708000078, -7.309810161999962 ], [ 112.839897156, -7.30987977999996 ], [ 112.839813233000086, -7.309939860999975 ], [ 112.839706420000084, -7.309989929999915 ], [ 112.83959961000005, -7.310029981999946 ], [ 112.839523316000168, -7.310060023999938 ], [ 112.839439392000145, -7.31009006499994 ], [ 112.839332580000018, -7.310120105999943 ], [ 112.83924102800006, -7.310140131999901 ], [ 112.839088441000172, -7.310170173999893 ], [ 112.838882446000071, -7.310180186999958 ], [ 112.838752746000182, -7.310160160999885 ], [ 112.838676452000072, -7.310150144999966 ], [ 112.838592530000028, -7.310130118999894 ], [ 112.838493348000043, -7.310110090999899 ], [ 112.83838653600003, -7.31009006499994 ], [ 112.838279723000028, -7.310060023999938 ], [ 112.838157655000032, -7.310029981999946 ], [ 112.83802795400004, -7.309989929999915 ], [ 112.837898255000255, -7.309959888999913 ], [ 112.837760926000215, -7.30991983399997 ], [ 112.837623595000082, -7.30987977999996 ], [ 112.837471008000193, -7.309830187999921 ], [ 112.837318421000077, -7.309790133999911 ], [ 112.837158203000172, -7.309740065999961 ], [ 112.836997986000142, -7.309689998999886 ], [ 112.836837768, -7.309639930999936 ], [ 112.836669923000045, -7.309589861999939 ], [ 112.836502075000226, -7.309539793999875 ], [ 112.836326599000245, -7.309500216999822 ], [ 112.836158752000301, -7.309450149999918 ], [ 112.835983276000206, -7.309400081999968 ], [ 112.835800172000177, -7.309350012999914 ], [ 112.835617066000054, -7.309299944999964 ], [ 112.835426330000132, -7.309249877999889 ], [ 112.835243226000102, -7.309209823999936 ], [ 112.835037231000115, -7.309160231999954 ], [ 112.834838867000258, -7.309110163999947 ], [ 112.83464050300006, -7.309070109999936 ], [ 112.834442138000213, -7.309020041999872 ], [ 112.834228516000167, -7.308969974999911 ], [ 112.834022521000065, -7.308929919999969 ], [ 112.833808899000132, -7.308879852999894 ], [ 112.833610534000172, -7.308839798999884 ], [ 112.833396912000012, -7.308790206999959 ], [ 112.833190917000024, -7.308750151999845 ], [ 112.832992553000054, -7.308710097999892 ], [ 112.832786561000262, -7.30867004299995 ], [ 112.832588196000074, -7.30862998899994 ], [ 112.832397460000152, -7.308589934999929 ], [ 112.832206726000209, -7.308559892999824 ], [ 112.832023620000086, -7.308519838999871 ], [ 112.831848144000332, -7.308479784999918 ], [ 112.831672669000113, -7.308450220999873 ], [ 112.831512451000208, -7.308410167999966 ], [ 112.831336975000227, -7.308380126999964 ], [ 112.831169128000283, -7.308340072999954 ], [ 112.831008910000037, -7.308310031999952 ], [ 112.830841065000072, -7.308269976999895 ], [ 112.830657959000177, -7.308229922999942 ], [ 112.830482483000083, -7.30819988199994 ], [ 112.830291749000253, -7.30815982699994 ], [ 112.830101013000103, -7.308110236999937 ], [ 112.829887390000067, -7.30807018299987 ], [ 112.829681396000296, -7.308030127999928 ], [ 112.829467773000147, -7.307980060999967 ], [ 112.829261780000024, -7.307940006999956 ], [ 112.829048156000113, -7.307889938999892 ], [ 112.828842163000218, -7.307849884999939 ], [ 112.828628541000171, -7.307799814999896 ], [ 112.82842254600007, -7.307759760999943 ], [ 112.828216552000072, -7.30771017099994 ], [ 112.828018188000215, -7.30767011599994 ], [ 112.827819823000027, -7.307630061999873 ], [ 112.82762145900017, -7.307579994999912 ], [ 112.827423095000086, -7.30753993999997 ], [ 112.827217102000191, -7.30749988599996 ], [ 112.827018738000106, -7.30745983199995 ], [ 112.826820374000022, -7.307419776999893 ], [ 112.826622009000062, -7.307380199999898 ], [ 112.826431275000232, -7.307350158999895 ], [ 112.826248169000223, -7.307310104999885 ], [ 112.826072694000118, -7.307280062999951 ], [ 112.825889588000109, -7.307250021999891 ], [ 112.825729370000204, -7.307219982999868 ], [ 112.825576783000088, -7.307189940999876 ], [ 112.825439454000161, -7.307169912999939 ], [ 112.825302125000235, -7.307149886999866 ], [ 112.825172424000129, -7.307129858999872 ], [ 112.825050353000051, -7.307109832999913 ], [ 112.824928283000077, -7.307099819999962 ], [ 112.824806214000205, -7.307079790999921 ], [ 112.824691772000278, -7.30706977799997 ], [ 112.824569703000066, -7.307059764999963 ], [ 112.824447632000329, -7.307040213999926 ], [ 112.824333190000061, -7.307030200999975 ], [ 112.824211121000076, -7.307020185999875 ], [ 112.824089051000101, -7.307000159999973 ], [ 112.823959350000109, -7.306990146999965 ], [ 112.82383728100001, -7.306980131999921 ], [ 112.823707580000018, -7.306970118999914 ], [ 112.823577882000109, -7.306970118999914 ], [ 112.823448181000117, -7.306960105999963 ], [ 112.823318482000332, -7.306950092999955 ], [ 112.823188781000226, -7.306940077999911 ], [ 112.823059082000213, -7.306940077999911 ], [ 112.822937012000011, -7.306930063999971 ], [ 112.822830199, -7.306920050999963 ], [ 112.822731017000137, -7.306910037999899 ], [ 112.822631835000152, -7.306910037999899 ], [ 112.822471618000122, -7.306890009999961 ], [ 112.822326661000034, -7.306869983999889 ], [ 112.822250367000152, -7.306849955999894 ], [ 112.822151185000166, -7.306829929999935 ], [ 112.822052003000067, -7.306809900999951 ], [ 112.821968079000044, -7.306789874999936 ], [ 112.821853638000107, -7.306739807999975 ], [ 112.821731568000132, -7.306680202999928 ], [ 112.821632386000147, -7.306610106999869 ], [ 112.821571350000227, -7.306570052999916 ], [ 112.821510315000069, -7.306519984999966 ], [ 112.821441649, -7.306469917999891 ], [ 112.821372986000142, -7.306409834999897 ], [ 112.821289062000119, -7.306340216999843 ], [ 112.821197510000047, -7.306270122999877 ], [ 112.821113586000024, -7.306190013999924 ], [ 112.821022034000066, -7.306099890999917 ], [ 112.820922852000194, -7.306000232999963 ], [ 112.820823670000323, -7.305900095999903 ], [ 112.820709228000055, -7.30577993299994 ], [ 112.820602417000032, -7.30565976999992 ], [ 112.820487977000198, -7.305530070999964 ], [ 112.820373534000055, -7.305389879999893 ], [ 112.820259094000335, -7.305250167999873 ], [ 112.820137023000143, -7.305109976999915 ], [ 112.820030213000109, -7.30495977399994 ], [ 112.81992340100021, -7.30482005999994 ], [ 112.819816590000187, -7.304679870999962 ], [ 112.819717408000088, -7.30455016999997 ], [ 112.819618226000102, -7.304430006999951 ], [ 112.819541930000014, -7.304319858999918 ], [ 112.819458009000073, -7.304210186999967 ], [ 112.819381713000098, -7.304110049999963 ], [ 112.819313049000129, -7.304019927999946 ], [ 112.819236756000123, -7.303929805999871 ], [ 112.819183349000014, -7.303840159999936 ], [ 112.819122315000186, -7.30376005099987 ], [ 112.819061280000028, -7.30368995699996 ], [ 112.819000245000211, -7.303609848999884 ], [ 112.818939209000064, -7.303540229999896 ], [ 112.818878174000133, -7.303470134999941 ], [ 112.818817139000089, -7.303410051999947 ], [ 112.818748473000142, -7.303339957999924 ], [ 112.81868744000019, -7.303269862999969 ], [ 112.818618774000015, -7.303199766999967 ], [ 112.818550109000057, -7.303130148999969 ], [ 112.818481445000089, -7.303060054999946 ], [ 112.818397522000168, -7.302989959999934 ], [ 112.818321228000059, -7.302919863999875 ], [ 112.818229676000101, -7.302849767999874 ], [ 112.818138122000164, -7.302770136999925 ], [ 112.818046570000092, -7.302690027999972 ], [ 112.817962646000069, -7.302609919999838 ], [ 112.817863464000197, -7.302529810999943 ], [ 112.817749024000136, -7.302440165999826 ], [ 112.817649841000048, -7.302350044999912 ], [ 112.817550659000176, -7.302269935999959 ], [ 112.817436219000115, -7.302189826999893 ], [ 112.817337037000016, -7.302100180999958 ], [ 112.81723785500003, -7.302030086999935 ], [ 112.817146301000093, -7.301949977999925 ], [ 112.817062379000049, -7.301889895999921 ], [ 112.816978455000026, -7.301819799999919 ], [ 112.816902161000144, -7.301760196999965 ], [ 112.81681823700012, -7.3017101289999 ], [ 112.816741944000114, -7.301650046999896 ], [ 112.816658020000091, -7.301599978999946 ], [ 112.816581726000209, -7.301549911999871 ], [ 112.816497803000061, -7.301499842999931 ], [ 112.816421509000179, -7.301449774999924 ], [ 112.81632232700008, -7.301390169999877 ], [ 112.816230775, -7.301340102999916 ], [ 112.816139221000071, -7.301290034999965 ], [ 112.816040039000086, -7.301239967999891 ], [ 112.815940857000214, -7.301179884999897 ], [ 112.815849305000029, -7.301129817999936 ], [ 112.815750122000168, -7.301089762999936 ], [ 112.815650940000069, -7.301040172999876 ], [ 112.815559386000018, -7.30100011899998 ], [ 112.81546783400006, -7.30095004899988 ], [ 112.815368652000188, -7.30090999499987 ], [ 112.81527710000023, -7.300869940999917 ], [ 112.815177918000018, -7.300829885999974 ], [ 112.815086364000081, -7.300799846999894 ], [ 112.814979554000161, -7.300759792999941 ], [ 112.814880372000061, -7.300720215999888 ], [ 112.814773559000059, -7.300680160999946 ], [ 112.814666749000139, -7.300650119999943 ], [ 112.814559937000013, -7.300610065999933 ], [ 112.814453124000124, -7.300580023999942 ], [ 112.814338684000063, -7.300539969999875 ], [ 112.814239502000191, -7.300509928999872 ], [ 112.81414032000032, -7.300469873999873 ], [ 112.814041137000231, -7.300439834999963 ], [ 112.813949585000046, -7.300409793999961 ], [ 112.813858032000098, -7.300380229999917 ], [ 112.813781738000102, -7.300350188999914 ], [ 112.813629151000214, -7.300300120999964 ], [ 112.813560485000039, -7.300270079999962 ], [ 112.813430786000026, -7.300220011999954 ], [ 112.81334686200023, -7.300179957999944 ], [ 112.813270569000224, -7.300139903999934 ], [ 112.813201903000049, -7.300109861999942 ], [ 112.813117981, -7.300069807999876 ], [ 112.813049316000161, -7.300030230999823 ], [ 112.812973022000051, -7.29999017699987 ], [ 112.812858582000104, -7.299920080999925 ], [ 112.812797547000173, -7.299880026999915 ], [ 112.812736511000253, -7.299839971999972 ], [ 112.812667846000181, -7.299789904999898 ], [ 112.812591552000072, -7.29972982399994 ], [ 112.812507630000027, -7.29967021899995 ], [ 112.812423706000232, -7.299610138999981 ], [ 112.812316894000105, -7.299540042999922 ], [ 112.812232970000082, -7.299469946999977 ], [ 112.81213378800021, -7.299409866999895 ], [ 112.812026978000063, -7.299339770999893 ], [ 112.811943054000039, -7.299270152999895 ], [ 112.811851502000309, -7.299220084999945 ], [ 112.811759948000031, -7.29916000299994 ], [ 112.811683655000024, -7.29911994899993 ], [ 112.811607361000142, -7.299069880999923 ], [ 112.811538695000081, -7.299039839999921 ], [ 112.811462402000075, -7.298999784999978 ], [ 112.811332703000062, -7.298950194999975 ], [ 112.811187744000108, -7.298900127999843 ], [ 112.811042785000268, -7.29886007399989 ], [ 112.810966491000045, -7.298850057999971 ], [ 112.810821534000183, -7.298820018999947 ], [ 112.810668945000089, -7.298799990999896 ], [ 112.810592651000206, -7.298789977999945 ], [ 112.810447694000118, -7.298779964999937 ], [ 112.810371398000029, -7.298779964999937 ], [ 112.810218811000141, -7.298779964999937 ], [ 112.810142517000031, -7.298789977999945 ], [ 112.810058593, -7.298789977999945 ], [ 112.80996704100005, -7.298799990999896 ], [ 112.809890748000043, -7.298810003999847 ], [ 112.809799194000107, -7.298830031999898 ], [ 112.809707642000035, -7.298840044999906 ], [ 112.809631348000153, -7.29886007399989 ], [ 112.809539794000216, -7.298880099999963 ], [ 112.809463501000209, -7.298900127999843 ], [ 112.8093872070001, -7.298920153999973 ], [ 112.809249878000173, -7.298960207999926 ], [ 112.809127807000095, -7.299009799999965 ], [ 112.809013367000034, -7.299069880999923 ], [ 112.808937073000152, -7.299099921999925 ], [ 112.808822633000091, -7.29917001799987 ], [ 112.808746337000116, -7.29921007199988 ], [ 112.808677674000251, -7.299240111999893 ], [ 112.808609008000076, -7.299290178999968 ], [ 112.80854034500021, -7.299330232999978 ], [ 112.808479309000063, -7.299369811999952 ], [ 112.808410644000219, -7.299409866999895 ], [ 112.808341980000023, -7.29945993399997 ], [ 112.808280945000206, -7.299499988999912 ], [ 112.808212279000031, -7.299550055999873 ], [ 112.808151244000214, -7.299600123999937 ], [ 112.808090211000035, -7.29965019299982 ], [ 112.808029175000115, -7.299699782999937 ], [ 112.807960510000044, -7.299759863999896 ], [ 112.807891847000178, -7.2998199459999 ], [ 112.807823181000117, -7.299890041999959 ], [ 112.807746887000235, -7.299960134999878 ], [ 112.807670594000228, -7.300039768999966 ], [ 112.807586670000092, -7.30012989099987 ], [ 112.807502746000068, -7.300209998999946 ], [ 112.807418822000045, -7.300310133999972 ], [ 112.807342529000039, -7.300399780999953 ], [ 112.807250977000081, -7.300489901999924 ], [ 112.807167053000057, -7.300590036999949 ], [ 112.807090759000175, -7.300680160999946 ], [ 112.807006835000152, -7.300769805999892 ], [ 112.806961060000162, -7.300844668999957 ], [ 112.806861878000291, -7.300960063999923 ], [ 112.806793213000219, -7.301060198999949 ], [ 112.80671691900011, -7.30114984599993 ], [ 112.806663514000093, -7.301249980999955 ], [ 112.806587218000118, -7.301360130999967 ], [ 112.806533813000101, -7.301459787999875 ], [ 112.806472778000057, -7.301569937999943 ], [ 112.806411743000126, -7.301680087999898 ], [ 112.80635833700012, -7.301790235999874 ], [ 112.806312560000151, -7.301909923999915 ], [ 112.806259155000248, -7.302020071999948 ], [ 112.806221008000193, -7.302120208999895 ], [ 112.806182862000242, -7.302229880999903 ], [ 112.806137085000273, -7.302330015999928 ], [ 112.806106568000018, -7.302420137999945 ], [ 112.806091308000305, -7.302519797999935 ], [ 112.80606079100005, -7.302609919999838 ], [ 112.806037902000185, -7.302690027999972 ], [ 112.806022644000109, -7.302780151999968 ], [ 112.805999756, -7.302859782999974 ], [ 112.805992125000216, -7.30293989199987 ], [ 112.805976867000027, -7.303020000999936 ], [ 112.805969239000092, -7.303100109999889 ], [ 112.805961609000178, -7.303249836999953 ], [ 112.805946350000227, -7.303400038999939 ], [ 112.805961609000178, -7.303549765999946 ], [ 112.805969239000092, -7.30368995699996 ], [ 112.805976867000027, -7.30377006599997 ], [ 112.805999756, -7.303909777999934 ], [ 112.806022644000109, -7.303989886999886 ], [ 112.806037902000185, -7.304069994999963 ], [ 112.80606079100005, -7.304150103999973 ], [ 112.806091308000305, -7.304230212999869 ], [ 112.806121826000208, -7.304309843999874 ], [ 112.806152343000122, -7.304399965999949 ], [ 112.806190490000176, -7.304480074999958 ], [ 112.806221008000193, -7.304560182999978 ], [ 112.806259155000248, -7.304639816999838 ], [ 112.806297302000075, -7.304719925999962 ], [ 112.806343079000044, -7.304790018999938 ], [ 112.806381226000099, -7.30486011499994 ], [ 112.806427003000067, -7.304930209999952 ], [ 112.806472778000057, -7.304999828999939 ], [ 112.80655670200008, -7.305119991999959 ], [ 112.806602479000048, -7.305180071999928 ], [ 112.806648254000038, -7.305240154999922 ], [ 112.806701661000261, -7.305300234999947 ], [ 112.806762696000078, -7.305359840999927 ], [ 112.806808471000068, -7.305419920999896 ], [ 112.806869506000226, -7.30546998899996 ], [ 112.806930542000146, -7.305530070999964 ], [ 112.806991577000076, -7.305590151999866 ], [ 112.80705261200012, -7.305640220999919 ], [ 112.807159425000123, -7.30573987899993 ], [ 112.807212830000026, -7.30578994799987 ], [ 112.807312012000011, -7.305890082999895 ], [ 112.80741119400011, -7.305970191999961 ], [ 112.807510376000096, -7.306059835999974 ], [ 112.807571412000016, -7.306109905999961 ], [ 112.807678222000163, -7.306210040999929 ], [ 112.807731629000045, -7.306260107999947 ], [ 112.807792664000203, -7.306310177999933 ], [ 112.807853700000123, -7.306359767999936 ], [ 112.807960510000044, -7.306469917999891 ], [ 112.808067322000056, -7.306570052999916 ], [ 112.808120727000073, -7.30662011999982 ], [ 112.808212279000031, -7.30671977999998 ], [ 112.808273315000065, -7.306789874999936 ], [ 112.808319092000033, -7.306859970999938 ], [ 112.808387757000332, -7.306980131999921 ], [ 112.808433532000095, -7.30706977799997 ], [ 112.808448791000046, -7.307169912999939 ], [ 112.808456421000187, -7.307260036999935 ], [ 112.808456421000187, -7.307380199999898 ], [ 112.808448791000046, -7.30749988599996 ], [ 112.808433532000095, -7.307630061999873 ], [ 112.808410644000219, -7.307700157999932 ], [ 112.808357239000088, -7.307839869999952 ], [ 112.808319092000033, -7.307929992999902 ], [ 112.808242798000151, -7.308050154999933 ], [ 112.808158874000128, -7.308139800999868 ], [ 112.808090211000035, -7.30819988199994 ], [ 112.808036804000153, -7.308249950999937 ], [ 112.80792999300013, -7.308330059999889 ], [ 112.807807923000155, -7.308400152999923 ], [ 112.807746887000235, -7.308440207999979 ], [ 112.807678222000163, -7.30846977199991 ], [ 112.807617187, -7.30850982599992 ], [ 112.807548523000037, -7.308539866999922 ], [ 112.807479858000079, -7.308569908999914 ], [ 112.80741119400011, -7.308599947999937 ], [ 112.807327270000087, -7.30862998899994 ], [ 112.807189941000161, -7.30867004299995 ], [ 112.807037354000045, -7.308710097999892 ], [ 112.806900025, -7.308730125999944 ], [ 112.806747436000023, -7.308740138999894 ], [ 112.806610107000324, -7.308740138999894 ], [ 112.806533813000101, -7.308740138999894 ], [ 112.806457520000095, -7.308730125999944 ], [ 112.806312560000151, -7.308720110999957 ], [ 112.806159973000035, -7.308700084999941 ], [ 112.806083679000153, -7.308690071999933 ], [ 112.805938720000086, -7.308660029999942 ], [ 112.805809022000062, -7.308619975999932 ], [ 112.805679321000071, -7.308579921999979 ], [ 112.80555725000022, -7.308529853999914 ], [ 112.805488587000127, -7.308499812999912 ], [ 112.805419921000066, -7.30846977199991 ], [ 112.805343627000184, -7.308430194999914 ], [ 112.805259704000036, -7.308390139999972 ], [ 112.805168152000306, -7.308340072999954 ], [ 112.8050766, -7.308300017999898 ], [ 112.804992676000211, -7.308249950999937 ], [ 112.804893494000112, -7.30819988199994 ], [ 112.80480194200004, -7.308149813999933 ], [ 112.804710388000103, -7.308110236999937 ], [ 112.804618836000145, -7.308060169999976 ], [ 112.804542542000036, -7.30802011499992 ], [ 112.804458618000012, -7.307980060999967 ], [ 112.804382325, -7.307940006999956 ], [ 112.804313659000059, -7.307899951999843 ], [ 112.804237366000052, -7.307869910999955 ], [ 112.804168702000084, -7.307839869999952 ], [ 112.804100037000126, -7.30780982999994 ], [ 112.804031371000178, -7.307779788999937 ], [ 112.803962708000086, -7.30775022499995 ], [ 112.80388641400009, -7.307720183999891 ], [ 112.803817748000142, -7.307690142999888 ], [ 112.803680420000092, -7.307650087999946 ], [ 112.803611756, -7.307620048999866 ], [ 112.803482055000018, -7.307590007999977 ], [ 112.803398131000108, -7.307569979999869 ], [ 112.803253174000133, -7.307549952999921 ], [ 112.803131104000158, -7.30753993999997 ], [ 112.802978516000167, -7.307529924999869 ], [ 112.80288696200023, -7.307529924999869 ], [ 112.802803041000061, -7.307529924999869 ], [ 112.802696228000059, -7.307529924999869 ], [ 112.802597046000074, -7.307529924999869 ], [ 112.802490234000061, -7.307529924999869 ], [ 112.802391052000075, -7.307529924999869 ], [ 112.802276611000025, -7.30753993999997 ], [ 112.802192687000229, -7.307549952999921 ], [ 112.802093505000016, -7.307549952999921 ], [ 112.802001953000058, -7.307559965999928 ], [ 112.8019104010001, -7.307569979999869 ], [ 112.80181884700005, -7.307579994999912 ], [ 112.801727295000092, -7.307600020999871 ], [ 112.801628113000106, -7.307610033999936 ], [ 112.801528931, -7.307630061999873 ], [ 112.801429749000022, -7.307650087999946 ], [ 112.801307678000057, -7.307660102999876 ], [ 112.801193238000224, -7.307680129999937 ], [ 112.801063537000232, -7.307700157999932 ], [ 112.80091858000003, -7.307720183999891 ], [ 112.800788879000038, -7.307740211999942 ], [ 112.800651550000339, -7.307759760999943 ], [ 112.800521851000212, -7.307779788999937 ], [ 112.800445558000206, -7.307785986999932 ], [ 112.800346375000231, -7.307797431999973 ], [ 112.800262452000084, -7.30780982999994 ], [ 112.800140381000233, -7.307819842999947 ], [ 112.800018310000041, -7.307839869999952 ], [ 112.799896240000066, -7.307849884999939 ], [ 112.799781799000016, -7.30785989799989 ], [ 112.799667359000182, -7.307869910999955 ], [ 112.799552918000018, -7.307879923999963 ], [ 112.799430848000043, -7.307889938999892 ], [ 112.799308777000192, -7.307899951999843 ], [ 112.7991790760002, -7.307909964999965 ], [ 112.799049377000074, -7.307919977999973 ], [ 112.798912048000147, -7.307929992999902 ], [ 112.798759461000031, -7.307929992999902 ], [ 112.798599244000229, -7.307940006999956 ], [ 112.798439026000096, -7.307940006999956 ], [ 112.79824829000006, -7.307950019999964 ], [ 112.798057556000117, -7.307950019999964 ], [ 112.797859192000033, -7.307950019999964 ], [ 112.79763793900031, -7.307950019999964 ], [ 112.79741668600002, -7.307950019999964 ], [ 112.797187805000021, -7.307950019999964 ], [ 112.796958924000023, -7.307940006999956 ], [ 112.796722413000225, -7.307940006999956 ], [ 112.796493530000021, -7.307929992999902 ], [ 112.796249389000195, -7.307919977999973 ], [ 112.796020508000197, -7.307909964999965 ], [ 112.795944214000087, -7.307906627999955 ], [ 112.79579925500002, -7.307899951999843 ], [ 112.795578002000184, -7.307889938999892 ], [ 112.795372010000165, -7.307869910999955 ], [ 112.79515838500015, -7.30785989799989 ], [ 112.794967651000206, -7.307849884999939 ], [ 112.794776917000036, -7.307829856999888 ], [ 112.794609069000217, -7.307819842999947 ], [ 112.794441224000025, -7.307799814999896 ], [ 112.79422759900001, -7.307781218999878 ], [ 112.794143677000079, -7.30776977599993 ], [ 112.793991088000098, -7.307759760999943 ], [ 112.793838501000209, -7.307740211999942 ], [ 112.793701172000056, -7.307720183999891 ], [ 112.793540954000036, -7.307700157999932 ], [ 112.793388367000034, -7.307680129999937 ], [ 112.79322815, -7.307660102999876 ], [ 112.793067932000099, -7.307640074999938 ], [ 112.792922973000145, -7.307620048999866 ], [ 112.792762756000116, -7.307600020999871 ], [ 112.792617798000038, -7.307579994999912 ], [ 112.792472839000197, -7.307569979999869 ], [ 112.792343140000185, -7.307549952999921 ], [ 112.79222107000021, -7.30753993999997 ], [ 112.792121888000338, -7.30753993999997 ], [ 112.79200744700006, -7.307529924999869 ], [ 112.791923523000037, -7.307529924999869 ], [ 112.7918319690001, -7.307529924999869 ], [ 112.791740417000142, -7.30753993999997 ], [ 112.79164886500007, -7.30753993999997 ], [ 112.791557311000133, -7.307549952999921 ], [ 112.791473390000192, -7.307559965999928 ], [ 112.791381836000028, -7.307569979999869 ], [ 112.791282654000042, -7.307579994999912 ], [ 112.791168213000219, -7.307600020999871 ], [ 112.791069031, -7.307610033999936 ], [ 112.790962219000221, -7.307630061999873 ], [ 112.790840148000029, -7.307650087999946 ], [ 112.790748596000071, -7.30767011599994 ], [ 112.790603637000231, -7.307700157999932 ], [ 112.790466308000191, -7.307730196999898 ], [ 112.790321351000102, -7.30776977599993 ], [ 112.790161133000197, -7.30780982999994 ], [ 112.789962769000113, -7.30785989799989 ], [ 112.789741516000049, -7.307929992999902 ], [ 112.789482117000148, -7.308000086999868 ], [ 112.789169312000126, -7.308090208999943 ], [ 112.788833619000116, -7.308189867999943 ], [ 112.788436890000071, -7.308300017999898 ], [ 112.788032531000113, -7.308430194999914 ], [ 112.787597656000116, -7.308549879999873 ], [ 112.787162780000017, -7.308690071999933 ], [ 112.786811829000044, -7.308792113999914 ], [ 112.786720275000107, -7.3088197699999 ], [ 112.786293030000024, -7.308949946999917 ], [ 112.786003113000106, -7.309033869999951 ], [ 112.785881043000131, -7.309070109999936 ], [ 112.78572082500034, -7.309119701999975 ], [ 112.785499573000152, -7.309189794999895 ], [ 112.785140991000162, -7.309299944999964 ], [ 112.784820556000227, -7.309400081999968 ], [ 112.784507751000206, -7.309490203999871 ], [ 112.784240723000266, -7.309579848999931 ], [ 112.7839889520003, -7.309659956999894 ], [ 112.783782959000064, -7.309730052999896 ], [ 112.783546448000152, -7.309810161999962 ], [ 112.78336334200003, -7.309869766999952 ], [ 112.783294677000185, -7.309892177999927 ], [ 112.783180236000021, -7.309929846999921 ], [ 112.783027649000132, -7.309989929999915 ], [ 112.782882690000065, -7.31005001099993 ], [ 112.78273773300009, -7.310100077999891 ], [ 112.782600402000185, -7.310150144999966 ], [ 112.782463073000258, -7.310200214999895 ], [ 112.782318116000056, -7.310249804999955 ], [ 112.782180787000016, -7.310299871999973 ], [ 112.782043458000089, -7.310339926999916 ], [ 112.781890869000222, -7.310389995999969 ], [ 112.781753540000068, -7.310440063999977 ], [ 112.781608582000217, -7.310480117999873 ], [ 112.781471251000085, -7.31052017199994 ], [ 112.781349183000088, -7.310550211999896 ], [ 112.78122711200001, -7.310589790999927 ], [ 112.781127930000025, -7.310609816999943 ], [ 112.781036376000088, -7.310639857999945 ], [ 112.780960082000206, -7.310649870999896 ], [ 112.780830384000069, -7.310679912999888 ], [ 112.780700683000077, -7.31069993899996 ], [ 112.78050231900022, -7.310719966999955 ], [ 112.780357361000142, -7.31073999299997 ], [ 112.780281068000136, -7.31073999299997 ], [ 112.780059815000186, -7.310750007999957 ], [ 112.779983521000077, -7.310760020999965 ], [ 112.779830932000209, -7.310760020999965 ], [ 112.779747010000165, -7.310760020999965 ], [ 112.779602051000325, -7.310760020999965 ], [ 112.779449464000095, -7.310760020999965 ], [ 112.779373168, -7.310750007999957 ], [ 112.779289246000076, -7.310750007999957 ], [ 112.779212953000069, -7.31073999299997 ], [ 112.779129029000273, -7.310729979999962 ], [ 112.779037475000337, -7.31070995399989 ], [ 112.778930665000075, -7.310689925999952 ], [ 112.778816224000025, -7.310669898999947 ], [ 112.778686523000033, -7.310639857999945 ], [ 112.778541564000079, -7.310609816999943 ], [ 112.778358460000049, -7.310565471999951 ], [ 112.778213501000209, -7.310530185999937 ], [ 112.778030395000314, -7.310480117999873 ], [ 112.777832031000116, -7.310430050999912 ], [ 112.77761840800008, -7.310379980999869 ], [ 112.777412414000082, -7.310319900999957 ], [ 112.777183533000084, -7.310259817999963 ], [ 112.776947022000172, -7.310200214999895 ], [ 112.776718139000081, -7.310130118999894 ], [ 112.77648162800017, -7.310070036999889 ], [ 112.776229858000079, -7.30999994299998 ], [ 112.775993347000167, -7.309929846999921 ], [ 112.775817871000072, -7.309880256999975 ], [ 112.77568817000008, -7.309843540999964 ], [ 112.775512695000202, -7.309800148999955 ], [ 112.775283814000204, -7.309730052999896 ], [ 112.775047303000065, -7.309669969999902 ], [ 112.774818420000088, -7.309599876999869 ], [ 112.774711609000178, -7.30956983599998 ], [ 112.774597169000117, -7.309539793999875 ], [ 112.77436828600014, -7.309480188999942 ], [ 112.774108886000135, -7.309409617999961 ], [ 112.773933411000257, -7.309360027999958 ], [ 112.773696899000015, -7.309299944999964 ], [ 112.773468018000017, -7.309239864999938 ], [ 112.773239136000143, -7.309179781999944 ], [ 112.773002624000128, -7.309120176999897 ], [ 112.772773743000016, -7.309060096999929 ], [ 112.772659301000203, -7.309030532999941 ], [ 112.772537232000104, -7.309000013999935 ], [ 112.772308349000127, -7.308949946999917 ], [ 112.772102357000108, -7.308899878999966 ], [ 112.771896362, -7.308849811999892 ], [ 112.771720887000015, -7.308800219999966 ], [ 112.771568297000158, -7.308760164999967 ], [ 112.771423340000183, -7.308730125999944 ], [ 112.771301270000208, -7.308700084999941 ], [ 112.77117919900013, -7.30867004299995 ], [ 112.771072389000324, -7.308640001999947 ], [ 112.770957946000181, -7.308619975999932 ], [ 112.770851136000033, -7.308589934999929 ], [ 112.770729065000182, -7.308549879999873 ], [ 112.770599364000191, -7.308519838999871 ], [ 112.770469666000281, -7.308479784999918 ], [ 112.770317078000062, -7.308440207999979 ], [ 112.770156861000032, -7.308390139999972 ], [ 112.769989013000213, -7.308350085999962 ], [ 112.769813537000118, -7.308300017999898 ], [ 112.769561768000131, -7.308229922999942 ], [ 112.769409179000036, -7.308189867999943 ], [ 112.769187928000065, -7.308129787999917 ], [ 112.768966675000229, -7.30807018299987 ], [ 112.76873016400009, -7.308000086999868 ], [ 112.768440246000068, -7.307929992999902 ], [ 112.768218995000097, -7.307869910999955 ], [ 112.767959595000207, -7.307799814999896 ], [ 112.767677307000099, -7.307730196999898 ], [ 112.767410278000284, -7.307650087999946 ], [ 112.767204285000048, -7.307593344999873 ], [ 112.767120361000025, -7.307569979999869 ], [ 112.76683044500021, -7.307489870999916 ], [ 112.766540527000188, -7.30740022599997 ], [ 112.766242980000015, -7.307320117999893 ], [ 112.765937806000125, -7.307229995999933 ], [ 112.765632629000038, -7.307149886999866 ], [ 112.765319824000017, -7.307059764999963 ], [ 112.765007020000212, -7.306970118999914 ], [ 112.764686585000049, -7.306890009999961 ], [ 112.764587402000302, -7.30685949299982 ], [ 112.76438140800019, -7.306799887999944 ], [ 112.764068603000283, -7.30671977999998 ], [ 112.763771057000213, -7.306640147999872 ], [ 112.76348114100017, -7.306570052999916 ], [ 112.763206483000204, -7.306499956999915 ], [ 112.762969972000064, -7.306439875999899 ], [ 112.762748719000115, -7.306379795999931 ], [ 112.762557983000193, -7.306330203999892 ], [ 112.76239776500006, -7.306290148999949 ], [ 112.762252808000085, -7.306250094999939 ], [ 112.761940003000063, -7.306159972999922 ], [ 112.76199340800008, -7.305980204999969 ], [ 112.762039185000049, -7.30581998699995 ], [ 112.762039185000049, -7.305620669999882 ] ], [ [ 112.771332, -7.286471 ], [ 112.771318137000094, -7.28666732399995 ], [ 112.771301270000208, -7.286910055999954 ], [ 112.771217346000185, -7.287366389999875 ], [ 112.771195999000042, -7.287495000999968 ], [ 112.771187028000099, -7.287549835999869 ], [ 112.771160941000062, -7.28757982999997 ], [ 112.771110999000143, -7.287636998999972 ], [ 112.770821053000191, -7.289408669999943 ], [ 112.770980835000046, -7.28940391499998 ], [ 112.771195614000135, -7.28938398899993 ], [ 112.771284178000201, -7.28937577399995 ], [ 112.771957398000154, -7.289313315999948 ], [ 112.772277833000089, -7.289287089999902 ], [ 112.77229224600012, -7.289286999999888 ], [ 112.772354126000096, -7.289286612999945 ], [ 112.772521972000277, -7.28881597499992 ], [ 112.772605896000073, -7.288578033999954 ], [ 112.772712708000086, -7.28828000999988 ], [ 112.772814729000061, -7.287990205999961 ], [ 112.77286494000009, -7.287847173999978 ], [ 112.772893435000015, -7.287765897999975 ], [ 112.772934515000088, -7.287648133999937 ], [ 112.772979736000138, -7.287518501999955 ], [ 112.773013655000227, -7.28743751899998 ], [ 112.773018007000019, -7.287426982999932 ], [ 112.773049568000033, -7.287337813999898 ], [ 112.773200989000088, -7.286909580999918 ], [ 112.773345948000042, -7.286396026999967 ], [ 112.773348671, -7.286385046999953 ], [ 112.773359961000097, -7.286339537999936 ], [ 112.77337646400008, -7.286273001999916 ], [ 112.773422241000048, -7.286114691999956 ], [ 112.773483387000169, -7.285906724999904 ], [ 112.773534002000019, -7.285734568999942 ], [ 112.773658753000063, -7.285310268999922 ], [ 112.773490905000244, -7.285286424999981 ], [ 112.771545411000034, -7.284999368999877 ], [ 112.771530151000206, -7.285079955999947 ], [ 112.771506333000048, -7.28525684799996 ], [ 112.771439074000227, -7.285759439999879 ], [ 112.771428984000067, -7.285833587999889 ], [ 112.77141588700033, -7.285928927999976 ], [ 112.771377999000038, -7.286159998999892 ], [ 112.771350565000034, -7.286345485999959 ], [ 112.771332, -7.286471 ] ] ] ] } },
{ "type": "Feature", "properties": { "GID_3": "IDN.11.35.25_1", "GID_0": "IDN", "COUNTRY": "Indonesia", "GID_1": "IDN.11_1", "NAME_1": "Jawa Timur", "NL_NAME_1": "NA", "GID_2": "IDN.11.35_1", "NAME_2": "Surabaya", "NL_NAME_2": "NA", "NAME_3": "Tambaksari", "VARNAME_3": "NA", "NL_NAME_3": "NA", "TYPE_3": "Kecamatan", "ENGTYPE_3": "Sub-district", "CC_3": "3578200", "HASC_3": "NA", "LULC2021": 99, "LULC2022": 99, "LULC2023": 99, "LULC2024": 99, "Kecamatan": "Tambaksari", "UFSI": 6974767398720000.0, "Kelas_Gena": "Tinggi", "n_titik_PU": 9, "Kelas_PU_2": "Tinggi", "Validasi": "Match", "Risiko_DBD": "6.773.751.069.964.490", "Kelas_DBD": "Tinggi", "Ranking": 6 }, "geometry": { "type": "MultiPolygon", "coordinates": [ [ [ [ 112.751106263000338, -7.267489908999949 ], [ 112.751190185000041, -7.267290114999923 ], [ 112.751327514000081, -7.266809939999973 ], [ 112.751380921000191, -7.266650198999912 ], [ 112.751419068000018, -7.266510009999934 ], [ 112.751541138000221, -7.266310215999852 ], [ 112.751640321000082, -7.26613998299996 ], [ 112.751716614000088, -7.265960216999929 ], [ 112.751876832000107, -7.264480112999934 ], [ 112.751899718000345, -7.264239788999873 ], [ 112.752212525, -7.264214037999977 ], [ 112.752220153000167, -7.264070033999928 ], [ 112.7522811890002, -7.263030051999976 ], [ 112.752342224000017, -7.262277126999948 ], [ 112.752449036000144, -7.260900019999951 ], [ 112.75246429400022, -7.26067590699995 ], [ 112.752532960000167, -7.259812353999905 ], [ 112.752571107000222, -7.259375570999907 ], [ 112.75258636500007, -7.259130001999949 ], [ 112.752685547000056, -7.257651327999895 ], [ 112.752708436000148, -7.257329939999977 ], [ 112.752746583000203, -7.256619928999896 ], [ 112.752746583000203, -7.256480217999979 ], [ 112.752769471000079, -7.256090163999943 ], [ 112.75258636500007, -7.256082056999901 ], [ 112.752494811000133, -7.256077765999976 ], [ 112.752311707000104, -7.256070135999892 ], [ 112.751541138000221, -7.256050109999933 ], [ 112.751159668000014, -7.256040096999925 ], [ 112.751037598000039, -7.256040096999925 ], [ 112.75085449200003, -7.256036281999968 ], [ 112.750518798000144, -7.256030081999938 ], [ 112.750480652000192, -7.255790232999914 ], [ 112.750404358000083, -7.255461692999916 ], [ 112.750358581000114, -7.255280016999961 ], [ 112.750282287, -7.255030154999929 ], [ 112.750190735000047, -7.254741668999941 ], [ 112.75016021700003, -7.254630565999889 ], [ 112.749977113000341, -7.254059791999907 ], [ 112.749999999000124, -7.253930090999916 ], [ 112.749961852000069, -7.253699779999977 ], [ 112.749900817000253, -7.253419876999885 ], [ 112.749870300000111, -7.253270149999935 ], [ 112.749839782000095, -7.253139971999929 ], [ 112.749748230000023, -7.252880096999945 ], [ 112.749717713000223, -7.252749919999815 ], [ 112.749717713000223, -7.252460001999964 ], [ 112.749717713000223, -7.251800060999926 ], [ 112.749710083000082, -7.251377105999893 ], [ 112.749999999000124, -7.251430033999952 ], [ 112.750442505000137, -7.25145006199989 ], [ 112.750923157000102, -7.251420020999888 ], [ 112.751289367000027, -7.25141000799988 ], [ 112.75137329100005, -7.25141000799988 ], [ 112.752052308000202, -7.25141000799988 ], [ 112.752410889000089, -7.251395224999897 ], [ 112.75272369400011, -7.251381873999946 ], [ 112.752861023000037, -7.251369952999937 ], [ 112.752937317000146, -7.251369952999937 ], [ 112.753013610000153, -7.251359939999929 ], [ 112.753112792000024, -7.251369952999937 ], [ 112.753173828000058, -7.250236034999887 ], [ 112.753189086000134, -7.249979972999938 ], [ 112.753250121000065, -7.249119280999878 ], [ 112.753601075, -7.249159334999888 ], [ 112.753829956000232, -7.249175070999968 ], [ 112.754005432000099, -7.249186992999967 ], [ 112.754791261000037, -7.249239920999912 ], [ 112.755096435000041, -7.249269961999914 ], [ 112.755249023000147, -7.249279974999922 ], [ 112.755378723000035, -7.249229907999961 ], [ 112.755653381000116, -7.249189853999951 ], [ 112.755958558000088, -7.249139785999887 ], [ 112.756141662, -7.249094008999919 ], [ 112.756416320000312, -7.249022482999976 ], [ 112.757316589000084, -7.248737334999873 ], [ 112.757568359000174, -7.248660086999905 ], [ 112.757698060000166, -7.248660086999905 ], [ 112.757797242000038, -7.248660086999905 ], [ 112.757957459000068, -7.248685359999968 ], [ 112.758232117000034, -7.248730181999917 ], [ 112.758331299000019, -7.248754977999852 ], [ 112.758888245000094, -7.248889921999933 ], [ 112.759262085000159, -7.248960017999934 ], [ 112.759452820000206, -7.248000144999935 ], [ 112.759506225000109, -7.247690200999955 ], [ 112.75956726000004, -7.247470855999893 ], [ 112.759635925000339, -7.247188089999952 ], [ 112.759689331000118, -7.246969221999962 ], [ 112.759712219000107, -7.246874809999895 ], [ 112.759742738000227, -7.246769904999894 ], [ 112.759849548000034, -7.246354102999874 ], [ 112.759948730000019, -7.245987415999934 ], [ 112.759986877000074, -7.245860099999959 ], [ 112.760108948000152, -7.245400428999915 ], [ 112.76013946400019, -7.245289802999935 ], [ 112.760231018000127, -7.244954109999981 ], [ 112.760429383000087, -7.244288920999963 ], [ 112.760581970000203, -7.243747710999969 ], [ 112.760627747000171, -7.243589878999956 ], [ 112.760787964000201, -7.242990015999965 ], [ 112.760810853000066, -7.242909906999841 ], [ 112.760940552000193, -7.242497919999948 ], [ 112.761207581, -7.24162006399996 ], [ 112.761253356000111, -7.241499900999884 ], [ 112.761375427000075, -7.241123197999968 ], [ 112.761405946000195, -7.241040706999968 ], [ 112.761466979000147, -7.240839957999981 ], [ 112.761596680000139, -7.240389823999976 ], [ 112.761756897000168, -7.239920138999935 ], [ 112.76190948500016, -7.23955011399994 ], [ 112.76219177300004, -7.239059923999946 ], [ 112.76239776500006, -7.238619803999882 ], [ 112.762542724000241, -7.238379954999914 ], [ 112.762771607000104, -7.23798704099994 ], [ 112.762939453000286, -7.237689971999941 ], [ 112.763168336000149, -7.237249851999934 ], [ 112.76356506400009, -7.236562728999957 ], [ 112.763702393000017, -7.236320017999844 ], [ 112.76383209200003, -7.236360072999958 ], [ 112.763900758000204, -7.23638153099995 ], [ 112.764053345000093, -7.236428260999901 ], [ 112.764244079000036, -7.236411571999952 ], [ 112.764373780000028, -7.236400126999968 ], [ 112.764450074000138, -7.236377237999932 ], [ 112.764595033000319, -7.236336230999939 ], [ 112.764694215000191, -7.236311434999948 ], [ 112.764930726000102, -7.236249922999889 ], [ 112.765327454000044, -7.236199854999938 ], [ 112.765411376000088, -7.236192701999869 ], [ 112.765556335000269, -7.23617982899998 ], [ 112.765800477000084, -7.236152647999916 ], [ 112.765869140000177, -7.235915183999907 ], [ 112.765945434000059, -7.235676764999823 ], [ 112.766082763000099, -7.235694408999962 ], [ 112.766204833000074, -7.235722541999962 ], [ 112.766464233000079, -7.235820291999971 ], [ 112.76679992600009, -7.235835074999954 ], [ 112.766899108000075, -7.235838889999911 ], [ 112.766891480000027, -7.236284731999945 ], [ 112.767051698000273, -7.236309049999932 ], [ 112.767066956000122, -7.236482142999932 ], [ 112.767364503000181, -7.236576556999921 ], [ 112.767822266000053, -7.236670969999921 ], [ 112.768035889000089, -7.235794543999873 ], [ 112.768333435000045, -7.235821724999937 ], [ 112.76879119900002, -7.235857485999929 ], [ 112.769065857000214, -7.235794065999926 ], [ 112.769355774000132, -7.235772609999913 ], [ 112.769569396000065, -7.235756873999946 ], [ 112.770034790000182, -7.235741615999927 ], [ 112.7703247070001, -7.235733507999896 ], [ 112.770568848000153, -7.235706328999981 ], [ 112.770782470000086, -7.235793112999943 ], [ 112.771072389000324, -7.235880374999965 ], [ 112.771347047000177, -7.235900400999924 ], [ 112.771560669000223, -7.235919474999832 ], [ 112.771568297000158, -7.236087321999946 ], [ 112.77175903400007, -7.236067293999895 ], [ 112.771835327000076, -7.236073493999982 ], [ 112.772148132000098, -7.236100672999896 ], [ 112.772285461000024, -7.236112593999906 ], [ 112.772377015000075, -7.236120700999948 ], [ 112.772552491000056, -7.236120700999948 ], [ 112.772789002000195, -7.236120700999948 ], [ 112.7730941760002, -7.236134051999898 ], [ 112.773170472000288, -7.236297606999926 ], [ 112.773345948000042, -7.236367702999871 ], [ 112.773406983000086, -7.236467837999896 ], [ 112.773490905000244, -7.236501216999898 ], [ 112.773506165000072, -7.236601828999881 ], [ 112.773590087000116, -7.236655235999933 ], [ 112.773643494000339, -7.23676204599991 ], [ 112.773666383000204, -7.23684978499989 ], [ 112.773742676000211, -7.236995696999884 ], [ 112.773834228000169, -7.237069129999895 ], [ 112.773979187, -7.237069129999895 ], [ 112.774101258000201, -7.237055777999956 ], [ 112.774230957000213, -7.236962317999939 ], [ 112.774276734000182, -7.236835479999968 ], [ 112.774360656000226, -7.236661910999885 ], [ 112.7745361340003, -7.236795424999912 ], [ 112.774604797000052, -7.236915587999931 ], [ 112.774688721000075, -7.236928938999938 ], [ 112.77481079100005, -7.236895559999937 ], [ 112.775161743000126, -7.236788749999903 ], [ 112.775253295000084, -7.236715316999948 ], [ 112.77530670200008, -7.236608503999889 ], [ 112.775413513000331, -7.236514566999972 ], [ 112.775466920000099, -7.236462116999974 ], [ 112.775588988000209, -7.236327647999929 ], [ 112.77568817000008, -7.236187456999971 ], [ 112.775772094000104, -7.236057757999902 ], [ 112.775840760000051, -7.235966205999944 ], [ 112.775917053000057, -7.235808848999909 ], [ 112.77604675200007, -7.235593795999876 ], [ 112.776252747000171, -7.235248087999878 ], [ 112.776283263000209, -7.235177516999897 ], [ 112.776420592000136, -7.235188484999924 ], [ 112.776634217000264, -7.235251902999948 ], [ 112.776748657000098, -7.23526954599987 ], [ 112.776969910000048, -7.235318660999951 ], [ 112.777153016000284, -7.235332966999977 ], [ 112.777183533000084, -7.235221861999946 ], [ 112.777206421000187, -7.235114096999894 ], [ 112.777465821000192, -7.235149382999964 ], [ 112.777587891000167, -7.235117911999964 ], [ 112.777656555000135, -7.234969614999955 ], [ 112.777725220000207, -7.23493432999993 ], [ 112.777824403000182, -7.234514712999953 ], [ 112.777778626000213, -7.23444413999988 ], [ 112.777702332000104, -7.234408855999959 ], [ 112.777679443000238, -7.234329699999932 ], [ 112.777610778000167, -7.234265803999961 ], [ 112.777519226000209, -7.234220026999878 ], [ 112.777427674000137, -7.234131812999976 ], [ 112.777450561000137, -7.234057901999904 ], [ 112.777503968000019, -7.233997821999878 ], [ 112.777587891000167, -7.23381090099997 ], [ 112.777671813000097, -7.233625888999939 ], [ 112.777732849000017, -7.233483314999944 ], [ 112.777824403000182, -7.233292578999908 ], [ 112.777893066000047, -7.233110904999876 ], [ 112.777946471000178, -7.233016967999902 ], [ 112.778121949000251, -7.233072280999977 ], [ 112.778274536000026, -7.23312187099998 ], [ 112.778366088000098, -7.233191966999925 ], [ 112.778450012, -7.233229635999919 ], [ 112.778526306000231, -7.233294485999977 ], [ 112.778625488000102, -7.233353613999896 ], [ 112.778709412000126, -7.233413696999889 ], [ 112.778831482000101, -7.233495235999953 ], [ 112.779022217000147, -7.233608245999903 ], [ 112.779090882000219, -7.233631609999975 ], [ 112.77923583900008, -7.233682154999883 ], [ 112.779289246000076, -7.233562468999935 ], [ 112.779296874000011, -7.23347091699992 ], [ 112.779403687000126, -7.233170985999948 ], [ 112.779495239000198, -7.233005047999939 ], [ 112.779518127000188, -7.233115672999929 ], [ 112.779541016000167, -7.233234405999951 ], [ 112.779495239000198, -7.233386039999914 ], [ 112.779472350000219, -7.23369312299991 ], [ 112.779541016000167, -7.233777523999947 ], [ 112.779617309000173, -7.233795164999947 ], [ 112.779708861000131, -7.233857629999932 ], [ 112.779815674000019, -7.233888148999881 ], [ 112.779914856, -7.233911514999932 ], [ 112.779983521000077, -7.234095095999976 ], [ 112.780006408000304, -7.234206198999914 ], [ 112.780075073000035, -7.23429441299993 ], [ 112.780158997000058, -7.234371661999944 ], [ 112.780220032000216, -7.234449385999937 ], [ 112.780273438000222, -7.234523295999963 ], [ 112.780303954000033, -7.234611510999969 ], [ 112.780303954000033, -7.234703539999941 ], [ 112.780227661000026, -7.234802246999948 ], [ 112.780166625000106, -7.23485517499995 ], [ 112.7800903320001, -7.234886645999893 ], [ 112.779998780000028, -7.234987257999876 ], [ 112.779960633000201, -7.235068321999904 ], [ 112.779945374000022, -7.235149382999964 ], [ 112.77995300300006, -7.235262393999903 ], [ 112.779998780000028, -7.235322475999908 ], [ 112.780067443000121, -7.235383033999938 ], [ 112.780189514000199, -7.235477445999948 ], [ 112.780273438000222, -7.235540866999941 ], [ 112.780303954000033, -7.235643385999879 ], [ 112.78038025, -7.235677717999977 ], [ 112.780471802000079, -7.235682010999881 ], [ 112.780639647000044, -7.23573493799995 ], [ 112.780830384000069, -7.235710143999938 ], [ 112.780944824000017, -7.235678672999882 ], [ 112.781051636000143, -7.235399722999887 ], [ 112.781219482000097, -7.234994410999946 ], [ 112.781280517000141, -7.234825132999958 ], [ 112.781585694000228, -7.234837530999926 ], [ 112.781768798000144, -7.234869479999929 ], [ 112.781913757000098, -7.234896183999979 ], [ 112.782051086000024, -7.234920024999894 ], [ 112.782272339000087, -7.234930037999959 ], [ 112.782470703000058, -7.234940050999967 ], [ 112.782546997000281, -7.234949588999939 ], [ 112.782707214000084, -7.234974859999909 ], [ 112.782997130000126, -7.23502015999992 ], [ 112.783401489000084, -7.235070228999973 ], [ 112.783790588000102, -7.235099792999961 ], [ 112.783889921000195, -7.235079803999895 ], [ 112.784042100000079, -7.23511974999991 ], [ 112.783660889000089, -7.23669147499993 ], [ 112.783447266000053, -7.23801517499993 ], [ 112.783462524000129, -7.238823889999878 ], [ 112.783500671000184, -7.239497661999962 ], [ 112.783592223000255, -7.241274357999941 ], [ 112.783592223000255, -7.242394447999914 ], [ 112.783493041000042, -7.242813586999944 ], [ 112.783203125000227, -7.244199751999872 ], [ 112.782897948000141, -7.245644569999968 ], [ 112.783012391000057, -7.245635509999943 ], [ 112.782997130000126, -7.245817182999872 ], [ 112.78284454300001, -7.24728012099996 ], [ 112.784141541000054, -7.247391699999923 ], [ 112.785575866000158, -7.24747848599992 ], [ 112.785995483000193, -7.247504234999838 ], [ 112.787208557000326, -7.247578142999885 ], [ 112.787376403000053, -7.247588633999953 ], [ 112.788658143000021, -7.247700213999963 ], [ 112.788940429000149, -7.247779844999968 ], [ 112.789260864000084, -7.247805118999963 ], [ 112.789207459000181, -7.248024463999968 ], [ 112.788993836000031, -7.248965262999945 ], [ 112.788810730000137, -7.249758242999974 ], [ 112.788711548000038, -7.250196455999912 ], [ 112.787971496000182, -7.249772070999882 ], [ 112.786735535000275, -7.249485014999948 ], [ 112.786285400000111, -7.249380587999894 ], [ 112.7859268200001, -7.249322889999917 ], [ 112.785522461000141, -7.249257086999933 ], [ 112.785339355000019, -7.249226569999962 ], [ 112.785186768000131, -7.249202251999975 ], [ 112.784271240000066, -7.249057769999922 ], [ 112.784034729000268, -7.24902009799996 ], [ 112.783805848000043, -7.248983858999964 ], [ 112.783721924000019, -7.248928068999874 ], [ 112.783584595000207, -7.248918055999923 ], [ 112.783454894000215, -7.249200820999874 ], [ 112.783424378000177, -7.249483584999894 ], [ 112.78336334200003, -7.249596117999886 ], [ 112.783027649000132, -7.249917982999875 ], [ 112.78267669700017, -7.250246524999966 ], [ 112.782226562, -7.250677107999877 ], [ 112.781806947000177, -7.251073836999979 ], [ 112.78165435700032, -7.25122117899997 ], [ 112.781311036000034, -7.25153636899995 ], [ 112.781211854000048, -7.251609801999962 ], [ 112.7808837890002, -7.251900195999951 ], [ 112.780563354000037, -7.252136706999977 ], [ 112.780197144000113, -7.252478599999904 ], [ 112.7804489130001, -7.252650737999943 ], [ 112.782234192000033, -7.253257273999964 ], [ 112.782112121000182, -7.253415106999967 ], [ 112.782043458000089, -7.253501415999892 ], [ 112.781921387000011, -7.253650664999896 ], [ 112.781547547000059, -7.254075049999926 ], [ 112.781417846000068, -7.254230021999888 ], [ 112.781196594000221, -7.254499434999957 ], [ 112.781066895000208, -7.254658221999875 ], [ 112.780914307000216, -7.254846095999881 ], [ 112.779983521000077, -7.254680155999893 ], [ 112.779151917000036, -7.254549979999979 ], [ 112.778503417000024, -7.254425525999977 ], [ 112.77791595500014, -7.254293917999917 ], [ 112.777816772000165, -7.254546164999908 ], [ 112.777778626000213, -7.254642486999899 ], [ 112.77761840800008, -7.254690168999957 ], [ 112.777519226000209, -7.254730223999957 ], [ 112.777450561000137, -7.254769801999942 ], [ 112.777381897000168, -7.254809856999884 ], [ 112.77732086200001, -7.254849910999951 ], [ 112.77725982600009, -7.254899978999958 ], [ 112.777183533000084, -7.255000113999927 ], [ 112.777107239000316, -7.255129813999929 ], [ 112.777061462, -7.255219935999889 ], [ 112.777008057000103, -7.255330085999958 ], [ 112.776947022000172, -7.255459784999914 ], [ 112.776908875000117, -7.255562304999899 ], [ 112.776817321000181, -7.255750178999961 ], [ 112.776771546000191, -7.255880354999931 ], [ 112.776687622000168, -7.256070135999892 ], [ 112.776618957000096, -7.256239890999893 ], [ 112.776550293000241, -7.256400108999912 ], [ 112.77648162800017, -7.256569861999935 ], [ 112.776412964000201, -7.256730078999965 ], [ 112.776336670000092, -7.256879805999915 ], [ 112.776283263000209, -7.257030010999927 ], [ 112.77622223000003, -7.257180212999913 ], [ 112.776161195000213, -7.257319926999912 ], [ 112.77610015900018, -7.257460115999891 ], [ 112.776039124000135, -7.257579803999931 ], [ 112.775978089000205, -7.257709979999959 ], [ 112.775932312, -7.257820127999935 ], [ 112.775878907000106, -7.257929800999932 ], [ 112.775840760000051, -7.258029937999879 ], [ 112.775802613000224, -7.258130072999904 ], [ 112.775756836000028, -7.258220194999979 ], [ 112.775726319000114, -7.258299827999906 ], [ 112.775703431000011, -7.258369921999929 ], [ 112.775573730000019, -7.258644580999942 ], [ 112.775489806000337, -7.258689880999952 ], [ 112.775329591000173, -7.25887012499993 ], [ 112.77530670200008, -7.258999823999943 ], [ 112.775283814000204, -7.259170055999959 ], [ 112.775207520000095, -7.259230136999975 ], [ 112.775131226000212, -7.259250162999933 ], [ 112.77500915600001, -7.259270190999928 ], [ 112.775001526000096, -7.259510039999952 ], [ 112.774986267000031, -7.25965023099991 ], [ 112.774917602000073, -7.259739875999969 ], [ 112.77478790300006, -7.259907245999955 ], [ 112.774620055000014, -7.260235308999938 ], [ 112.77452850300017, -7.260429857999952 ], [ 112.774497987000132, -7.260495662999972 ], [ 112.774429321000071, -7.260651110999959 ], [ 112.774330139000085, -7.260859965999884 ], [ 112.77436828600014, -7.260970115999953 ], [ 112.774436951000212, -7.261158466999916 ], [ 112.774398805000033, -7.261320113999943 ], [ 112.774322509000172, -7.261461733999965 ], [ 112.774261476000106, -7.26157998899987 ], [ 112.774116516000049, -7.261859892999951 ], [ 112.774009704000264, -7.262169836999931 ], [ 112.773910522000051, -7.26253795699995 ], [ 112.774223327000072, -7.262611864999826 ], [ 112.774543762, -7.262369155999977 ], [ 112.774658202000069, -7.262405394999973 ], [ 112.774719238000216, -7.262452602999872 ], [ 112.774902343, -7.262611864999826 ], [ 112.774971009000183, -7.262673377999931 ], [ 112.775093080000033, -7.262678622999942 ], [ 112.775230409000073, -7.262430190999964 ], [ 112.775413513000331, -7.262092112999881 ], [ 112.775474548000147, -7.26197480999997 ], [ 112.775550841000154, -7.261802196999952 ], [ 112.77640533400006, -7.26230478299982 ], [ 112.776489258000083, -7.262340067999958 ], [ 112.776557923000041, -7.262380121999911 ], [ 112.776939392000031, -7.262560367999981 ], [ 112.778190613000106, -7.263203142999885 ], [ 112.778060914000093, -7.263492106999934 ], [ 112.77791595500014, -7.263614654999913 ], [ 112.777778626000213, -7.263725279999846 ], [ 112.77761840800008, -7.263795375999962 ], [ 112.777328492000038, -7.263819693999949 ], [ 112.777221680000139, -7.263872146999915 ], [ 112.777046204000158, -7.263907432999929 ], [ 112.776824951000094, -7.263943194999911 ], [ 112.776611328000058, -7.264126777999934 ], [ 112.77648162800017, -7.264110087999882 ], [ 112.776344299000129, -7.264097213999889 ], [ 112.776062013000342, -7.264070033999928 ], [ 112.775901795000095, -7.264060019999931 ], [ 112.775619507000329, -7.264027595999892 ], [ 112.775108338000223, -7.263969898999903 ], [ 112.774757384000168, -7.263929843999961 ], [ 112.774589539000203, -7.26391363099998 ], [ 112.774353028000064, -7.263889789999951 ], [ 112.774154663000104, -7.263869285999931 ], [ 112.773513793, -7.263800142999912 ], [ 112.773429870000086, -7.263790129999961 ], [ 112.773307801000215, -7.263780116999953 ], [ 112.772369385000047, -7.263707636999868 ], [ 112.772140504000163, -7.263689994999936 ], [ 112.771736145000204, -7.263637542999959 ], [ 112.771598816000278, -7.263619899999981 ], [ 112.770812989000206, -7.263529777999906 ], [ 112.770492554000043, -7.263492583999948 ], [ 112.770118714000205, -7.263450144999979 ], [ 112.769752502000074, -7.263410089999979 ], [ 112.769561768000131, -7.263390063999907 ], [ 112.769279480000023, -7.263350009999954 ], [ 112.768585205000022, -7.263268470999947 ], [ 112.768310547000056, -7.263236521999886 ], [ 112.767906188000097, -7.263189791999935 ], [ 112.767517090000069, -7.263139724999974 ], [ 112.767356872000164, -7.263120173999937 ], [ 112.766975402000185, -7.263081549999981 ], [ 112.766487122000285, -7.263033389999975 ], [ 112.766296387000011, -7.263014315999897 ], [ 112.765548705000015, -7.262939929999959 ], [ 112.765449523000143, -7.262924669999961 ], [ 112.765220642000145, -7.262889860999906 ], [ 112.764816283000187, -7.26282977999989 ], [ 112.764717101000087, -7.262839792999955 ], [ 112.764450074000138, -7.262845038999956 ], [ 112.764198304000047, -7.262810229999957 ], [ 112.763954163000221, -7.26297330899996 ], [ 112.763595581000232, -7.263619899999981 ], [ 112.763397217000147, -7.263981341999965 ], [ 112.763206483000204, -7.264328955999872 ], [ 112.763160706, -7.264414786999964 ], [ 112.763084412000126, -7.264555453999947 ], [ 112.762588501000209, -7.265469073999952 ], [ 112.762611390000075, -7.265718460999892 ], [ 112.76257324300002, -7.265854358999945 ], [ 112.762222289000078, -7.265880107999976 ], [ 112.761573791000274, -7.265880107999976 ], [ 112.761276245000204, -7.265880107999976 ], [ 112.761108399000136, -7.265880107999976 ], [ 112.760932922000052, -7.265880107999976 ], [ 112.760749818000022, -7.265880107999976 ], [ 112.76033782900015, -7.265860079999925 ], [ 112.760261535000041, -7.265856264999968 ], [ 112.759880067000154, -7.265838623999912 ], [ 112.759246827000084, -7.265810012999964 ], [ 112.758636474000014, -7.26579999899991 ], [ 112.757759095000097, -7.265759944999957 ], [ 112.757072448000031, -7.265709877999939 ], [ 112.75676727300015, -7.26567983599989 ], [ 112.756591798000045, -7.265649794999831 ], [ 112.75649261600006, -7.265620230999957 ], [ 112.756416320000312, -7.265708444999973 ], [ 112.755958558000088, -7.266240119999907 ], [ 112.755691528000057, -7.26645994099988 ], [ 112.755348205000132, -7.26677989999996 ], [ 112.75525665300006, -7.266980169999954 ], [ 112.755203248000157, -7.267199992999906 ], [ 112.75514221200001, -7.267570017999901 ], [ 112.755149841000048, -7.268058299999893 ], [ 112.755157471000189, -7.268429754999886 ], [ 112.755157471000189, -7.268539904999955 ], [ 112.755096435000041, -7.268700122999974 ], [ 112.755012512, -7.268819808999922 ], [ 112.754821777000075, -7.268949984999949 ], [ 112.754722595000089, -7.268990038999959 ], [ 112.754631043000131, -7.269020079999962 ], [ 112.754478454000036, -7.269020079999962 ], [ 112.754364014000316, -7.269015312999954 ], [ 112.754219054000032, -7.269009112999981 ], [ 112.753997804000051, -7.26900005199991 ], [ 112.753746032000208, -7.268917082999963 ], [ 112.753425597000046, -7.268792629999894 ], [ 112.753143311000144, -7.268605230999924 ], [ 112.752838135000275, -7.268384455999978 ], [ 112.752746583000203, -7.268290042999979 ], [ 112.752632142000039, -7.268089293999878 ], [ 112.752510071000188, -7.267879961999881 ], [ 112.752403259000175, -7.267739772999903 ], [ 112.7522811890002, -7.267660140999965 ], [ 112.752166748000036, -7.267660140999965 ], [ 112.751930237000124, -7.267690180999978 ], [ 112.751350402000071, -7.267930031999924 ], [ 112.751136780000138, -7.267960070999948 ], [ 112.750961304000157, -7.267980098999885 ], [ 112.750991821000071, -7.267849922999972 ], [ 112.751106263000338, -7.267489908999949 ] ] ] ] } },
{ "type": "Feature", "properties": { "GID_3": "IDN.11.35.26_1", "GID_0": "IDN", "COUNTRY": "Indonesia", "GID_1": "IDN.11_1", "NAME_1": "Jawa Timur", "NL_NAME_1": "NA", "GID_2": "IDN.11.35_1", "NAME_2": "Surabaya", "NL_NAME_2": "NA", "NAME_3": "Tandes", "VARNAME_3": "NA", "NL_NAME_3": "NA", "TYPE_3": "Kecamatan", "ENGTYPE_3": "Sub-district", "CC_3": "3578150", "HASC_3": "NA", "LULC2021": 83, "LULC2022": 82, "LULC2023": 82, "LULC2024": 82, "Kecamatan": "Tandes", "UFSI": 6928246198660000.0, "Kelas_Gena": "Tinggi", "n_titik_PU": 6, "Kelas_PU_2": "Sedang", "Validasi": "Tidak Match", "Risiko_DBD": "5.843.631.738.594.930", "Kelas_DBD": "Sedang", "Ranking": 9 }, "geometry": { "type": "MultiPolygon", "coordinates": [ [ [ [ 112.684272766000049, -7.27638006299992 ], [ 112.684242248000032, -7.276589869999952 ], [ 112.684188843000129, -7.27677011399993 ], [ 112.684120179000161, -7.276870727999949 ], [ 112.683692932000213, -7.276371954999945 ], [ 112.683593750000341, -7.276254176999885 ], [ 112.683166505000258, -7.275753497999972 ], [ 112.683090211000035, -7.275661943999921 ], [ 112.68295288000013, -7.275486468999873 ], [ 112.682571412000129, -7.275796412999966 ], [ 112.682128906000116, -7.276146888999904 ], [ 112.682006835000038, -7.276250838999886 ], [ 112.68161773700001, -7.276561258999891 ], [ 112.681388854000033, -7.276734351999949 ], [ 112.681190490000063, -7.276903629999879 ], [ 112.681114196000181, -7.27681636799997 ], [ 112.680931092000151, -7.27658891699997 ], [ 112.680831910000052, -7.276458738999963 ], [ 112.680740356000115, -7.276336192999906 ], [ 112.680427551000093, -7.275935171999947 ], [ 112.680130005000024, -7.275569914999949 ], [ 112.679496765000067, -7.27476072199994 ], [ 112.679374695000092, -7.274593828999912 ], [ 112.679283143000134, -7.27442073799989 ], [ 112.679077148000033, -7.274048805999939 ], [ 112.678787232000218, -7.273494719999917 ], [ 112.678474427000197, -7.272905826999875 ], [ 112.678428650000228, -7.2728118899999 ], [ 112.678359985000156, -7.272678851999899 ], [ 112.677955628000177, -7.271935461999874 ], [ 112.677864074000013, -7.271954059999928 ], [ 112.677749633000076, -7.2719464299999 ], [ 112.677467345000196, -7.271878241999957 ], [ 112.677192687000343, -7.271821975999899 ], [ 112.677180307000071, -7.271816559999877 ], [ 112.677116394000336, -7.271788596999897 ], [ 112.676994001000025, -7.271768 ], [ 112.676968708000231, -7.271761219999917 ], [ 112.674957275000111, -7.271221637999872 ], [ 112.674835204000033, -7.271193504999928 ], [ 112.674568114000181, -7.271122007999963 ], [ 112.674522001000014, -7.271326000999977 ], [ 112.674483999000017, -7.271485 ], [ 112.67404524400024, -7.27153389699987 ], [ 112.673820497000065, -7.27155876199987 ], [ 112.673685130000081, -7.271494525999969 ], [ 112.673614999000051, -7.271460999999874 ], [ 112.673076844000093, -7.271204094999916 ], [ 112.672775268, -7.27105998899998 ], [ 112.672752110000033, -7.271015947999899 ], [ 112.672722, -7.270957998999904 ], [ 112.672697664000111, -7.270905271999879 ], [ 112.672668458000203, -7.270841120999933 ], [ 112.672642041000017, -7.270744949999937 ], [ 112.672638, -7.27073 ], [ 112.67270699900007, -7.270479998999974 ], [ 112.672716384000069, -7.270428809999942 ], [ 112.67272949300002, -7.270359992999886 ], [ 112.672897339000087, -7.269680975999961 ], [ 112.672920227000191, -7.269599914999901 ], [ 112.672981262, -7.269420146999948 ], [ 112.672935485000039, -7.26925182399998 ], [ 112.673014309000109, -7.269081311999969 ], [ 112.673072999000055, -7.268954999999835 ], [ 112.673180000000116, -7.268545998999912 ], [ 112.673256001000027, -7.268119 ], [ 112.673256001000027, -7.267661 ], [ 112.673256001000027, -7.267338998999946 ], [ 112.673633509000069, -7.267443840999931 ], [ 112.674148560000049, -7.267587185999901 ], [ 112.674240112, -7.267614364999929 ], [ 112.674278078000157, -7.267551089999927 ], [ 112.674286001000041, -7.267537999999831 ], [ 112.674369999000078, -7.267351000999895 ], [ 112.674479542000086, -7.267122511999901 ], [ 112.674568177000083, -7.266938209999921 ], [ 112.67517852800006, -7.267104147999817 ], [ 112.675331115000176, -7.267126083999926 ], [ 112.675575256000229, -7.267188071999897 ], [ 112.675781251000103, -7.267244338999944 ], [ 112.675849914000196, -7.267282008999871 ], [ 112.675867524000068, -7.267289163999919 ], [ 112.675987243000122, -7.267337798999961 ], [ 112.676200866000045, -7.267435550999949 ], [ 112.676283558000023, -7.26743201499994 ], [ 112.676345825000112, -7.267429350999976 ], [ 112.676393345000065, -7.267391402999976 ], [ 112.676414385000044, -7.267374599999812 ], [ 112.676498412000228, -7.267280100999869 ], [ 112.676559448000262, -7.267218112999899 ], [ 112.676666260000047, -7.267079351999882 ], [ 112.676710935000074, -7.267017457999941 ], [ 112.67675775500004, -7.266952593999974 ], [ 112.676714495000056, -7.26690623199994 ], [ 112.676597999000023, -7.266781 ], [ 112.676482184000065, -7.266573588999961 ], [ 112.676445062000084, -7.266506770999968 ], [ 112.676170349000131, -7.266592501999924 ], [ 112.676094056000125, -7.266456127999845 ], [ 112.676025390000177, -7.266345024999964 ], [ 112.675941466000154, -7.266233919999934 ], [ 112.676017762000015, -7.266186237999875 ], [ 112.676116944000114, -7.266106128999922 ], [ 112.676162719000217, -7.266042708999919 ], [ 112.676177979000045, -7.265931605999981 ], [ 112.676193238000337, -7.265838623999912 ], [ 112.676216126000099, -7.265753744999927 ], [ 112.676277162000019, -7.265586851999956 ], [ 112.676307678000057, -7.265443324999978 ], [ 112.676330567000036, -7.265296458999899 ], [ 112.676338195000199, -7.264931678999915 ], [ 112.676193238000337, -7.264875410999878 ], [ 112.676025390000177, -7.264827250999872 ], [ 112.67591858000003, -7.264804839999897 ], [ 112.675956727000084, -7.264677046999964 ], [ 112.675979615000188, -7.264591692999943 ], [ 112.67605590900007, -7.264328479999904 ], [ 112.676109314000314, -7.264199256999973 ], [ 112.676170349000131, -7.26409530699982 ], [ 112.676216126000099, -7.264007090999883 ], [ 112.676307678000057, -7.263880729999926 ], [ 112.676383972000167, -7.263704298999869 ], [ 112.676208496000186, -7.263683794999963 ], [ 112.676246643000013, -7.26348209299988 ], [ 112.676239013000099, -7.26338624899995 ], [ 112.676277162000019, -7.263267040999949 ], [ 112.676322937, -7.263151167999922 ], [ 112.676376342000026, -7.26293325499995 ], [ 112.67641449100006, -7.262810229999957 ], [ 112.676429749000135, -7.262628077999921 ], [ 112.676383972000167, -7.262568472999874 ], [ 112.676322937, -7.262512207999919 ], [ 112.676254273000154, -7.262439726999958 ], [ 112.676200866000045, -7.262389659999826 ], [ 112.67605590900007, -7.262297152999963 ], [ 112.675842284000055, -7.262201308999977 ], [ 112.675880433000088, -7.262092590999941 ], [ 112.675781251000103, -7.262081622999915 ], [ 112.67569732700008, -7.262034892999964 ], [ 112.675041199000134, -7.261969089999923 ], [ 112.674880981000229, -7.261977672999933 ], [ 112.674278258000186, -7.262066363999963 ], [ 112.673812866000048, -7.262122629999908 ], [ 112.67360687200005, -7.26239728999991 ], [ 112.672569275000114, -7.262529373999939 ], [ 112.671890259000065, -7.262451171999942 ], [ 112.671463014000096, -7.262377261999973 ], [ 112.671340943000018, -7.263091086999964 ], [ 112.671325683000077, -7.26331233999997 ], [ 112.671318054000039, -7.263624667999977 ], [ 112.670837402000075, -7.263642310999899 ], [ 112.670051575000116, -7.263671874999943 ], [ 112.669677735000278, -7.263685702999965 ], [ 112.669189452000069, -7.263703823999947 ], [ 112.668449402000192, -7.263731002999975 ], [ 112.667732239000088, -7.263757705999865 ], [ 112.667205810000155, -7.263154029999896 ], [ 112.667083741000056, -7.263969898999903 ], [ 112.666992187000119, -7.264309881999964 ], [ 112.666908265000075, -7.264622211999892 ], [ 112.66683960000023, -7.264900206999869 ], [ 112.666740417000028, -7.265270231999978 ], [ 112.666694641000049, -7.26549148499987 ], [ 112.66664886600006, -7.265739916999905 ], [ 112.666572570000085, -7.266089915999942 ], [ 112.666496276000203, -7.266488073999824 ], [ 112.666412354000045, -7.266940115999944 ], [ 112.666221618, -7.267763613999932 ], [ 112.666107178000175, -7.268228052999973 ], [ 112.667190551000203, -7.268497942999943 ], [ 112.668190003000063, -7.268721580999966 ], [ 112.668472291000057, -7.268784998999877 ], [ 112.668647767000152, -7.268824575999872 ], [ 112.669754029000046, -7.269071577999966 ], [ 112.669715882000105, -7.269651412999963 ], [ 112.669342042000153, -7.269693851999932 ], [ 112.669021607000218, -7.270815371999902 ], [ 112.668937683000195, -7.271102427999949 ], [ 112.668457031000344, -7.270832060999965 ], [ 112.668075562000013, -7.271675109999933 ], [ 112.667144776000214, -7.271864890999893 ], [ 112.666114808000088, -7.272202014999891 ], [ 112.665649414000086, -7.27198982199991 ], [ 112.665122987000018, -7.271717071999944 ], [ 112.66465759200014, -7.271371840999961 ], [ 112.664703369000108, -7.27128982399995 ], [ 112.664756775000114, -7.271170138999878 ], [ 112.664878845000089, -7.270959853999955 ], [ 112.665000916000167, -7.27082443199987 ], [ 112.664093018000131, -7.270431518999942 ], [ 112.663520814000094, -7.270305155999893 ], [ 112.66310119700006, -7.270220756999947 ], [ 112.66258239800004, -7.270065306999925 ], [ 112.662590028000295, -7.269988060999935 ], [ 112.662612914000078, -7.269865989999971 ], [ 112.662666321000302, -7.26963567699994 ], [ 112.662437438000097, -7.269621848999918 ], [ 112.662223816000051, -7.269540786999869 ], [ 112.662467957000104, -7.268754482999952 ], [ 112.662490846000082, -7.268663405999973 ], [ 112.662544251000327, -7.268472194999958 ], [ 112.662574767000024, -7.268374919999872 ], [ 112.662628175, -7.268117427999812 ], [ 112.662803650000228, -7.267507076999948 ], [ 112.662803650000228, -7.267376898999885 ], [ 112.662803650000228, -7.267303942999888 ], [ 112.662788392000039, -7.267020223999964 ], [ 112.662811279000039, -7.266930102999879 ], [ 112.662826539000093, -7.266819954999903 ], [ 112.662872314000083, -7.266679762999956 ], [ 112.662834167000028, -7.266557692999982 ], [ 112.662780762000125, -7.266449927999929 ], [ 112.66281890900018, -7.266320228999973 ], [ 112.662841797000056, -7.266240119999907 ], [ 112.66287994400011, -7.266019819999883 ], [ 112.662910461000251, -7.265860079999925 ], [ 112.663055420000092, -7.265282152999873 ], [ 112.663093567000146, -7.26514005599995 ], [ 112.66311645500025, -7.264959811999915 ], [ 112.66287994400011, -7.264900206999869 ], [ 112.66258239800004, -7.264840126999957 ], [ 112.662391663000108, -7.264810085999898 ], [ 112.662239074000013, -7.264729976999945 ], [ 112.661987305000252, -7.264510153999936 ], [ 112.66166687000009, -7.26422023799995 ], [ 112.661483764000081, -7.264059065999902 ], [ 112.661422729000265, -7.263999937999927 ], [ 112.661331177000193, -7.263870238999914 ], [ 112.661277771000186, -7.263800142999912 ], [ 112.661216736000029, -7.263669966999885 ], [ 112.661178589000315, -7.263569831999973 ], [ 112.661178589000315, -7.263469217999955 ], [ 112.660881043000018, -7.263359069999922 ], [ 112.660881043000018, -7.263114928999869 ], [ 112.660568238000224, -7.263203142999885 ], [ 112.660552978000169, -7.262843608999901 ], [ 112.660308838000219, -7.26285743699998 ], [ 112.660324097000171, -7.262748718999944 ], [ 112.660079956000118, -7.262775897999973 ], [ 112.66009521400008, -7.262640475999945 ], [ 112.659942627000191, -7.26262664799998 ], [ 112.659622192000029, -7.262539863999905 ], [ 112.659362792000138, -7.262282371999902 ], [ 112.659202577000087, -7.262127399999883 ], [ 112.659126281000113, -7.262031077999893 ], [ 112.659065246000182, -7.261814117999961 ], [ 112.658966065000072, -7.261645794999936 ], [ 112.658897400000114, -7.261500834999936 ], [ 112.658866883000201, -7.261306285999979 ], [ 112.658958435000159, -7.261261938999951 ], [ 112.658790588000215, -7.261074065999935 ], [ 112.658813476000091, -7.260982035999973 ], [ 112.658889770000201, -7.260931968999898 ], [ 112.658889770000201, -7.260826586999883 ], [ 112.658927917000256, -7.260731696999869 ], [ 112.658996582000213, -7.260586737999972 ], [ 112.659103394000113, -7.260491370999944 ], [ 112.659202577000087, -7.260412691999932 ], [ 112.659309387, -7.260389327999974 ], [ 112.659492493000243, -7.260242461999951 ], [ 112.65955352800006, -7.260187148999933 ], [ 112.659683227000073, -7.260100364999857 ], [ 112.659843444000103, -7.259976386999881 ], [ 112.659820556000113, -7.259907722999969 ], [ 112.659698487000242, -7.259804248999956 ], [ 112.659652710000273, -7.259740352999927 ], [ 112.65956878600025, -7.259661673999972 ], [ 112.659454346000075, -7.259639262999883 ], [ 112.659400941000172, -7.259553908999919 ], [ 112.659515381, -7.259305477999874 ], [ 112.659591675000115, -7.259002207999856 ], [ 112.65977478100001, -7.25818776999995 ], [ 112.6597900390002, -7.258071899999948 ], [ 112.659889221000071, -7.257216452999955 ], [ 112.659927368000126, -7.256876945999977 ], [ 112.659965515000181, -7.256580352999947 ], [ 112.659980773000143, -7.256497858999921 ], [ 112.660018920000198, -7.256206989999953 ], [ 112.659942627000191, -7.256115435999902 ], [ 112.659873963000223, -7.25608396399997 ], [ 112.659782409000059, -7.25605392499989 ], [ 112.659347534000062, -7.255942819999916 ], [ 112.658874511000135, -7.25586652699991 ], [ 112.658370973000046, -7.255763530999957 ], [ 112.658241272000055, -7.255745887999979 ], [ 112.657966614000202, -7.255630015999884 ], [ 112.657585144000109, -7.255482195999946 ], [ 112.657615662000126, -7.255405424999879 ], [ 112.657646147000037, -7.255293008999899 ], [ 112.657625612000061, -7.255290534999972 ], [ 112.657555000000116, -7.255282 ], [ 112.657226500000093, -7.255175999999892 ], [ 112.656898, -7.255069998999943 ], [ 112.656763119000061, -7.255042750999962 ], [ 112.656598788000224, -7.255009653999934 ], [ 112.656287558000031, -7.254960767999933 ], [ 112.656216967000091, -7.25495 ], [ 112.656206074000011, -7.254949800999952 ], [ 112.656089783000084, -7.254947660999846 ], [ 112.655929566000054, -7.254914759999963 ], [ 112.655838012000117, -7.254897593999942 ], [ 112.655563354000151, -7.25487470499985 ], [ 112.655334473000153, -7.254797935999875 ], [ 112.655204772000161, -7.254785537999908 ], [ 112.654785157000106, -7.254764556999874 ], [ 112.654715107000015, -7.254743540999925 ], [ 112.654670999000132, -7.25473 ], [ 112.654404000000113, -7.25473 ], [ 112.654453497000077, -7.254545010999948 ], [ 112.65450300100008, -7.25436 ], [ 112.654533702000208, -7.254246889999934 ], [ 112.654540627000188, -7.254221437999888 ], [ 112.65454760700004, -7.254204466999965 ], [ 112.654597957000078, -7.254085744999941 ], [ 112.654624947000229, -7.254022119999888 ], [ 112.65473175000011, -7.253620146999936 ], [ 112.654830932000095, -7.253180025999939 ], [ 112.654861451000102, -7.253026007999892 ], [ 112.6550598150003, -7.252170085999978 ], [ 112.655120850000117, -7.251880169999879 ], [ 112.655181886000037, -7.251520157999948 ], [ 112.655181886000037, -7.25123977699991 ], [ 112.655120850000117, -7.250840185999891 ], [ 112.655128479000155, -7.250599859999909 ], [ 112.655158997000171, -7.250380038999936 ], [ 112.655189514000085, -7.250299930999972 ], [ 112.655227661000026, -7.250140190999957 ], [ 112.655250549000129, -7.250010011999962 ], [ 112.655166625000106, -7.249889850999978 ], [ 112.655128479000155, -7.249430179999933 ], [ 112.6550903320001, -7.249030113999879 ], [ 112.6550598150003, -7.248670101999949 ], [ 112.65502929600018, -7.248350143999915 ], [ 112.654998780000142, -7.24807977699993 ], [ 112.654983521000077, -7.247829914999954 ], [ 112.654960633000087, -7.247610091999888 ], [ 112.654937744000108, -7.247419832999981 ], [ 112.654922486000032, -7.247240066999893 ], [ 112.654899598000156, -7.247089862999928 ], [ 112.65489196700014, -7.246950148999929 ], [ 112.65486907900015, -7.246819972999958 ], [ 112.654861451000102, -7.246699809999882 ], [ 112.65484619200015, -7.246590136999941 ], [ 112.654838562, -7.246490001999916 ], [ 112.654823304000047, -7.246389864999912 ], [ 112.65480804400022, -7.246290207999948 ], [ 112.654800415000182, -7.246180057999936 ], [ 112.654777527000078, -7.246079920999932 ], [ 112.654769897000165, -7.24596023499987 ], [ 112.654747010000051, -7.245840071999964 ], [ 112.654739380000024, -7.245709895999937 ], [ 112.654716492000034, -7.24556016899993 ], [ 112.654701233000083, -7.245409963999919 ], [ 112.654693603000055, -7.245240210999896 ], [ 112.654670715000066, -7.245059966999918 ], [ 112.654647828000066, -7.244880198999965 ], [ 112.654632568000011, -7.244699955999977 ], [ 112.654617309000287, -7.244530199999872 ], [ 112.654602051000097, -7.244369982999956 ], [ 112.654586793000249, -7.24421978099997 ], [ 112.654571532000318, -7.244090079999978 ], [ 112.654556274000129, -7.243969916999959 ], [ 112.654548646000194, -7.243869781999933 ], [ 112.65454101600028, -7.243770121999944 ], [ 112.654533386000026, -7.24367999999987 ], [ 112.654533386000026, -7.243599891999907 ], [ 112.654518127000074, -7.243519782999954 ], [ 112.65451049700016, -7.243440151999948 ], [ 112.654502869000225, -7.243350027999952 ], [ 112.654487611000036, -7.243269920999978 ], [ 112.654479980000019, -7.243179796999868 ], [ 112.654472350000106, -7.243090152999912 ], [ 112.654457092000257, -7.243000030999838 ], [ 112.654449464000209, -7.242919921999942 ], [ 112.654441834000068, -7.242839812999875 ], [ 112.654441834000068, -7.24276018199987 ], [ 112.654418945000089, -7.242619990999913 ], [ 112.654418945000089, -7.24249982799995 ], [ 112.654418945000089, -7.242410182999947 ], [ 112.654418945000089, -7.242310045999943 ], [ 112.654418945000089, -7.24222993799998 ], [ 112.654418945000089, -7.242149828999914 ], [ 112.654441834000068, -7.242010116999893 ], [ 112.654449464000209, -7.241919992999897 ], [ 112.654457092000257, -7.241809844999921 ], [ 112.654479980000019, -7.24174022699998 ], [ 112.654502869000225, -7.24166011799997 ], [ 112.654548646000194, -7.241519926999956 ], [ 112.654602051000097, -7.241380214999936 ], [ 112.654663086000255, -7.241240023999978 ], [ 112.654739380000024, -7.241129875999889 ], [ 112.65480804400022, -7.241069792999895 ], [ 112.65489196700014, -7.240980148999938 ], [ 112.655006408000077, -7.240890024999942 ], [ 112.6550903320001, -7.240809915999876 ], [ 112.655166625000106, -7.240739822999956 ], [ 112.655288696000184, -7.240650175999917 ], [ 112.655387878000056, -7.2405600539999 ], [ 112.655448913000214, -7.240509986999939 ], [ 112.655517579000161, -7.240449903999945 ], [ 112.655601501000206, -7.240379810999912 ], [ 112.65567016600005, -7.240340231999937 ], [ 112.655731202000197, -7.240280150999922 ], [ 112.655822754000155, -7.24021005599991 ], [ 112.655906677000075, -7.240139961999887 ], [ 112.655998229000147, -7.240069865999942 ], [ 112.656120300000225, -7.239980219999893 ], [ 112.656181335000042, -7.239930151999943 ], [ 112.656242371000076, -7.239880084999982 ], [ 112.65630340600012, -7.239830016999917 ], [ 112.656372069000213, -7.239769934999913 ], [ 112.656448365000074, -7.239709853999898 ], [ 112.656532287000118, -7.239640235999957 ], [ 112.656608582000104, -7.239580153999952 ], [ 112.656677246000072, -7.23951005999993 ], [ 112.656761170000095, -7.239439963999871 ], [ 112.656829833000074, -7.23937988199998 ], [ 112.656898499000022, -7.239319800999965 ], [ 112.656959534000066, -7.239270208999869 ], [ 112.657020569000224, -7.239220141999965 ], [ 112.657119752000085, -7.239140032999956 ], [ 112.657180787000129, -7.23907995199994 ], [ 112.657257081000012, -7.239009856999928 ], [ 112.657318116000056, -7.238959788999921 ], [ 112.657386779000149, -7.238910196999939 ], [ 112.657470703000172, -7.238860129999978 ], [ 112.657531738000102, -7.238820074999921 ], [ 112.657638551000332, -7.238759994999953 ], [ 112.657836915000075, -7.238709926999945 ], [ 112.657989502000191, -7.238709926999945 ], [ 112.658081054000263, -7.238749979999966 ], [ 112.658157348000032, -7.238790033999919 ], [ 112.658233642000141, -7.238840103999962 ], [ 112.658332824000126, -7.238930224999876 ], [ 112.658386231, -7.238979814999936 ], [ 112.658493041000156, -7.239029884999979 ], [ 112.658569337000245, -7.239059923999946 ], [ 112.658706666000171, -7.239089964999948 ], [ 112.658828734000167, -7.239109993999932 ], [ 112.658988952000072, -7.239140032999956 ], [ 112.659103394000113, -7.239140032999956 ], [ 112.659187316000157, -7.23907995199994 ], [ 112.659217835000049, -7.239009856999928 ], [ 112.659217835000049, -7.238920211999869 ], [ 112.659233093000125, -7.238840103999962 ], [ 112.659217835000049, -7.238739966999958 ], [ 112.659210205000022, -7.238639831999933 ], [ 112.659202577000087, -7.238500117999934 ], [ 112.659187316000157, -7.238409995999916 ], [ 112.659179688000222, -7.238329886999963 ], [ 112.659202577000087, -7.238200187999951 ], [ 112.659217835000049, -7.238120079999931 ], [ 112.659248352000077, -7.238039970999978 ], [ 112.659317017000149, -7.237909792999915 ], [ 112.659347534000062, -7.237840174999917 ], [ 112.659400941000172, -7.237760065999964 ], [ 112.659439088000227, -7.237689971999941 ], [ 112.659507751000092, -7.237569808999979 ], [ 112.65955352800006, -7.237510203999932 ], [ 112.659622192000029, -7.237440107999873 ], [ 112.659683227000073, -7.237370014999954 ], [ 112.6597900390002, -7.237269877999893 ], [ 112.65985107500012, -7.237219809999942 ], [ 112.659973145000095, -7.237140178999937 ], [ 112.660110474000135, -7.237100124999927 ], [ 112.660232545000213, -7.237100124999927 ], [ 112.660377502000074, -7.237160204999896 ], [ 112.660461426000211, -7.237209796999934 ], [ 112.660606385000051, -7.237249851999934 ], [ 112.660598755000137, -7.237450122999974 ], [ 112.660682679000161, -7.237569808999979 ], [ 112.66081237700007, -7.237619876999929 ], [ 112.660972595000317, -7.237830160999977 ], [ 112.661209106000115, -7.238080024999874 ], [ 112.661262513000111, -7.238170146999892 ], [ 112.661781310000038, -7.238409995999916 ], [ 112.662399292000146, -7.238609789999941 ], [ 112.662788392000039, -7.23877000799996 ], [ 112.663650513000221, -7.23889017099998 ], [ 112.663757325, -7.238900183999874 ], [ 112.664001464000194, -7.23893976099987 ], [ 112.664237975000106, -7.239009856999928 ], [ 112.664428712000017, -7.23912000699994 ], [ 112.664642334000291, -7.239309787999957 ], [ 112.664916992000144, -7.239480018999927 ], [ 112.665191650000111, -7.23960018199989 ], [ 112.665397644000109, -7.239850043999979 ], [ 112.665481568000132, -7.240009783999938 ], [ 112.665618897000172, -7.240489958999888 ], [ 112.665657044000227, -7.240709780999964 ], [ 112.665718079000044, -7.241030215999899 ], [ 112.665870667000036, -7.241650104999962 ], [ 112.665969849000135, -7.242020129999958 ], [ 112.666267395000204, -7.242199897999967 ], [ 112.66658783000014, -7.242380141999945 ], [ 112.666931152000302, -7.24222993799998 ], [ 112.667091369000332, -7.242149828999914 ], [ 112.667259217000037, -7.242169856999965 ], [ 112.667427062000115, -7.242219924999972 ], [ 112.667518616000052, -7.242209910999918 ], [ 112.667587280000021, -7.242149828999914 ], [ 112.667709350000223, -7.24162006399996 ], [ 112.667739869000343, -7.241479872999889 ], [ 112.667800902000181, -7.241360186999941 ], [ 112.667877198000042, -7.241340160999812 ], [ 112.668487549000019, -7.241489887999933 ], [ 112.668777466000165, -7.24158000999995 ], [ 112.669677735000278, -7.241869925999936 ], [ 112.669731140000181, -7.241769790999911 ], [ 112.669967651000093, -7.240660190999961 ], [ 112.670021056000223, -7.240159987999959 ], [ 112.670013428000061, -7.239880084999982 ], [ 112.669990540000185, -7.239779947999921 ], [ 112.669982910000044, -7.23968982599996 ], [ 112.670059203000051, -7.239540098999896 ], [ 112.670387268000127, -7.239130019999891 ], [ 112.67057800200007, -7.23893976099987 ], [ 112.670738220000203, -7.23881006199997 ], [ 112.670860291000054, -7.238669872999935 ], [ 112.670913696000184, -7.238510130999941 ], [ 112.670989989000191, -7.238210201999891 ], [ 112.671089172000052, -7.238009929999976 ], [ 112.671417237000014, -7.237430094999922 ], [ 112.671562196000195, -7.237279890999957 ], [ 112.671669006000116, -7.237299918999895 ], [ 112.671752930000139, -7.237319944999967 ], [ 112.671836854000162, -7.237329959999897 ], [ 112.67192840600012, -7.23734998599997 ], [ 112.672050476000095, -7.237380027999961 ], [ 112.672203064000087, -7.237430094999922 ], [ 112.672279357000093, -7.237440107999873 ], [ 112.67244720500014, -7.237470149999979 ], [ 112.672531129000163, -7.237490177999916 ], [ 112.672653197000045, -7.237500190999981 ], [ 112.672737121000068, -7.237500190999981 ], [ 112.672813415000064, -7.237500190999981 ], [ 112.672889710000049, -7.237500190999981 ], [ 112.672996521000073, -7.237500190999981 ], [ 112.673080445000096, -7.237500190999981 ], [ 112.673202515000071, -7.237500190999981 ], [ 112.673316956, -7.237500190999981 ], [ 112.67343902600021, -7.237510203999932 ], [ 112.673568725000337, -7.23752021699994 ], [ 112.673698426000328, -7.23753023199987 ], [ 112.673828125000114, -7.237549780999871 ], [ 112.67395782500023, -7.237569808999979 ], [ 112.67410278300008, -7.237589834999937 ], [ 112.674240112, -7.237619876999929 ], [ 112.674392701000102, -7.23763990499998 ], [ 112.674491883000201, -7.237659930999939 ], [ 112.674606324000138, -7.237679958999934 ], [ 112.674758911000026, -7.237699984999892 ], [ 112.674949647000062, -7.237730026999884 ], [ 112.675193786000023, -7.237760065999964 ], [ 112.675483704000044, -7.237790106999967 ], [ 112.675460816000168, -7.238049983999872 ], [ 112.675453186000027, -7.238220214999956 ], [ 112.675270080000018, -7.239250182999967 ], [ 112.675209045000202, -7.240359782999974 ], [ 112.675201416000164, -7.240809915999876 ], [ 112.675163270000212, -7.241179942999963 ], [ 112.675086976000102, -7.241429804999939 ], [ 112.674980164000203, -7.241590022999958 ], [ 112.674537658000304, -7.242199897999967 ], [ 112.674430848000043, -7.24249982799995 ], [ 112.674392701000102, -7.242727278999894 ], [ 112.674369812000123, -7.242859839999937 ], [ 112.67426300000011, -7.243509769999889 ], [ 112.674140929000259, -7.244050024999922 ], [ 112.674003601000095, -7.244609831999981 ], [ 112.673919679000051, -7.24484062199997 ], [ 112.673851013000103, -7.245039938999867 ], [ 112.674148560000049, -7.245039938999867 ], [ 112.674812316000157, -7.245220184999937 ], [ 112.675483704000044, -7.245409963999919 ], [ 112.676651002000199, -7.245739936999939 ], [ 112.677612304000149, -7.246099948999927 ], [ 112.677825927000185, -7.246192930999939 ], [ 112.677780152000196, -7.246369838999954 ], [ 112.677688598000032, -7.246600149999892 ], [ 112.677619935000166, -7.246819972999958 ], [ 112.677467345000196, -7.24732017599996 ], [ 112.677398682000103, -7.247525215999872 ], [ 112.677001953000058, -7.248660086999905 ], [ 112.676887513000111, -7.24902009799996 ], [ 112.677597046000187, -7.249259948999963 ], [ 112.678047180000249, -7.249430179999933 ], [ 112.67836761500007, -7.249499797999931 ], [ 112.678962708000199, -7.249579906999884 ], [ 112.67957305900029, -7.249639986999966 ], [ 112.680412293000131, -7.24973010899987 ], [ 112.681480408000084, -7.249829768999973 ], [ 112.681907653000053, -7.249859809999975 ], [ 112.682174683000085, -7.249859809999975 ], [ 112.682228088000329, -7.249999998999897 ], [ 112.682243347000053, -7.251007555999877 ], [ 112.682250977000194, -7.251669882999977 ], [ 112.682151795000323, -7.252409934999946 ], [ 112.681991577000076, -7.253190040999925 ], [ 112.681762696000192, -7.253970144999869 ], [ 112.681587218000232, -7.25443982999991 ], [ 112.681571960000042, -7.25461006199987 ], [ 112.681320191000054, -7.255519867999851 ], [ 112.681274414000086, -7.25563573799991 ], [ 112.682258607000108, -7.25601005599998 ], [ 112.682922363000102, -7.256229875999963 ], [ 112.68301391500006, -7.256264684999906 ], [ 112.683082172000127, -7.256288860999973 ], [ 112.683113558000059, -7.256299976999912 ], [ 112.683174133000193, -7.2563214299999 ], [ 112.683563233000086, -7.256460188999938 ], [ 112.683643896000035, -7.256490762999874 ], [ 112.683705322000037, -7.25651404599995 ], [ 112.68379877100017, -7.25654953399993 ], [ 112.684608, -7.256850000999862 ], [ 112.685127000000193, -7.25699 ], [ 112.686058000000116, -7.25724 ], [ 112.686069533000136, -7.257201146999932 ], [ 112.686111450000112, -7.257060049999893 ], [ 112.686172486000032, -7.256730078999965 ], [ 112.686302184000056, -7.255851745999962 ], [ 112.686386108000079, -7.255249976999892 ], [ 112.686149597000167, -7.255125521999901 ], [ 112.685951233000083, -7.255033969999943 ], [ 112.686070313000187, -7.254443779999974 ], [ 112.686138875000211, -7.254103971999939 ], [ 112.686331799000186, -7.253148949999968 ], [ 112.686607361000029, -7.253263471999958 ], [ 112.686759948000145, -7.253341197999873 ], [ 112.686874389000081, -7.252917765999939 ], [ 112.686935247000179, -7.25272806299995 ], [ 112.687185490000161, -7.25279175999998 ], [ 112.687206558000184, -7.252797173999966 ], [ 112.687354047000213, -7.252835297999923 ], [ 112.68750469500003, -7.252874243999884 ], [ 112.687545777000082, -7.252884863999952 ], [ 112.687873720000084, -7.252942532999953 ], [ 112.687992267000027, -7.252963356999885 ], [ 112.688080000000127, -7.252575 ], [ 112.688789087000032, -7.252703747999874 ], [ 112.690189735000104, -7.252958162999903 ], [ 112.691009522000058, -7.253107069999942 ], [ 112.691021203000219, -7.25310560999992 ], [ 112.691146851000099, -7.253089903999978 ], [ 112.69132232700008, -7.253019809999955 ], [ 112.691401459000076, -7.252985326999919 ], [ 112.691596985000047, -7.252900122999961 ], [ 112.691841034000049, -7.252769994999937 ], [ 112.692047119000335, -7.252739904999942 ], [ 112.692057684000019, -7.252742876999946 ], [ 112.692072907000011, -7.25274715799992 ], [ 112.692122939000228, -7.252761238999938 ], [ 112.691891449000082, -7.253663349999897 ], [ 112.691763828000262, -7.254159600999913 ], [ 112.691627503000063, -7.254689693999978 ], [ 112.691503134000186, -7.254657524999971 ], [ 112.691320827000141, -7.254610369999909 ], [ 112.691131593000136, -7.254561422999927 ], [ 112.690757751000092, -7.255887031999919 ], [ 112.690284728000051, -7.257364748999976 ], [ 112.690032959000177, -7.258172511999931 ], [ 112.689926147000051, -7.258702276999884 ], [ 112.689910888000099, -7.258779047999951 ], [ 112.689773559000173, -7.258944510999982 ], [ 112.689682007000101, -7.259233951999931 ], [ 112.689643861000263, -7.25936078999996 ], [ 112.6894226080002, -7.26029682199993 ], [ 112.689163208000195, -7.260169982999912 ], [ 112.689002960000266, -7.26002997199987 ], [ 112.688993830000072, -7.260083288999965 ], [ 112.688976513000171, -7.260184425999967 ], [ 112.688934325000218, -7.260430812999914 ], [ 112.688874880000185, -7.260787481999955 ], [ 112.688866890000213, -7.260835424999925 ], [ 112.68885806000003, -7.260888583999872 ], [ 112.689018891000046, -7.260935612999958 ], [ 112.689056816000061, -7.260946702999888 ], [ 112.689071656000124, -7.260951041999874 ], [ 112.68906483100011, -7.261040601999923 ], [ 112.68906402600021, -7.261051176999899 ], [ 112.689041033000308, -7.261361077999879 ], [ 112.688957214000084, -7.26163244199995 ], [ 112.688954471000102, -7.261671012999955 ], [ 112.688949586000149, -7.261739731999967 ], [ 112.688926697000056, -7.261849879999943 ], [ 112.688881472000162, -7.261896516999968 ], [ 112.688835, -7.261943998999811 ], [ 112.68877511200003, -7.262004324999907 ], [ 112.688697814000079, -7.262081622999915 ], [ 112.688658396000051, -7.262260649999973 ], [ 112.688606001000039, -7.262496999999826 ], [ 112.6883769760002, -7.262418201999878 ], [ 112.688201903000163, -7.262357710999936 ], [ 112.687957780000147, -7.262251858999946 ], [ 112.687858798000093, -7.262188568999875 ], [ 112.687823020000337, -7.262603106999961 ], [ 112.687805175000221, -7.262811183999872 ], [ 112.687753001000146, -7.263432705999946 ], [ 112.687690734000057, -7.264174460999868 ], [ 112.687507658000186, -7.266400953999891 ], [ 112.687444874000107, -7.266392732999918 ], [ 112.687423707000107, -7.266389846999971 ], [ 112.68708038300008, -7.266339779999896 ], [ 112.686736119000216, -7.2662928929999 ], [ 112.686569214000201, -7.266270160999909 ], [ 112.686453897000092, -7.266261619999909 ], [ 112.686363143000108, -7.266254971999899 ], [ 112.68631700100002, -7.266758 ], [ 112.685989260000156, -7.266736018999893 ], [ 112.685997010000051, -7.266825199999914 ], [ 112.685951233000083, -7.267210005999971 ], [ 112.685935974000017, -7.267367839999963 ], [ 112.685867309000059, -7.268025398999896 ], [ 112.685836792000146, -7.268290042999979 ], [ 112.685768127000074, -7.268980025999952 ], [ 112.685737610000274, -7.269400119999887 ], [ 112.685722352000084, -7.269511222999938 ], [ 112.685699463000219, -7.269690036999975 ], [ 112.685676575000116, -7.269859789999884 ], [ 112.685668945000202, -7.269958971999927 ], [ 112.685646056000337, -7.270275116999926 ], [ 112.685607909000282, -7.270649908999928 ], [ 112.685592651000093, -7.270870208999952 ], [ 112.685546874000124, -7.271349906999944 ], [ 112.685531616000276, -7.271629809999979 ], [ 112.685493469000107, -7.272240160999957 ], [ 112.68546295200008, -7.272640227999943 ], [ 112.68546295200008, -7.272826193999947 ], [ 112.685470580000015, -7.272920130999978 ], [ 112.685409545000084, -7.273141383999928 ], [ 112.685379028000057, -7.273230552999905 ], [ 112.685356140000181, -7.273646354999926 ], [ 112.685340882000105, -7.27395772899996 ], [ 112.685226441000168, -7.273941040999887 ], [ 112.685134887000231, -7.273950098999933 ], [ 112.685111999000128, -7.274249552999947 ], [ 112.685089112000128, -7.274320125999907 ], [ 112.685043335000159, -7.274387836999949 ], [ 112.684745789000203, -7.274403094999968 ], [ 112.684646607000332, -7.274679182999876 ], [ 112.684494019000113, -7.27466392499997 ], [ 112.684471131, -7.275027751999914 ], [ 112.684356690000072, -7.275050162999946 ], [ 112.684341430000018, -7.275370120999924 ], [ 112.68430328300019, -7.276044844999888 ], [ 112.684272766000049, -7.27638006299992 ] ] ] ] } },
{ "type": "Feature", "properties": { "GID_3": "IDN.11.35.27_1", "GID_0": "IDN", "COUNTRY": "Indonesia", "GID_1": "IDN.11_1", "NAME_1": "Jawa Timur", "NL_NAME_1": "NA", "GID_2": "IDN.11.35_1", "NAME_2": "Surabaya", "NL_NAME_2": "NA", "NAME_3": "Tegalsari", "VARNAME_3": "NA", "NL_NAME_3": "NA", "TYPE_3": "Kecamatan", "ENGTYPE_3": "Sub-district", "CC_3": "3578180", "HASC_3": "NA", "LULC2021": 100, "LULC2022": 100, "LULC2023": 99, "LULC2024": 99, "Kecamatan": "Tegalsari", "UFSI": 7132977067450000.0, "Kelas_Gena": "Tinggi", "n_titik_PU": 7, "Kelas_PU_2": "Tinggi", "Validasi": "Match", "Risiko_DBD": "643.137.325.961.935", "Kelas_DBD": "Tinggi", "Ranking": 5 }, "geometry": { "type": "MultiPolygon", "coordinates": [ [ [ [ 112.741424560000155, -7.276681421999967 ], [ 112.741516114000092, -7.276309966999975 ], [ 112.741569519000109, -7.276080130999958 ], [ 112.741676331000122, -7.275499820999926 ], [ 112.741699218000122, -7.275390148999975 ], [ 112.74176788300008, -7.275049209999963 ], [ 112.741798400000334, -7.27491044899989 ], [ 112.741943359000174, -7.274354934999963 ], [ 112.742004394000332, -7.274140834999912 ], [ 112.74210357700008, -7.273816584999906 ], [ 112.742126465000069, -7.27371978799988 ], [ 112.74226379400011, -7.27353000699992 ], [ 112.742294311000251, -7.273449897999967 ], [ 112.742347718000133, -7.273330211999905 ], [ 112.742637634000175, -7.273500917999911 ], [ 112.743415833000313, -7.27397107999991 ], [ 112.743530273000033, -7.274040222999929 ], [ 112.743911744000229, -7.274260043999902 ], [ 112.743850708000195, -7.274429798999961 ], [ 112.743797303000065, -7.274590015999934 ], [ 112.743766784000172, -7.274730204999912 ], [ 112.743736268000134, -7.274849890999974 ], [ 112.743721007000204, -7.274960040999929 ], [ 112.743698121000079, -7.275060175999954 ], [ 112.743690491000166, -7.275159835999943 ], [ 112.743690491000166, -7.275239943999907 ], [ 112.743690491000166, -7.275320052999973 ], [ 112.743682861000025, -7.275400161999926 ], [ 112.743682861000025, -7.275479792999931 ], [ 112.743690491000166, -7.275619983999889 ], [ 112.743698121000079, -7.27576017399997 ], [ 112.743721007000204, -7.275899887999969 ], [ 112.743736268000134, -7.276050089999956 ], [ 112.743759154000031, -7.276120185999901 ], [ 112.743766784000172, -7.276199816999906 ], [ 112.743789673000038, -7.276279925999972 ], [ 112.743812561000141, -7.276360033999936 ], [ 112.743843078000054, -7.276440142999832 ], [ 112.743858336000244, -7.27651977499994 ], [ 112.743888855000023, -7.276609897999947 ], [ 112.743919372000164, -7.276690004999978 ], [ 112.743949890000181, -7.276780128999974 ], [ 112.743980407000095, -7.27686977299993 ], [ 112.744010926000101, -7.276959894999948 ], [ 112.744049073000156, -7.277050018999944 ], [ 112.744079589000194, -7.277140140999904 ], [ 112.744110108000086, -7.277229784999975 ], [ 112.744323730000019, -7.277755259999935 ], [ 112.744468690000303, -7.278120041999898 ], [ 112.745010375000106, -7.27905988599997 ], [ 112.745117188000108, -7.279227255999956 ], [ 112.745811463000109, -7.280320166999957 ], [ 112.746330262000015, -7.281290052999907 ], [ 112.746459961000141, -7.281589031999943 ], [ 112.746704102000194, -7.282148837999898 ], [ 112.746879578000289, -7.282559871999979 ], [ 112.746994018, -7.283003805999954 ], [ 112.747230529000149, -7.283949851999978 ], [ 112.747222901000214, -7.284076690999939 ], [ 112.747200013000111, -7.284729956999968 ], [ 112.746986390000075, -7.285490034999953 ], [ 112.746582031000116, -7.286230086999922 ], [ 112.746162414000082, -7.286734102999958 ], [ 112.746040344000107, -7.286880016999874 ], [ 112.745292663000214, -7.287704467999959 ], [ 112.744850158000077, -7.288189887999977 ], [ 112.744285584000068, -7.288635729999839 ], [ 112.744194032000109, -7.288712024999938 ], [ 112.743888855000023, -7.288949966999894 ], [ 112.743438721000075, -7.289440154999966 ], [ 112.742828368000119, -7.290289878999943 ], [ 112.74266052300004, -7.290239809999946 ], [ 112.742568971000082, -7.290209770999979 ], [ 112.742080688000101, -7.290180206999821 ], [ 112.741653443000018, -7.290150165999933 ], [ 112.741508484000178, -7.290070056999923 ], [ 112.74141693200022, -7.289969921999898 ], [ 112.741271973000039, -7.28981685499997 ], [ 112.741127013000096, -7.289730070999951 ], [ 112.740821839000091, -7.289599894999924 ], [ 112.740432738000322, -7.289490221999927 ], [ 112.740142822000166, -7.289390086999902 ], [ 112.7398681640002, -7.289309978999938 ], [ 112.739112854000041, -7.28919982899987 ], [ 112.738693237, -7.289150238999866 ], [ 112.738342285000158, -7.289150238999866 ], [ 112.737648010000157, -7.289179801999978 ], [ 112.737327575000222, -7.289239882999823 ], [ 112.736732482000093, -7.289340019999941 ], [ 112.736297607000211, -7.289500234999934 ], [ 112.735923767000031, -7.289652346999844 ], [ 112.735832215000073, -7.289430141999844 ], [ 112.735679626000206, -7.289070129999971 ], [ 112.735183715000062, -7.288050174999967 ], [ 112.734939576000215, -7.28757 ], [ 112.734741211000028, -7.287199974999965 ], [ 112.734611511000026, -7.286950110999896 ], [ 112.734390260000055, -7.286479948999897 ], [ 112.734321594000107, -7.286340236999877 ], [ 112.734275817000139, -7.286251067999956 ], [ 112.733779907000098, -7.285309790999975 ], [ 112.73365783600002, -7.285052776999919 ], [ 112.733581542000138, -7.284890173999884 ], [ 112.733413697000174, -7.284570216999896 ], [ 112.73332977300015, -7.284423826999955 ], [ 112.733100892000152, -7.283979891999877 ], [ 112.733062745000097, -7.283889769999973 ], [ 112.733009338000215, -7.283780096999976 ], [ 112.732971191000161, -7.28369998799991 ], [ 112.732788085000266, -7.28334998999992 ], [ 112.732406617000152, -7.282619952999937 ], [ 112.73173523000014, -7.281205653999962 ], [ 112.731643676000203, -7.281010149999929 ], [ 112.731552124000018, -7.280920027999969 ], [ 112.731460570000081, -7.280809877999957 ], [ 112.731193543000018, -7.280491352999832 ], [ 112.730926513000099, -7.280179977999978 ], [ 112.730827331000228, -7.280079840999974 ], [ 112.730461121000076, -7.279689787999928 ], [ 112.730178833000082, -7.279349803999878 ], [ 112.729827881000119, -7.278989791999948 ], [ 112.729560851000087, -7.278679847999967 ], [ 112.72901153600003, -7.278009891999943 ], [ 112.728912353000055, -7.277880190999952 ], [ 112.728561402000082, -7.27744483999993 ], [ 112.728439331000345, -7.277289867999968 ], [ 112.728179932000103, -7.276953696999954 ], [ 112.727920532000098, -7.276619910999955 ], [ 112.727684021000073, -7.276330470999881 ], [ 112.727615357000218, -7.276249408999945 ], [ 112.727485657000102, -7.276102541999876 ], [ 112.727401733000079, -7.276000022999938 ], [ 112.727111816000047, -7.275660036999966 ], [ 112.726982118000137, -7.275489805999882 ], [ 112.726905822000049, -7.275343893999889 ], [ 112.726768493000122, -7.275060175999954 ], [ 112.726715088000105, -7.274720191999961 ], [ 112.726799012000242, -7.27459478399993 ], [ 112.7268219, -7.274499891999938 ], [ 112.726936341000169, -7.274189947999901 ], [ 112.726997376000099, -7.27405023599988 ], [ 112.727172852000081, -7.273658752999893 ], [ 112.727203368, -7.273582458999897 ], [ 112.727348328000062, -7.273256300999833 ], [ 112.72740936300022, -7.273119924999889 ], [ 112.72743988000002, -7.27304983199997 ], [ 112.727470398000037, -7.272980212999926 ], [ 112.727500915000178, -7.27290487199997 ], [ 112.72760009700005, -7.272666453999875 ], [ 112.727752686000144, -7.272290228999907 ], [ 112.727828980000027, -7.272079943999927 ], [ 112.727996826000094, -7.271699905999924 ], [ 112.72805023300009, -7.271560191999981 ], [ 112.728088380000031, -7.271460056999956 ], [ 112.728256225000109, -7.271039962999964 ], [ 112.728302002000078, -7.270939827999939 ], [ 112.728454589000194, -7.270567892999964 ], [ 112.728523255000027, -7.27041006099995 ], [ 112.728569030000017, -7.270259855999882 ], [ 112.728637695000089, -7.270070074999978 ], [ 112.728736878000177, -7.269780158999879 ], [ 112.728858948000152, -7.269390104999957 ], [ 112.728881837000017, -7.26930999699988 ], [ 112.728942872000175, -7.269090175999906 ], [ 112.728988647000165, -7.268915175999894 ], [ 112.728988647000165, -7.268819808999922 ], [ 112.729042054000047, -7.26870870599987 ], [ 112.729423522000161, -7.267839907999928 ], [ 112.729568482000104, -7.26738977399998 ], [ 112.729682922000165, -7.267079829999943 ], [ 112.729827881000119, -7.266750335999916 ], [ 112.729919433000077, -7.266540048999957 ], [ 112.729949952000197, -7.26645994099988 ], [ 112.730323792000036, -7.265580176999947 ], [ 112.730506898000044, -7.265139102999854 ], [ 112.730537414000082, -7.26505041199988 ], [ 112.730796814000087, -7.264279842999883 ], [ 112.730911255000024, -7.264039991999937 ], [ 112.730972290000068, -7.263905525999917 ], [ 112.731010437000123, -7.263800142999912 ], [ 112.731056214000091, -7.263679979999893 ], [ 112.731338502000199, -7.262979984999902 ], [ 112.731399537000129, -7.262929914999916 ], [ 112.731452942000033, -7.262869834999947 ], [ 112.731575013000111, -7.262548921999951 ], [ 112.731605530000024, -7.26247119899989 ], [ 112.731658935000155, -7.262320040999839 ], [ 112.731689453000172, -7.262232302999962 ], [ 112.731834413000229, -7.261848448999899 ], [ 112.731895446000067, -7.261684893999927 ], [ 112.7319335950001, -7.26157998899987 ], [ 112.732025147000058, -7.261324404999868 ], [ 112.73206329300001, -7.261221407999869 ], [ 112.732101440000065, -7.261119842999904 ], [ 112.732231141000057, -7.260766505999925 ], [ 112.732261658000198, -7.260683059999906 ], [ 112.732414245000086, -7.260260104999929 ], [ 112.732574463000219, -7.259823798999889 ], [ 112.732612609000171, -7.259745120999924 ], [ 112.732719422000059, -7.25949001399988 ], [ 112.73319244400011, -7.258399962999931 ], [ 112.733322143, -7.258440016999941 ], [ 112.733451843000125, -7.258498667999959 ], [ 112.733520507000094, -7.25852680099996 ], [ 112.734085083000082, -7.258770942999888 ], [ 112.734214782000095, -7.258826732999978 ], [ 112.734611511000026, -7.259019851999881 ], [ 112.734710693000011, -7.259069918999955 ], [ 112.735260011000037, -7.259317875999955 ], [ 112.735580444000107, -7.259459971999888 ], [ 112.736213683000074, -7.259749888999977 ], [ 112.736900330000253, -7.260049342999878 ], [ 112.737045287000115, -7.260113237999917 ], [ 112.737197876000209, -7.260179995999977 ], [ 112.737457276000328, -7.260295390999829 ], [ 112.737998962, -7.260560035999958 ], [ 112.738456726000095, -7.260789869999883 ], [ 112.738609313000211, -7.260859965999884 ], [ 112.738769530000013, -7.260930060999954 ], [ 112.739738463000208, -7.261270046999925 ], [ 112.740020751000088, -7.261320113999943 ], [ 112.740112305000025, -7.261339187999965 ], [ 112.740272523000158, -7.26163005899997 ], [ 112.740493774000015, -7.262110233999977 ], [ 112.740570069000228, -7.26229 ], [ 112.740638733000083, -7.262442588999932 ], [ 112.740722657000106, -7.262635708999937 ], [ 112.740859986000146, -7.262939929999959 ], [ 112.740997315000072, -7.26355981699993 ], [ 112.741073608000079, -7.263939856999912 ], [ 112.74108886700003, -7.264011859999925 ], [ 112.74108886700003, -7.264279842999883 ], [ 112.741050720000089, -7.264770030999955 ], [ 112.741035461000024, -7.264885901999946 ], [ 112.741020203000176, -7.265026092999904 ], [ 112.740989684000056, -7.265289782999957 ], [ 112.740959168000018, -7.265749931999949 ], [ 112.740974426000207, -7.265866754999934 ], [ 112.741142274000026, -7.267068385999949 ], [ 112.741355896000186, -7.268170355999928 ], [ 112.741401673000155, -7.268386840999881 ], [ 112.74141693200022, -7.268643854999937 ], [ 112.74143982000021, -7.268970012999944 ], [ 112.740447999000253, -7.268852232999961 ], [ 112.74036407500023, -7.26883840499994 ], [ 112.739837646000069, -7.268744944999924 ], [ 112.738899231, -7.268580436999912 ], [ 112.73877716100003, -7.269085883999935 ], [ 112.738601685000049, -7.269774912999878 ], [ 112.738319397000168, -7.270865916999924 ], [ 112.738639832000104, -7.270936012999869 ], [ 112.739006042000028, -7.271017550999943 ], [ 112.73891449000007, -7.271429060999878 ], [ 112.739646911000023, -7.271711348999872 ], [ 112.739555359000292, -7.272075652999945 ], [ 112.739639281000109, -7.272072315999935 ], [ 112.73963165300006, -7.272370814999931 ], [ 112.740119934000063, -7.272671221999929 ], [ 112.740188599000135, -7.272703647999947 ], [ 112.740219116000048, -7.272768973999916 ], [ 112.740173341000059, -7.272895336999966 ], [ 112.74015045200008, -7.272965429999942 ], [ 112.740295409000055, -7.273026465999976 ], [ 112.740638733000083, -7.273221969999895 ], [ 112.740547181000125, -7.273445604999949 ], [ 112.74048614600008, -7.273602962999917 ], [ 112.740516662, -7.273715017999962 ], [ 112.740455627000188, -7.273873804999937 ], [ 112.740158080000015, -7.273770807999938 ], [ 112.739974976000099, -7.274121761999936 ], [ 112.739852906000124, -7.274228096999934 ], [ 112.739768982000101, -7.274237631999938 ], [ 112.739685058000077, -7.274183749999906 ], [ 112.73963165300006, -7.274268150999887 ], [ 112.739677430000029, -7.274446486999977 ], [ 112.739463805000014, -7.274318218999952 ], [ 112.739410400000111, -7.274212835999947 ], [ 112.739433289000317, -7.274101733999885 ], [ 112.739326476000087, -7.274044512999922 ], [ 112.739112854000041, -7.273986337999929 ], [ 112.738922120000211, -7.273933887999931 ], [ 112.738685609000072, -7.273886202999904 ], [ 112.738533019000101, -7.273889063999945 ], [ 112.738410951000105, -7.27393722599993 ], [ 112.738265992000152, -7.274120329999903 ], [ 112.7382507330002, -7.27440213999995 ], [ 112.7382507330002, -7.274540423999952 ], [ 112.738212586000145, -7.274690150999959 ], [ 112.73819732600009, -7.274764059999882 ], [ 112.738166809000177, -7.27489709799994 ], [ 112.738105774000019, -7.275082111999893 ], [ 112.738037109000061, -7.275356291999969 ], [ 112.737991334000071, -7.275523184999884 ], [ 112.737945557000103, -7.275684356999932 ], [ 112.737915040000189, -7.275857447999954 ], [ 112.737846374000014, -7.276197908999961 ], [ 112.737808228000063, -7.276436804999889 ], [ 112.737792969000111, -7.276507376999973 ], [ 112.738098144000105, -7.276579856999945 ], [ 112.738243103000059, -7.276609897999947 ], [ 112.738441467000143, -7.276659965999897 ], [ 112.738899231, -7.276780128999974 ], [ 112.739021302000083, -7.276820182999927 ], [ 112.73912811200023, -7.276839731999928 ], [ 112.739280701000098, -7.276868820999937 ], [ 112.739852906000124, -7.27698993599995 ], [ 112.740211488000114, -7.27708005799991 ], [ 112.740547181000125, -7.277140140999904 ], [ 112.740821839000091, -7.277190207999979 ], [ 112.741287231000229, -7.277289867999968 ], [ 112.741333008000197, -7.277090072999954 ], [ 112.741424560000155, -7.276681421999967 ] ] ] ] } },
{ "type": "Feature", "properties": { "GID_3": "IDN.11.35.28_1", "GID_0": "IDN", "COUNTRY": "Indonesia", "GID_1": "IDN.11_1", "NAME_1": "Jawa Timur", "NL_NAME_1": "NA", "GID_2": "IDN.11.35_1", "NAME_2": "Surabaya", "NL_NAME_2": "NA", "NAME_3": "Tenggilis Mejoyo", "VARNAME_3": "NA", "NL_NAME_3": "NA", "TYPE_3": "Kecamatan", "ENGTYPE_3": "Sub-district", "CC_3": "3578050", "HASC_3": "NA", "LULC2021": 98, "LULC2022": 98, "LULC2023": 98, "LULC2024": 98, "Kecamatan": "Tenggilis Mejoyo", "UFSI": 6934112577620000.0, "Kelas_Gena": "Tinggi", "n_titik_PU": 0, "Kelas_PU_2": "Rendah", "Validasi": "Tidak Match", "Risiko_DBD": "60.166.225.900.340.500", "Kelas_DBD": "Tinggi", "Ranking": 8 }, "geometry": { "type": "MultiPolygon", "coordinates": [ [ [ [ 112.754791261000037, -7.337157247999869 ], [ 112.754692079000051, -7.337358474999974 ], [ 112.754608155000028, -7.337536333999878 ], [ 112.754508973000156, -7.337749003999875 ], [ 112.754158019000101, -7.338498115999869 ], [ 112.754104614000198, -7.338763713999981 ], [ 112.754089356, -7.339066027999877 ], [ 112.754074097000057, -7.340057371999933 ], [ 112.753997804000051, -7.340388774999894 ], [ 112.753921508000303, -7.34048557199992 ], [ 112.753852844000107, -7.340572355999882 ], [ 112.753753662000122, -7.340701101999969 ], [ 112.753692627000078, -7.340872286999968 ], [ 112.753662110000164, -7.34116125099996 ], [ 112.753662110000164, -7.341666696999937 ], [ 112.753639222000061, -7.342018603999918 ], [ 112.753570556000227, -7.342137336999883 ], [ 112.753463746000079, -7.342230320999931 ], [ 112.753326415000174, -7.342267512999911 ], [ 112.752685547000056, -7.342348575999949 ], [ 112.752494811000133, -7.342359541999883 ], [ 112.752410889000089, -7.342364309999937 ], [ 112.751831055000139, -7.34234666899988 ], [ 112.751716614000088, -7.342343330999881 ], [ 112.751602174000027, -7.342342375999976 ], [ 112.751327514000081, -7.342340945999979 ], [ 112.750495910000041, -7.342322825999872 ], [ 112.750137328000051, -7.342271327999981 ], [ 112.749999999000124, -7.342267034999963 ], [ 112.749908447000166, -7.342264174999912 ], [ 112.749450683000305, -7.342230320999931 ], [ 112.749053955000022, -7.342199801999925 ], [ 112.748916626000096, -7.342194078999967 ], [ 112.748573302000068, -7.342296598999951 ], [ 112.74806213300019, -7.342395305999901 ], [ 112.74782562200005, -7.342370032999952 ], [ 112.747489929000039, -7.342242716999976 ], [ 112.747184754000159, -7.342143058999909 ], [ 112.747016907000216, -7.342087268999933 ], [ 112.746459961000141, -7.341928481999958 ], [ 112.745681762000117, -7.34173345499994 ], [ 112.745292663000214, -7.341636180999899 ], [ 112.744773864000194, -7.341477870999938 ], [ 112.744674682000095, -7.341446398999949 ], [ 112.744255065000175, -7.341321945999937 ], [ 112.744102478000059, -7.34128141399998 ], [ 112.743804931000227, -7.341202257999953 ], [ 112.743431091000161, -7.341065405999927 ], [ 112.743125915000178, -7.340876101999982 ], [ 112.743026732000203, -7.340815066999937 ], [ 112.742851257000325, -7.3408355709999 ], [ 112.742744446000074, -7.340824126999962 ], [ 112.742477417000146, -7.340783595999881 ], [ 112.742149353000173, -7.340726374999974 ], [ 112.742027283000198, -7.340705871999944 ], [ 112.74193573100024, -7.340672015999871 ], [ 112.741958617000023, -7.340162753999948 ], [ 112.74196624800004, -7.33990812199994 ], [ 112.741981506000229, -7.339563845999976 ], [ 112.742004394000332, -7.339178084999901 ], [ 112.742004394000332, -7.339097976999938 ], [ 112.741996764000078, -7.338870525999937 ], [ 112.741989136000143, -7.33867454499989 ], [ 112.742324829000154, -7.338604925999903 ], [ 112.742294311000251, -7.338398455999879 ], [ 112.742210389000093, -7.338313101999915 ], [ 112.742210389000093, -7.33796453399998 ], [ 112.742210389000093, -7.337844847999918 ], [ 112.742271424000023, -7.337472437999907 ], [ 112.742324829000154, -7.337163447999956 ], [ 112.742347718000133, -7.337066648999837 ], [ 112.742362976000209, -7.336976526999933 ], [ 112.742362976000209, -7.336632728999973 ], [ 112.742370606000122, -7.336509704999912 ], [ 112.742385865000188, -7.336325168999963 ], [ 112.742393493000122, -7.336180209999952 ], [ 112.742416381000226, -7.335949420999953 ], [ 112.742408753000177, -7.335849761999953 ], [ 112.742393493000122, -7.33560085299996 ], [ 112.742378234000171, -7.335237502999917 ], [ 112.742347718000133, -7.335133552999935 ], [ 112.742279052000185, -7.335058689999869 ], [ 112.742378234000171, -7.334685324999953 ], [ 112.742477417000146, -7.334342003999893 ], [ 112.742530824000028, -7.334167002999891 ], [ 112.742607117000034, -7.334099769999909 ], [ 112.742805482000222, -7.333485603999918 ], [ 112.742858887000239, -7.333320140999888 ], [ 112.742950439000197, -7.333028316999901 ], [ 112.7429733270003, -7.332943438999905 ], [ 112.743019104000268, -7.332793235999929 ], [ 112.743080140000188, -7.332499979999909 ], [ 112.743103028000064, -7.332394599999873 ], [ 112.743202210000163, -7.331920147999881 ], [ 112.743263246000083, -7.331345557999953 ], [ 112.743309021000186, -7.331006526999886 ], [ 112.743415833000313, -7.330340861999957 ], [ 112.743446350000113, -7.330175875999885 ], [ 112.743469238000216, -7.330021380999881 ], [ 112.743522643000119, -7.32965278599994 ], [ 112.743537903000288, -7.329547403999925 ], [ 112.743568420000088, -7.329330443999936 ], [ 112.743721007000204, -7.329329490999953 ], [ 112.743721007000204, -7.329238891999978 ], [ 112.743721007000204, -7.329117298999961 ], [ 112.743728638000221, -7.328836440999908 ], [ 112.743782043000238, -7.328405380999868 ], [ 112.743614197000056, -7.32840824099992 ], [ 112.743530273000033, -7.328412532999948 ], [ 112.743560792000153, -7.328145503999963 ], [ 112.743568420000088, -7.328031062999969 ], [ 112.743644714000197, -7.327336787999911 ], [ 112.743690491000166, -7.326832293999928 ], [ 112.743705749000014, -7.326629637999929 ], [ 112.743743896000069, -7.326250551999919 ], [ 112.743782043000238, -7.325638770999944 ], [ 112.743789673000038, -7.325517177999927 ], [ 112.743827820000206, -7.324753283999939 ], [ 112.743843078000054, -7.32434034299996 ], [ 112.743850708000195, -7.324142455999947 ], [ 112.743858336000244, -7.323976039999934 ], [ 112.743675232000214, -7.323963164999952 ], [ 112.743751526000096, -7.323623656999928 ], [ 112.743873597000174, -7.323010444999966 ], [ 112.743904113000212, -7.322872638999968 ], [ 112.743965149000132, -7.322688102999962 ], [ 112.743988037000236, -7.322602748999884 ], [ 112.744270325000116, -7.322648047999905 ], [ 112.745140076000098, -7.322786329999929 ], [ 112.745262147000176, -7.322804450999968 ], [ 112.745361329000048, -7.322780131999934 ], [ 112.745819091000044, -7.322902202999899 ], [ 112.74607086200001, -7.322951316999877 ], [ 112.74656677300004, -7.323034763999942 ], [ 112.746742249000022, -7.323061942999971 ], [ 112.746765137000011, -7.322966575999885 ], [ 112.746932983000193, -7.322439670999927 ], [ 112.74697113000002, -7.322291373999974 ], [ 112.747039795000319, -7.322185991999959 ], [ 112.746894836000138, -7.321785925999905 ], [ 112.746780396000077, -7.321648596999921 ], [ 112.746719360000043, -7.321520327999963 ], [ 112.746559143000013, -7.321297644999902 ], [ 112.746421814000087, -7.321118353999907 ], [ 112.746269227000198, -7.32085847899998 ], [ 112.747169494000104, -7.320363043999976 ], [ 112.747596741000052, -7.320112704999929 ], [ 112.748100280000017, -7.319814680999968 ], [ 112.748023986000135, -7.319678306999947 ], [ 112.747756959000185, -7.319209574999888 ], [ 112.747459412000126, -7.319204329999934 ], [ 112.74754333400017, -7.318910120999931 ], [ 112.747657777000086, -7.318496225999922 ], [ 112.747749329000044, -7.318166732999941 ], [ 112.747863769000105, -7.317746638999836 ], [ 112.747962951000318, -7.317516327999954 ], [ 112.748001098000032, -7.317454337999891 ], [ 112.748130799000023, -7.317324638999935 ], [ 112.748275756000226, -7.317350864999923 ], [ 112.748443604000045, -7.317382811999948 ], [ 112.748916626000096, -7.317484855999908 ], [ 112.749092102000077, -7.317529677999914 ], [ 112.749549865000176, -7.317650316999959 ], [ 112.74969482500012, -7.317697523999925 ], [ 112.749763488000212, -7.317722319999973 ], [ 112.749961852000069, -7.317790507999973 ], [ 112.750083923000147, -7.317857741999944 ], [ 112.750320434000059, -7.317883967999933 ], [ 112.750465393000241, -7.317894935999959 ], [ 112.750541687, -7.317901133999897 ], [ 112.750740051000093, -7.317930697999941 ], [ 112.750839233000079, -7.318088054999919 ], [ 112.75140381000017, -7.317749023999966 ], [ 112.751472473000263, -7.317699908999941 ], [ 112.751670837, -7.317529677999914 ], [ 112.751884460000156, -7.317339896999954 ], [ 112.752105713000105, -7.317143917999942 ], [ 112.752265930000135, -7.317000388999929 ], [ 112.752555846000064, -7.316741466999872 ], [ 112.752761841000051, -7.316552162999926 ], [ 112.753143311000144, -7.316218376999927 ], [ 112.753517151000324, -7.315884113999914 ], [ 112.753730774000019, -7.315710067999817 ], [ 112.753852844000107, -7.31560516299993 ], [ 112.754005432000099, -7.315481184999953 ], [ 112.754127502000074, -7.315390110999886 ], [ 112.754226685000049, -7.315298080999924 ], [ 112.754135133000091, -7.315241813999876 ], [ 112.754074097000057, -7.315150259999939 ], [ 112.753837586000145, -7.315346240999929 ], [ 112.753654480000023, -7.315299986999889 ], [ 112.753562928000292, -7.315224169999908 ], [ 112.753326415000174, -7.315176485999871 ], [ 112.753234863000102, -7.315158844999928 ], [ 112.753234863000102, -7.314793109999869 ], [ 112.753234863000102, -7.314682482999956 ], [ 112.753318787000126, -7.314495085999908 ], [ 112.753334045000088, -7.314294814999869 ], [ 112.753326415000174, -7.31419324899997 ], [ 112.753318787000126, -7.314113615999872 ], [ 112.75330352900005, -7.31397676499995 ], [ 112.753288268, -7.313876151999978 ], [ 112.753273010000157, -7.31376886299995 ], [ 112.753257752000081, -7.313659189999953 ], [ 112.753234863000102, -7.313563346999899 ], [ 112.753173828000058, -7.313374041999964 ], [ 112.753143311000144, -7.31316709399988 ], [ 112.753143311000144, -7.313063621999959 ], [ 112.753150939000079, -7.312950133999891 ], [ 112.753158569000107, -7.312857626999971 ], [ 112.75316620000001, -7.31275987499987 ], [ 112.753189086000134, -7.312660217999962 ], [ 112.753211975000113, -7.312550067999837 ], [ 112.753242493000016, -7.312469958999941 ], [ 112.753257752000081, -7.312391279999929 ], [ 112.753234863000102, -7.312213896999822 ], [ 112.753219605000027, -7.312096118999932 ], [ 112.753219605000027, -7.312017917999924 ], [ 112.753227233000189, -7.311937808999971 ], [ 112.753227233000189, -7.311794279999901 ], [ 112.753273010000157, -7.311604975999956 ], [ 112.753433227000187, -7.31150484099993 ], [ 112.753578187000016, -7.311513423999941 ], [ 112.753784179000036, -7.311546802999942 ], [ 112.75386047500001, -7.311579226999982 ], [ 112.753990173000034, -7.31159066999993 ], [ 112.754287720000093, -7.311659812999892 ], [ 112.754402160000154, -7.311687469999981 ], [ 112.75475311200023, -7.311741351999956 ], [ 112.754890443000136, -7.311763285999916 ], [ 112.755035400000111, -7.311812400999884 ], [ 112.755119324000134, -7.311841964999928 ], [ 112.755508422000162, -7.312119959999961 ], [ 112.755599976000099, -7.312111854999898 ], [ 112.755676270000208, -7.312081335999949 ], [ 112.755683898000143, -7.31198358599994 ], [ 112.755706787, -7.311810015999981 ], [ 112.755958558000088, -7.311659812999892 ], [ 112.756050110000047, -7.3116698259999 ], [ 112.756149292000032, -7.3116698259999 ], [ 112.756217956000114, -7.311699867999835 ], [ 112.756240844000217, -7.311906814999816 ], [ 112.756248474000131, -7.311998366999944 ], [ 112.756286621000186, -7.312077044999967 ], [ 112.756416320000312, -7.312155246999964 ], [ 112.756645203000176, -7.312222004999967 ], [ 112.756774902000188, -7.312315463999937 ], [ 112.757087708000086, -7.311960696999904 ], [ 112.757202149000022, -7.31183528899993 ], [ 112.75748443700013, -7.311487197999895 ], [ 112.757736206000118, -7.311178207999944 ], [ 112.757850647000055, -7.311029910999935 ], [ 112.757919312000013, -7.310941694999883 ], [ 112.758201598000028, -7.310573099999942 ], [ 112.758567810000159, -7.310107230999961 ], [ 112.758628846000079, -7.310024736999878 ], [ 112.75907134900001, -7.309473037999965 ], [ 112.759117126000092, -7.309417247999875 ], [ 112.759307860000149, -7.309142589999965 ], [ 112.759353637000117, -7.309084414999973 ], [ 112.759445191000054, -7.308951853999929 ], [ 112.759529113000212, -7.308838365999861 ], [ 112.759223939000208, -7.30881213999993 ], [ 112.758934020000083, -7.308862684999895 ], [ 112.758789063000108, -7.308793066999954 ], [ 112.758842468000012, -7.308219909999934 ], [ 112.758880615000066, -7.30775022499995 ], [ 112.758911134000186, -7.307680129999937 ], [ 112.758972167000138, -7.307519434999961 ], [ 112.758979797000052, -7.307398318999901 ], [ 112.758987427000193, -7.307189940999876 ], [ 112.759033202000296, -7.306910513999867 ], [ 112.759094238000216, -7.306525229999977 ], [ 112.759117126000092, -7.306340216999843 ], [ 112.75916290300006, -7.305399894999937 ], [ 112.759239197000056, -7.305429933999903 ], [ 112.759452820000206, -7.30549001699984 ], [ 112.759651184000063, -7.305550096999923 ], [ 112.759826660000044, -7.305610179999917 ], [ 112.760002135000263, -7.30565976999992 ], [ 112.760169983000083, -7.305719852999914 ], [ 112.76033782900015, -7.305769919999818 ], [ 112.76049804600018, -7.305809973999942 ], [ 112.760658264000085, -7.305860041999892 ], [ 112.76078033400006, -7.305889605999937 ], [ 112.760925293000128, -7.305925369999954 ], [ 112.761131286000023, -7.305980204999969 ], [ 112.761276245000204, -7.306009768999957 ], [ 112.761421204000044, -7.306049822999967 ], [ 112.76155090300017, -7.306079863999969 ], [ 112.761672974000021, -7.306107520999944 ], [ 112.761940003000063, -7.306159972999922 ], [ 112.762252808000085, -7.306250094999939 ], [ 112.76239776500006, -7.306290148999949 ], [ 112.762557983000193, -7.306330203999892 ], [ 112.762748719000115, -7.306379795999931 ], [ 112.762969972000064, -7.306439875999899 ], [ 112.763206483000204, -7.306499956999915 ], [ 112.76348114100017, -7.306570052999916 ], [ 112.763771057000213, -7.306640147999872 ], [ 112.764068603000283, -7.30671977999998 ], [ 112.76438140800019, -7.306799887999944 ], [ 112.764587402000302, -7.30685949299982 ], [ 112.764686585000049, -7.306890009999961 ], [ 112.765007020000212, -7.306970118999914 ], [ 112.765319824000017, -7.307059764999963 ], [ 112.765632629000038, -7.307149886999866 ], [ 112.765937806000125, -7.307229995999933 ], [ 112.766242980000015, -7.307320117999893 ], [ 112.766540527000188, -7.30740022599997 ], [ 112.76683044500021, -7.307489870999916 ], [ 112.767120361000025, -7.307569979999869 ], [ 112.767204285000048, -7.307593344999873 ], [ 112.767410278000284, -7.307650087999946 ], [ 112.767677307000099, -7.307730196999898 ], [ 112.767959595000207, -7.307799814999896 ], [ 112.768218995000097, -7.307869910999955 ], [ 112.768440246000068, -7.307929992999902 ], [ 112.76873016400009, -7.308000086999868 ], [ 112.768966675000229, -7.30807018299987 ], [ 112.769187928000065, -7.308129787999917 ], [ 112.769409179000036, -7.308189867999943 ], [ 112.769561768000131, -7.308229922999942 ], [ 112.769813537000118, -7.308300017999898 ], [ 112.769989013000213, -7.308350085999962 ], [ 112.770156861000032, -7.308390139999972 ], [ 112.770317078000062, -7.308440207999979 ], [ 112.770469666000281, -7.308479784999918 ], [ 112.770599364000191, -7.308519838999871 ], [ 112.770729065000182, -7.308549879999873 ], [ 112.770851136000033, -7.308589934999929 ], [ 112.770957946000181, -7.308619975999932 ], [ 112.770576478000066, -7.310653685999966 ], [ 112.770507812000119, -7.31060886399996 ], [ 112.770210266000163, -7.310410021999871 ], [ 112.769981385000165, -7.310289858999965 ], [ 112.769866943000238, -7.31022977899994 ], [ 112.769660950000343, -7.310219763999953 ], [ 112.76957702600032, -7.310249804999955 ], [ 112.769500733000314, -7.310276508999948 ], [ 112.769180298000038, -7.310389995999969 ], [ 112.768882751000206, -7.310460089999935 ], [ 112.768737792000024, -7.310510156999896 ], [ 112.768638610000153, -7.310589790999927 ], [ 112.768577575000108, -7.311230182999964 ], [ 112.7685318, -7.311362266999879 ], [ 112.768493653000178, -7.311470031999932 ], [ 112.768455506000123, -7.311566828999901 ], [ 112.768417359000068, -7.311649797999962 ], [ 112.768379210000035, -7.311920165999936 ], [ 112.768386841000165, -7.312079905999838 ], [ 112.768501281000226, -7.312329769999906 ], [ 112.768669129000045, -7.312560080999958 ], [ 112.768806458000199, -7.312786578999976 ], [ 112.768928528000174, -7.31303977999994 ], [ 112.768951417000039, -7.313405037999871 ], [ 112.768959045000088, -7.313539981999952 ], [ 112.768943787000239, -7.313710211999876 ], [ 112.768852235000168, -7.31381988499993 ], [ 112.768257142000039, -7.314060210999969 ], [ 112.768142699, -7.314060210999969 ], [ 112.768028259000175, -7.31403016999991 ], [ 112.767906188000097, -7.313930034999885 ], [ 112.767768859000057, -7.31385993899994 ], [ 112.767669677000185, -7.313849925999932 ], [ 112.767601014000093, -7.31389999299995 ], [ 112.767341614000088, -7.314138889999924 ], [ 112.767242432000103, -7.314229963999935 ], [ 112.766860962000123, -7.314370154999949 ], [ 112.766479491000268, -7.314499853999962 ], [ 112.765937806000125, -7.314670084999932 ], [ 112.765800477000084, -7.314740179999944 ], [ 112.765716553000061, -7.314720153999872 ], [ 112.765640259000293, -7.314630029999876 ], [ 112.765510558000301, -7.314499853999962 ], [ 112.765411376000088, -7.314426897999965 ], [ 112.765350341000158, -7.314370154999949 ], [ 112.764991761000147, -7.314010142999962 ], [ 112.764778137, -7.313839912999981 ], [ 112.764488220000089, -7.313660144999915 ], [ 112.764007568000125, -7.313429831999883 ], [ 112.763931274000015, -7.313396929999897 ], [ 112.763893127000188, -7.313627242999871 ], [ 112.763854981, -7.313802241999952 ], [ 112.763908386000253, -7.313943385999835 ], [ 112.764007568000125, -7.313978194999947 ], [ 112.764091492000148, -7.314010142999962 ], [ 112.764228821000074, -7.314093112999956 ], [ 112.764419555000018, -7.314234733999967 ], [ 112.764427185000159, -7.31431817999993 ], [ 112.764396668000018, -7.314492700999892 ], [ 112.764274598000043, -7.314784049999957 ], [ 112.764099122000061, -7.314991949999978 ], [ 112.763824462000116, -7.314991949999978 ], [ 112.763580323000042, -7.314950464999924 ], [ 112.76331329300001, -7.31485080799996 ], [ 112.763168336000149, -7.314717291999898 ], [ 112.76309204000006, -7.314671516999965 ], [ 112.762908936000031, -7.314567564999948 ], [ 112.762687683000081, -7.314427852999927 ], [ 112.762588501000209, -7.314410209999892 ], [ 112.762512208000203, -7.314400196999884 ], [ 112.762390137000011, -7.314400196999884 ], [ 112.762321472000053, -7.314443110999946 ], [ 112.762252808000085, -7.314534187999868 ], [ 112.762107849000017, -7.314684389999968 ], [ 112.76190948500016, -7.314692497999886 ], [ 112.761802674000137, -7.31465387399993 ], [ 112.761726379000152, -7.314718723999931 ], [ 112.761795044000223, -7.31485080799996 ], [ 112.761917115000074, -7.315068720999932 ], [ 112.761970520000318, -7.315134525999952 ], [ 112.762062072000049, -7.315257071999895 ], [ 112.76229095500014, -7.315425871999935 ], [ 112.762512208000203, -7.31553983799995 ], [ 112.76271057200006, -7.315544604999957 ], [ 112.762893676000317, -7.315688131999934 ], [ 112.76293182500001, -7.315765857999963 ], [ 112.762985230000254, -7.315856932999964 ], [ 112.7633667, -7.315901279999935 ], [ 112.763473510000154, -7.315881728999898 ], [ 112.763923644000101, -7.316084860999979 ], [ 112.764068603000283, -7.315792559999977 ], [ 112.764183044000106, -7.315544604999957 ], [ 112.764762878000056, -7.315839766999886 ], [ 112.76473999000018, -7.315909862999888 ], [ 112.764137269000116, -7.317170141999895 ], [ 112.763931274000015, -7.317588805999833 ], [ 112.763824462000116, -7.317794322999873 ], [ 112.763740540000072, -7.317969798999911 ], [ 112.763679505000027, -7.318096159999868 ], [ 112.763580323000042, -7.31831550499993 ], [ 112.763442994000116, -7.318610191999937 ], [ 112.76297760000034, -7.319479941999873 ], [ 112.76287078900009, -7.319704054999875 ], [ 112.762832643000024, -7.319783210999958 ], [ 112.762741089000087, -7.319980143999885 ], [ 112.762512208000203, -7.320456504999981 ], [ 112.762321472000053, -7.320869922999975 ], [ 112.762275697000064, -7.32095432199992 ], [ 112.761787414000082, -7.321929931999932 ], [ 112.761657715000069, -7.322199821999959 ], [ 112.761520386000029, -7.322494505999941 ], [ 112.761436462, -7.322669981999979 ], [ 112.761077881000119, -7.323359966999931 ], [ 112.76100158700001, -7.323500155999909 ], [ 112.760932922000052, -7.323710440999889 ], [ 112.760894775000224, -7.323786733999896 ], [ 112.760772706000012, -7.323919772999886 ], [ 112.76067352400014, -7.324049948999914 ], [ 112.760589600000117, -7.324220179999884 ], [ 112.76049804600018, -7.32439994799995 ], [ 112.760406494000108, -7.324600219999979 ], [ 112.760299682000095, -7.324810026999842 ], [ 112.760192872000175, -7.325039862999915 ], [ 112.760070801000097, -7.325290201999962 ], [ 112.759941102000084, -7.325560091999819 ], [ 112.759803771000065, -7.325829981999959 ], [ 112.759689331000118, -7.32604551299994 ], [ 112.759529113000212, -7.326369762999946 ], [ 112.759399414000086, -7.326630114999887 ], [ 112.759277344000111, -7.326869963999911 ], [ 112.75916290300006, -7.327099799999928 ], [ 112.75907134900001, -7.327280044999952 ], [ 112.75895690900029, -7.327479839999853 ], [ 112.758842468000012, -7.327710150999962 ], [ 112.758689881, -7.32799005399994 ], [ 112.758499145000087, -7.328370093999979 ], [ 112.758239745000083, -7.328859806999901 ], [ 112.757911682000099, -7.329500196999959 ], [ 112.757499695000206, -7.33031988099998 ], [ 112.757072448000031, -7.331170082999904 ], [ 112.756706238000106, -7.331920147999881 ], [ 112.756401062000123, -7.332580088999975 ], [ 112.756126404000156, -7.333159922999869 ], [ 112.756050110000047, -7.33334016699996 ], [ 112.755889892000141, -7.333670139999981 ], [ 112.755691528000057, -7.334109782999974 ], [ 112.755523683000092, -7.334479807999912 ], [ 112.755378723000035, -7.334799765999946 ], [ 112.75525665300006, -7.335070132999931 ], [ 112.755149841000048, -7.335299968999948 ], [ 112.755073547000165, -7.335480211999936 ], [ 112.754989623000142, -7.335639951999894 ], [ 112.754936218000239, -7.335770130999947 ], [ 112.754890443000136, -7.335869787999911 ], [ 112.754852294000216, -7.335949896999978 ], [ 112.754821777000075, -7.336019992999923 ], [ 112.754768372000058, -7.336140155999828 ], [ 112.754730225000117, -7.336259840999958 ], [ 112.754737854000041, -7.336390017999975 ], [ 112.754760742000144, -7.33646011299993 ], [ 112.754821777000075, -7.33659982699993 ], [ 112.755088805000014, -7.336820124999974 ], [ 112.754875183000081, -7.33701086099984 ], [ 112.754791261000037, -7.337157247999869 ] ] ] ] } },
{ "type": "Feature", "properties": { "GID_3": "IDN.11.35.29_1", "GID_0": "IDN", "COUNTRY": "Indonesia", "GID_1": "IDN.11_1", "NAME_1": "Jawa Timur", "NL_NAME_1": "NA", "GID_2": "IDN.11.35_1", "NAME_2": "Surabaya", "NL_NAME_2": "NA", "NAME_3": "Wiyung", "VARNAME_3": "NA", "NL_NAME_3": "NA", "TYPE_3": "Kecamatan", "ENGTYPE_3": "Sub-district", "CC_3": "3578130", "HASC_3": "NA", "LULC2021": 71, "LULC2022": 71, "LULC2023": 72, "LULC2024": 72, "Kecamatan": "Wiyung", "UFSI": 55110432671199992.0, "Kelas_Gena": "Sedang", "n_titik_PU": 6, "Kelas_PU_2": "Sedang", "Validasi": "Match", "Risiko_DBD": "3.078.875.160.509.350", "Kelas_DBD": "Rendah", "Ranking": 21 }, "geometry": { "type": "MultiPolygon", "coordinates": [ [ [ [ 112.694053650000228, -7.334160327999882 ], [ 112.693466187000013, -7.333956240999953 ], [ 112.692184447000159, -7.333445548999975 ], [ 112.691955567000036, -7.333353994999868 ], [ 112.691345215000183, -7.333169458999976 ], [ 112.690399171000081, -7.332955836999872 ], [ 112.689994812000123, -7.332839488999923 ], [ 112.689163208000195, -7.332689283999912 ], [ 112.688858032000212, -7.332635401999937 ], [ 112.687355041000046, -7.332373618999952 ], [ 112.687042236000025, -7.332377433999966 ], [ 112.68634033100011, -7.332168578999926 ], [ 112.686111450000112, -7.332099913999912 ], [ 112.685493469000107, -7.331920147999881 ], [ 112.68530273500005, -7.331850051999936 ], [ 112.68451690600034, -7.331570148999958 ], [ 112.684417726000106, -7.331649779999907 ], [ 112.684272766000049, -7.331732748999912 ], [ 112.684104919000106, -7.331732748999912 ], [ 112.683624268000017, -7.33205318399996 ], [ 112.682304382000098, -7.332674502999964 ], [ 112.681678772000168, -7.332985399999927 ], [ 112.680931092000151, -7.333353994999868 ], [ 112.68012237500011, -7.333664893999924 ], [ 112.679832458000192, -7.333771704999947 ], [ 112.679450988000099, -7.333878516999903 ], [ 112.679138183000191, -7.333854197999869 ], [ 112.678390503000173, -7.333703518999926 ], [ 112.676994323000145, -7.333518982999919 ], [ 112.675910950000116, -7.333441733999848 ], [ 112.675575256000229, -7.333373545999962 ], [ 112.67517852800006, -7.33317518199982 ], [ 112.674995422000165, -7.333103655999935 ], [ 112.675109862000227, -7.332858561999899 ], [ 112.67539978100001, -7.331973552999955 ], [ 112.675476074000017, -7.331830500999956 ], [ 112.675689697000166, -7.331423281999889 ], [ 112.675949097000171, -7.331231592999927 ], [ 112.676307678000057, -7.330297468999902 ], [ 112.676666260000047, -7.33033847899992 ], [ 112.677200318000018, -7.330380915999967 ], [ 112.677566528000057, -7.330188273999966 ], [ 112.678619384000172, -7.329639910999958 ], [ 112.678916931000231, -7.329339981999908 ], [ 112.679153442000143, -7.328951358999916 ], [ 112.679260254000042, -7.32877015999992 ], [ 112.679443360000164, -7.327410220999866 ], [ 112.679443360000164, -7.327270984999871 ], [ 112.679512024000132, -7.325554846999978 ], [ 112.679527282000322, -7.325200080999934 ], [ 112.679542542000036, -7.32479000099994 ], [ 112.679428100000109, -7.323680876999958 ], [ 112.679222107000214, -7.319439887999977 ], [ 112.679199219000111, -7.319359778999967 ], [ 112.679100037000239, -7.319340227999874 ], [ 112.678878784000176, -7.319275854999887 ], [ 112.678436278000163, -7.319149971999934 ], [ 112.678100585000152, -7.319039821999979 ], [ 112.67800140300028, -7.318981170999905 ], [ 112.677825927000185, -7.318930148999868 ], [ 112.677337647000058, -7.318787574999874 ], [ 112.675834656, -7.318410396999866 ], [ 112.675498963000223, -7.31831550499993 ], [ 112.674415587000112, -7.318007468999895 ], [ 112.673217774000022, -7.317760466999914 ], [ 112.672409058000085, -7.31764364199995 ], [ 112.671607971000071, -7.317530155999975 ], [ 112.671569824000244, -7.31719016999989 ], [ 112.671623229000147, -7.317120073999945 ], [ 112.671836854000162, -7.316850183999975 ], [ 112.672363281000116, -7.315700052999944 ], [ 112.672653197000045, -7.314866542999937 ], [ 112.672798156000113, -7.314459799999952 ], [ 112.672981262, -7.314060210999969 ], [ 112.673118591000048, -7.313360212999896 ], [ 112.673294067000029, -7.312614917999952 ], [ 112.673355102000187, -7.312373636999894 ], [ 112.673370361000138, -7.312300205999918 ], [ 112.67350006200013, -7.311692714999936 ], [ 112.67352295, -7.311590194999894 ], [ 112.67360687200005, -7.311160087999951 ], [ 112.67372131400009, -7.310665606999976 ], [ 112.673759461000145, -7.310500143999946 ], [ 112.673851013000103, -7.310019968999939 ], [ 112.673881530000017, -7.309897422999825 ], [ 112.673973084000181, -7.309500216999822 ], [ 112.674003601000095, -7.309289931999899 ], [ 112.674057008000204, -7.30886745499987 ], [ 112.674079894000101, -7.308690071999933 ], [ 112.674171448000038, -7.308279989999846 ], [ 112.674232483000196, -7.307869910999955 ], [ 112.674308777000078, -7.307405471999971 ], [ 112.674316405000013, -7.307320117999893 ], [ 112.674362182000209, -7.307030200999975 ], [ 112.674377441000161, -7.306479930999956 ], [ 112.674362182000209, -7.306200027999978 ], [ 112.674316405000013, -7.305860041999892 ], [ 112.674293519000116, -7.305488108999953 ], [ 112.674301147000051, -7.304950236999957 ], [ 112.674308777000078, -7.304530143999898 ], [ 112.674308777000078, -7.304307460999951 ], [ 112.674308777000078, -7.303929805999871 ], [ 112.674346924000019, -7.303858279999929 ], [ 112.674476623000146, -7.303594587999953 ], [ 112.674087524000015, -7.303099154999927 ], [ 112.673927307000213, -7.302940367999895 ], [ 112.673789978000059, -7.302259922999895 ], [ 112.673789978000059, -7.301897048999933 ], [ 112.674041747000047, -7.300717352999925 ], [ 112.674087524000015, -7.300218581999957 ], [ 112.674201965000179, -7.300127505999967 ], [ 112.675239563000218, -7.299605845999963 ], [ 112.675384522000058, -7.29946851699998 ], [ 112.675582887000019, -7.299283027999877 ], [ 112.675582887000019, -7.299180030999821 ], [ 112.675582887000019, -7.298570154999879 ], [ 112.675582887000019, -7.298307417999979 ], [ 112.675590515000295, -7.297850130999905 ], [ 112.675582887000019, -7.297309875999872 ], [ 112.675567626000088, -7.296689986999922 ], [ 112.67555999800004, -7.296409128999869 ], [ 112.675567626000088, -7.294471262999934 ], [ 112.675567626000088, -7.294250487999875 ], [ 112.674530030000028, -7.294216632999905 ], [ 112.673164368000016, -7.294172286999981 ], [ 112.672904969000115, -7.294170855999937 ], [ 112.672317504000148, -7.294166563999966 ], [ 112.672317504000148, -7.293959140999959 ], [ 112.672248841000055, -7.293903826999895 ], [ 112.671714783000084, -7.293796061999956 ], [ 112.671936036000034, -7.292523383999878 ], [ 112.67206573500016, -7.291941641999813 ], [ 112.67214965800008, -7.291481494999914 ], [ 112.672241210000038, -7.290955065999981 ], [ 112.672271729000158, -7.29084539299987 ], [ 112.672874450000222, -7.290913103999969 ], [ 112.673507690000179, -7.288072107999938 ], [ 112.673568725000337, -7.288012027999912 ], [ 112.673675537000122, -7.288012027999912 ], [ 112.673736573000042, -7.288060664999932 ], [ 112.673828125000114, -7.288324832999933 ], [ 112.673904418, -7.288403033999941 ], [ 112.674362182000209, -7.288666725999917 ], [ 112.674629212000241, -7.288852214999963 ], [ 112.674789429000271, -7.28883266399987 ], [ 112.675010680000014, -7.288510320999933 ], [ 112.674606324000138, -7.287846087999981 ], [ 112.674804688000222, -7.287679671999967 ], [ 112.674774169000102, -7.287484167999935 ], [ 112.674835204000033, -7.287357329999907 ], [ 112.674873351000087, -7.28712272599995 ], [ 112.674858093000125, -7.286927699999978 ], [ 112.674888612000018, -7.286800383999946 ], [ 112.674919128000056, -7.286676882999927 ], [ 112.674995422000165, -7.286619662999897 ], [ 112.675094604000037, -7.286540030999902 ], [ 112.674942017000149, -7.286409854999874 ], [ 112.674995422000165, -7.285618305999947 ], [ 112.675109862000227, -7.285119532999943 ], [ 112.674346924000019, -7.285091875999967 ], [ 112.674339294000106, -7.284995555999899 ], [ 112.674331666000171, -7.284912109999937 ], [ 112.674301147000051, -7.28456306399994 ], [ 112.674186706000228, -7.284543512999903 ], [ 112.674224853000055, -7.283885478999821 ], [ 112.67401886100015, -7.283849714999974 ], [ 112.674079894000101, -7.283048629999939 ], [ 112.674118043000135, -7.282706736999899 ], [ 112.675346374000128, -7.282882689999894 ], [ 112.675323487000014, -7.283077716999969 ], [ 112.675521851000099, -7.283096312999874 ], [ 112.676376342000026, -7.283279418999939 ], [ 112.677650451000204, -7.283580302999951 ], [ 112.677940370000101, -7.283644675999881 ], [ 112.678588868000134, -7.283733366999911 ], [ 112.678558349000014, -7.28384017999997 ], [ 112.678421020000087, -7.28422403299993 ], [ 112.67836761500007, -7.284349918999965 ], [ 112.678237916000057, -7.28493022899994 ], [ 112.678138734000186, -7.285252570999944 ], [ 112.6780395520002, -7.285550116999957 ], [ 112.678031922000059, -7.285649776999946 ], [ 112.677963256000112, -7.285880087999942 ], [ 112.677780152000196, -7.286340236999877 ], [ 112.677780152000196, -7.286517142999969 ], [ 112.677871704000154, -7.286673544999928 ], [ 112.678169251000099, -7.286771296999916 ], [ 112.678260803000057, -7.286834239999905 ], [ 112.678375245000097, -7.28705453799995 ], [ 112.678474427000197, -7.287298678999946 ], [ 112.678565979000155, -7.287455081999951 ], [ 112.678573609000068, -7.287630557999876 ], [ 112.6785278320001, -7.287772653999923 ], [ 112.678482055000131, -7.28787755899998 ], [ 112.678169251000099, -7.288383482999905 ], [ 112.677986145000091, -7.288519858999905 ], [ 112.677551269000219, -7.288734911999939 ], [ 112.677467345000196, -7.288753984999914 ], [ 112.677223206000122, -7.289287089999902 ], [ 112.676582336000024, -7.290655136999931 ], [ 112.676460266000049, -7.290879726999947 ], [ 112.676231385000051, -7.291628359999891 ], [ 112.676109314000314, -7.292042253999966 ], [ 112.676025390000177, -7.29234504599998 ], [ 112.675743102000069, -7.293444156999954 ], [ 112.675704955000015, -7.293737410999881 ], [ 112.67569732700008, -7.294084549999923 ], [ 112.675735474000135, -7.294249534999892 ], [ 112.676101684000059, -7.294281481999974 ], [ 112.676452637000011, -7.294325350999941 ], [ 112.676544189000197, -7.294404982999879 ], [ 112.676620483000079, -7.294515609999962 ], [ 112.676757812, -7.294592380999916 ], [ 112.676864624000132, -7.295572279999931 ], [ 112.677085877000081, -7.295689104999894 ], [ 112.679908752000074, -7.296586511999976 ], [ 112.680130005000024, -7.29668044899995 ], [ 112.682510376000096, -7.297985552999933 ], [ 112.684036255000137, -7.298871038999835 ], [ 112.684127807000209, -7.298948764999977 ], [ 112.684143066000161, -7.299135208999928 ], [ 112.683998109000186, -7.299394130999929 ], [ 112.683296203000168, -7.300593374999949 ], [ 112.683212280000021, -7.300753592999968 ], [ 112.682914733000075, -7.301288127999896 ], [ 112.682891847000064, -7.301366805999919 ], [ 112.682914733000075, -7.301464080999949 ], [ 112.683044434000067, -7.301561354999933 ], [ 112.683761597000284, -7.301649569999938 ], [ 112.6846923840003, -7.301649569999938 ], [ 112.685417175000111, -7.301538943999958 ], [ 112.68651580900007, -7.301256178999893 ], [ 112.686729432000106, -7.301112173999968 ], [ 112.686660766000273, -7.300469398999894 ], [ 112.686660766000273, -7.300264358999925 ], [ 112.687194824000017, -7.299944399999902 ], [ 112.687713623000036, -7.299571513999979 ], [ 112.688125610000156, -7.299401758999977 ], [ 112.688728333000199, -7.299385070999904 ], [ 112.689125061000027, -7.299418924999941 ], [ 112.689598084000295, -7.299503803999869 ], [ 112.689971924000019, -7.299562930999969 ], [ 112.690376282000216, -7.299588679999943 ], [ 112.690513611000142, -7.299596785999938 ], [ 112.691070557000216, -7.299630641999954 ], [ 112.691246033000311, -7.299576281999919 ], [ 112.691719055000021, -7.29972982399994 ], [ 112.691810607000093, -7.299754619999931 ], [ 112.691940308000085, -7.299495220999972 ], [ 112.694709778000288, -7.300601482999923 ], [ 112.696182252000085, -7.30118989999994 ], [ 112.696678163000229, -7.300047396999901 ], [ 112.696731568000246, -7.299970625999947 ], [ 112.696876525000107, -7.299969672999964 ], [ 112.697021484000061, -7.30006265499992 ], [ 112.697059631000116, -7.300689696999939 ], [ 112.697135925000225, -7.301595211999881 ], [ 112.697509767000042, -7.301690100999849 ], [ 112.697669982000093, -7.3017101289999 ], [ 112.697792053000171, -7.301690100999849 ], [ 112.697906493, -7.301559924999935 ], [ 112.697959900000114, -7.301719187999936 ], [ 112.698554993000016, -7.301776884999924 ], [ 112.700775147000058, -7.301990032999981 ], [ 112.701171876000103, -7.302028654999958 ], [ 112.702522277000071, -7.302103042999931 ], [ 112.703285217000257, -7.301854608999975 ], [ 112.704078675, -7.301697730999933 ], [ 112.704208373000256, -7.301618097999949 ], [ 112.704353333000199, -7.301527498999974 ], [ 112.704841613000099, -7.300886630999969 ], [ 112.704986572000053, -7.300611972999889 ], [ 112.704986572000053, -7.300428866999937 ], [ 112.705093384000065, -7.300114631999975 ], [ 112.70708465600012, -7.301699638999935 ], [ 112.707077025000103, -7.301819799999919 ], [ 112.707351685000276, -7.302519797999935 ], [ 112.70752716100003, -7.303040026999895 ], [ 112.707603455000026, -7.303229807999969 ], [ 112.707687379000163, -7.303469656999937 ], [ 112.707641602000194, -7.303644179999878 ], [ 112.707496642000137, -7.303747652999903 ], [ 112.707435607000093, -7.304277896999906 ], [ 112.704299927000193, -7.303847311999903 ], [ 112.704246520000311, -7.304496764999897 ], [ 112.704200745000207, -7.30498790799993 ], [ 112.704124452000201, -7.305740832999959 ], [ 112.704124452000201, -7.305818079999881 ], [ 112.704002381000123, -7.306426047999935 ], [ 112.703819275000228, -7.307331560999955 ], [ 112.705085754000152, -7.307665348999876 ], [ 112.706375122000054, -7.30803346599987 ], [ 112.706382752000309, -7.307709215999978 ], [ 112.707298278000053, -7.307274340999925 ], [ 112.707740784000066, -7.306765556999949 ], [ 112.708030700000108, -7.306772231999958 ], [ 112.709648133000087, -7.306807993999882 ], [ 112.711547852000081, -7.306833744999892 ], [ 112.71200561600017, -7.306842327999902 ], [ 112.712211608000189, -7.30686902899987 ], [ 112.712989807000099, -7.306972025999869 ], [ 112.713203430000135, -7.307000636999931 ], [ 112.71340179400022, -7.307214259999967 ], [ 112.713577270000201, -7.307404040999927 ], [ 112.713882446000184, -7.307731628999932 ], [ 112.713760376000209, -7.30775022499995 ], [ 112.713073731, -7.308207511999967 ], [ 112.712890625000114, -7.308330059999889 ], [ 112.712623595000082, -7.308603286999926 ], [ 112.712516785000048, -7.308709619999945 ], [ 112.712181092000151, -7.309050083999978 ], [ 112.71181488000002, -7.309634208999967 ], [ 112.711692809000283, -7.310311317999947 ], [ 112.711532594000118, -7.311098574999903 ], [ 112.71142578100023, -7.31200647199995 ], [ 112.711357116000158, -7.312509535999936 ], [ 112.711349488000224, -7.312749861999919 ], [ 112.70967102100019, -7.312808989999951 ], [ 112.709381103000169, -7.312779902999921 ], [ 112.709190369000225, -7.31276988999997 ], [ 112.709098815000061, -7.312829970999815 ], [ 112.708930969000221, -7.312819957999977 ], [ 112.708496094000225, -7.312808512999879 ], [ 112.707786561000034, -7.312789916999975 ], [ 112.707702637000011, -7.312789916999975 ], [ 112.707099914000196, -7.312817572999961 ], [ 112.706848144000105, -7.312829492999924 ], [ 112.706596375000117, -7.312860011999874 ], [ 112.706230163000214, -7.312900065999941 ], [ 112.705886842000155, -7.312934875999872 ], [ 112.705543518000013, -7.312970161999942 ], [ 112.705383301000097, -7.312994480999919 ], [ 112.70477295, -7.313074589999871 ], [ 112.704742431000227, -7.313755988999958 ], [ 112.704498292000039, -7.313757896999959 ], [ 112.703773498000032, -7.313763141999914 ], [ 112.703781128000173, -7.313931464999825 ], [ 112.703796386000022, -7.314123630999916 ], [ 112.703300476000209, -7.314123630999916 ], [ 112.703170777000082, -7.3141579629999 ], [ 112.703170777000082, -7.314620971999943 ], [ 112.702789307000103, -7.31479120299997 ], [ 112.702728271000183, -7.314838884999915 ], [ 112.702789307000103, -7.315177440999889 ], [ 112.70265960800009, -7.315264701999979 ], [ 112.70231628400029, -7.315284250999923 ], [ 112.701652526000089, -7.315304278999974 ], [ 112.701591491000272, -7.31540012399995 ], [ 112.701530457000217, -7.315499782999893 ], [ 112.701469422000059, -7.315599917999918 ], [ 112.701400757000101, -7.315710067999817 ], [ 112.701339721000068, -7.315830230999893 ], [ 112.701286316000164, -7.315919397999892 ], [ 112.701232911000147, -7.316009996999924 ], [ 112.701187134000179, -7.316070079999918 ], [ 112.701118469000221, -7.316189765999979 ], [ 112.701080322000166, -7.316259860999935 ], [ 112.701011658000198, -7.316380023999898 ], [ 112.700942993000126, -7.316490171999874 ], [ 112.700881957000206, -7.316599844999871 ], [ 112.700843811000027, -7.316679953999937 ], [ 112.700790405000248, -7.31675004899995 ], [ 112.700721740000176, -7.31688022599991 ], [ 112.700653077000084, -7.316999910999868 ], [ 112.700576783000201, -7.317110060999937 ], [ 112.700531006, -7.31719016999989 ], [ 112.700477601000102, -7.317279814999949 ], [ 112.70040130700022, -7.317420005999963 ], [ 112.700340272000062, -7.317510127999981 ], [ 112.700279236000142, -7.317599773999916 ], [ 112.700218201000212, -7.317697048999889 ], [ 112.700172424000016, -7.317790030999959 ], [ 112.70008850000022, -7.317910193999978 ], [ 112.700050354000041, -7.317979811999919 ], [ 112.699981690000072, -7.318109987999946 ], [ 112.699943543000018, -7.318190096999956 ], [ 112.699867248000032, -7.31829023399996 ], [ 112.699829101000091, -7.318359851999958 ], [ 112.699768067000036, -7.318419932999916 ], [ 112.699722290000068, -7.318490027999871 ], [ 112.699668885000051, -7.318550108999943 ], [ 112.699600220000093, -7.318649768999933 ], [ 112.699508668000021, -7.318763733999958 ], [ 112.699440002000188, -7.318850039999916 ], [ 112.69934845000023, -7.318960189999871 ], [ 112.699279785000158, -7.319039821999979 ], [ 112.699218750000114, -7.319109916999935 ], [ 112.699142456000232, -7.319220064999968 ], [ 112.699081421000074, -7.31930017399992 ], [ 112.69899749700005, -7.319379804999869 ], [ 112.698928833000082, -7.319459913999935 ], [ 112.698928833000082, -7.319550037999932 ], [ 112.698966980000137, -7.319650172999957 ], [ 112.698913575, -7.320049761999883 ], [ 112.698837279000145, -7.320630073999951 ], [ 112.698776246000307, -7.321050165999964 ], [ 112.698661804000039, -7.322000025999955 ], [ 112.698547363000102, -7.322040079999965 ], [ 112.698402404000149, -7.321990012999947 ], [ 112.698150634000058, -7.321889877999979 ], [ 112.6980590820001, -7.322020053999836 ], [ 112.697990417000028, -7.322179793999908 ], [ 112.69789886500007, -7.322490215999835 ], [ 112.69776153600003, -7.323170184999981 ], [ 112.697662354000158, -7.32368993699987 ], [ 112.697601319000228, -7.323780058999887 ], [ 112.697372436000023, -7.323740004999934 ], [ 112.697036742000137, -7.323649882999973 ], [ 112.696868897000172, -7.323604582999906 ], [ 112.696029663000218, -7.32337999299989 ], [ 112.695312499000011, -7.32319021099994 ], [ 112.694206237000117, -7.32290983099989 ], [ 112.693840027000192, -7.322800157999893 ], [ 112.693450927000185, -7.322720050999919 ], [ 112.692810059000067, -7.32260942399995 ], [ 112.692062379000049, -7.322599887999957 ], [ 112.691490172000044, -7.32250976499995 ], [ 112.69096374500009, -7.322410106999939 ], [ 112.690750122000054, -7.322379110999975 ], [ 112.690727234000292, -7.322528362999947 ], [ 112.6906051630001, -7.322932243999901 ], [ 112.690551758000197, -7.323111534999896 ], [ 112.690299989000209, -7.324314593999873 ], [ 112.691192626000088, -7.324492454999927 ], [ 112.691230775000122, -7.324237822999919 ], [ 112.691261292000036, -7.324079035999944 ], [ 112.691986083000074, -7.324191092999968 ], [ 112.692619323000258, -7.324288844999955 ], [ 112.692588806000117, -7.324779987999932 ], [ 112.692550659000062, -7.325035572999923 ], [ 112.692504882000094, -7.325358867999967 ], [ 112.695320129000038, -7.326368331999902 ], [ 112.695053101000212, -7.327493667999931 ], [ 112.695014953000054, -7.327600477999965 ], [ 112.695022583000195, -7.327760219999959 ], [ 112.694877624000014, -7.328312395999887 ], [ 112.69493103100001, -7.328436374999967 ], [ 112.694854737000128, -7.328647136999962 ], [ 112.695037841000044, -7.328938960999949 ], [ 112.695320129000038, -7.329363822999937 ], [ 112.695404053000061, -7.32946300499998 ], [ 112.695373534000169, -7.329946517999929 ], [ 112.695304871000076, -7.33014535999996 ], [ 112.695236205000242, -7.330238341999916 ], [ 112.695190430000139, -7.330405711999902 ], [ 112.695426942000154, -7.330437660999962 ], [ 112.695579529000042, -7.330517291999968 ], [ 112.695762635000278, -7.330572604999929 ], [ 112.696228027000075, -7.330684661999896 ], [ 112.696311951000098, -7.330725191999875 ], [ 112.696304321000184, -7.331229685999972 ], [ 112.696281434000298, -7.331380844999956 ], [ 112.69632720900006, -7.331605432999879 ], [ 112.696281434000298, -7.331985472999975 ], [ 112.696006774000011, -7.332955836999872 ], [ 112.695953369000108, -7.333116053999902 ], [ 112.695686341000055, -7.333780764999915 ], [ 112.695510863000095, -7.334423064999953 ], [ 112.694709778000288, -7.334344386999931 ], [ 112.694053650000228, -7.334160327999882 ] ] ] ] } },
{ "type": "Feature", "properties": { "GID_3": "IDN.11.35.30_1", "GID_0": "IDN", "COUNTRY": "Indonesia", "GID_1": "IDN.11_1", "NAME_1": "Jawa Timur", "NL_NAME_1": "NA", "GID_2": "IDN.11.35_1", "NAME_2": "Surabaya", "NL_NAME_2": "NA", "NAME_3": "Wonocolo", "VARNAME_3": "NA", "NL_NAME_3": "NA", "TYPE_3": "Kecamatan", "ENGTYPE_3": "Sub-district", "CC_3": "3578040", "HASC_3": "NA", "LULC2021": 97, "LULC2022": 97, "LULC2023": 97, "LULC2024": 97, "Kecamatan": "Wonocolo", "UFSI": 6778303225620001.0, "Kelas_Gena": "Tinggi", "n_titik_PU": 2, "Kelas_PU_2": "Rendah", "Validasi": "Tidak Match", "Risiko_DBD": "49.082.944.787.619.900", "Kelas_DBD": "Sedang", "Ranking": 12 }, "geometry": { "type": "MultiPolygon", "coordinates": [ [ [ [ 112.742858887000239, -7.341034889999889 ], [ 112.742828368000119, -7.341127394999887 ], [ 112.742767335000167, -7.341410636999967 ], [ 112.742736816000047, -7.341547011999978 ], [ 112.742645264000089, -7.342000484999858 ], [ 112.742561340000066, -7.34240245899997 ], [ 112.742492675000108, -7.342765807999854 ], [ 112.742424011000139, -7.343157291999887 ], [ 112.742393493000122, -7.343322753999928 ], [ 112.742324829000154, -7.343713759999957 ], [ 112.742294311000251, -7.343860624999934 ], [ 112.74210357700008, -7.344669342999964 ], [ 112.742042541000046, -7.344975471999874 ], [ 112.741981506000229, -7.345201967999969 ], [ 112.741889954000271, -7.345221042999981 ], [ 112.741615296000077, -7.345219610999948 ], [ 112.741127013000096, -7.34517812699994 ], [ 112.740867614000081, -7.345161913999959 ], [ 112.740608216000055, -7.345146179999972 ], [ 112.740425110000047, -7.345135211999946 ], [ 112.740173341000059, -7.345120428999962 ], [ 112.739715577000084, -7.345090389999882 ], [ 112.73893737800006, -7.345042704999969 ], [ 112.737861633000307, -7.344956398999898 ], [ 112.737754822000056, -7.34494733799994 ], [ 112.737640380000016, -7.344707964999941 ], [ 112.737297059000184, -7.34467983299993 ], [ 112.737220765000075, -7.344669817999829 ], [ 112.73718261800002, -7.344600199999945 ], [ 112.737190246000068, -7.344470023999975 ], [ 112.737266540000178, -7.34401988999997 ], [ 112.73731994700006, -7.343729973999871 ], [ 112.737457276000328, -7.343279837999944 ], [ 112.737533570000096, -7.342879771999947 ], [ 112.737556458000199, -7.342259884999976 ], [ 112.737663269000109, -7.341489790999958 ], [ 112.737777709000284, -7.340534686999888 ], [ 112.737464904000035, -7.340534686999888 ], [ 112.737228393, -7.340534686999888 ], [ 112.737083436000148, -7.34051609099987 ], [ 112.737030029000039, -7.340441703999943 ], [ 112.736785890000078, -7.340441703999943 ], [ 112.736648559000173, -7.340460299999961 ], [ 112.736602784000183, -7.34051609099987 ], [ 112.736328126000217, -7.34049749299993 ], [ 112.735984802000189, -7.340451239999936 ], [ 112.735832215000073, -7.340414045999978 ], [ 112.735771180000143, -7.340302467999948 ], [ 112.735626220000199, -7.340256213999965 ], [ 112.735214234000068, -7.340228079999918 ], [ 112.734954834000064, -7.340172289999941 ], [ 112.734527589000095, -7.340070246999915 ], [ 112.734214782000095, -7.339995860999977 ], [ 112.733757018000233, -7.339921474999869 ], [ 112.733383178000054, -7.339809894999973 ], [ 112.733245849000127, -7.339787958999921 ], [ 112.732788085000266, -7.339716910999925 ], [ 112.732315063000215, -7.339661597999964 ], [ 112.731994628000052, -7.339647769999942 ], [ 112.731880188000218, -7.339643001999946 ], [ 112.731452942000033, -7.339614867999899 ], [ 112.730804444000228, -7.339614867999899 ], [ 112.730682374000025, -7.339608667999926 ], [ 112.730461121000076, -7.339596269999959 ], [ 112.73022461000005, -7.339596269999959 ], [ 112.729316712000013, -7.33950376599995 ], [ 112.729316712000013, -7.338230132999911 ], [ 112.729331970000089, -7.338089941999954 ], [ 112.729415894000226, -7.337266445999944 ], [ 112.729675294000231, -7.33624649099994 ], [ 112.729965210000046, -7.335104941999873 ], [ 112.730278015000067, -7.333848475999901 ], [ 112.730888366000045, -7.331448077999937 ], [ 112.73098754800003, -7.331050871999935 ], [ 112.731132507000098, -7.330329895999967 ], [ 112.731224059000056, -7.32994079499997 ], [ 112.731262206000224, -7.329771518999905 ], [ 112.73129272500023, -7.329629897999951 ], [ 112.731376649000026, -7.329198837999968 ], [ 112.731407165000064, -7.329071521999936 ], [ 112.731468201000098, -7.328750133999961 ], [ 112.731597899, -7.328139780999834 ], [ 112.731712342000037, -7.32755994799993 ], [ 112.731750489000092, -7.327350615999819 ], [ 112.731796264000195, -7.327229975999956 ], [ 112.73197937000009, -7.326560018999942 ], [ 112.73206329300001, -7.326140403999943 ], [ 112.732246399000019, -7.325150012999927 ], [ 112.732322693000128, -7.32479000099994 ], [ 112.732528686000023, -7.323997973999951 ], [ 112.732582093000133, -7.32379007399993 ], [ 112.732810974000131, -7.322480200999962 ], [ 112.732902528000068, -7.322090149999951 ], [ 112.732971191000161, -7.321800230999941 ], [ 112.733001710000053, -7.321640013999911 ], [ 112.733093262000011, -7.321147440999937 ], [ 112.733146667000142, -7.320849893999934 ], [ 112.733398438000108, -7.319859979999876 ], [ 112.733512879000045, -7.319349765999959 ], [ 112.733520507000094, -7.319200038999895 ], [ 112.733543395000083, -7.319087981999871 ], [ 112.733558654000035, -7.31899022999994 ], [ 112.73371124300013, -7.31825017999995 ], [ 112.733879089000084, -7.317480085999875 ], [ 112.734100342000033, -7.316539764999959 ], [ 112.734161377000078, -7.316329954999958 ], [ 112.734222412, -7.31592988899996 ], [ 112.734245301000101, -7.315803049999943 ], [ 112.734382630000141, -7.315070627999944 ], [ 112.734443665000299, -7.314770221999936 ], [ 112.734664918000021, -7.313751220999904 ], [ 112.734710693000011, -7.313529967999898 ], [ 112.734779358000083, -7.313198565999926 ], [ 112.734802247000175, -7.313118456999973 ], [ 112.734817505000137, -7.313029764999897 ], [ 112.73492431700015, -7.312569140999926 ], [ 112.735046386000022, -7.312009811999872 ], [ 112.735191345000203, -7.311318874999927 ], [ 112.735221864000096, -7.311167239999975 ], [ 112.736541748000036, -7.31146335699998 ], [ 112.737930298000038, -7.311775683999883 ], [ 112.738990783000077, -7.312021254999934 ], [ 112.739173889000199, -7.310909270999957 ], [ 112.739860534000059, -7.310975073999884 ], [ 112.740409852000198, -7.311028003999922 ], [ 112.740577698000038, -7.31104421699996 ], [ 112.740837097000167, -7.309764384999937 ], [ 112.741043092000041, -7.308762549999869 ], [ 112.741111755000134, -7.308431624999969 ], [ 112.741241456000125, -7.308470725999882 ], [ 112.741378785000165, -7.307826518999889 ], [ 112.741394043000014, -7.307743071999937 ], [ 112.741561889000081, -7.306907652999882 ], [ 112.74160766600005, -7.306643962999942 ], [ 112.74174499500009, -7.305872439999973 ], [ 112.742050171000301, -7.305886744999952 ], [ 112.742370606000122, -7.305890082999895 ], [ 112.742523194000114, -7.305900095999903 ], [ 112.743019104000268, -7.305900095999903 ], [ 112.743202210000163, -7.305900095999903 ], [ 112.743286132000208, -7.305905818999975 ], [ 112.743446350000113, -7.305910108999967 ], [ 112.743591309000067, -7.305910108999967 ], [ 112.744049073000156, -7.305920123999897 ], [ 112.744201660000044, -7.305927276999967 ], [ 112.744461059000287, -7.305930136999905 ], [ 112.744728089000205, -7.305930136999905 ], [ 112.744918823000148, -7.305930136999905 ], [ 112.745597840000073, -7.305943965999916 ], [ 112.746292115000074, -7.30596017899984 ], [ 112.74672699000007, -7.305940150999959 ], [ 112.747032165000064, -7.305930136999905 ], [ 112.747161866000056, -7.305920123999897 ], [ 112.747413635000157, -7.305919646999939 ], [ 112.747512817000029, -7.305916786999887 ], [ 112.747932434000063, -7.305900095999903 ], [ 112.748748780000028, -7.305880069999944 ], [ 112.748970031000113, -7.305871486999933 ], [ 112.749076843000125, -7.305860041999892 ], [ 112.749366760000044, -7.305830002999926 ], [ 112.749664306000113, -7.305830002999926 ], [ 112.749992371000189, -7.305830002999926 ], [ 112.7503280640002, -7.305840015999934 ], [ 112.750518798000144, -7.305892467999911 ], [ 112.75079345600011, -7.305900095999903 ], [ 112.751022339000315, -7.305900095999903 ], [ 112.751136780000138, -7.305894375999969 ], [ 112.751228332000096, -7.305890082999895 ], [ 112.751426696000294, -7.305880069999944 ], [ 112.751617432000103, -7.305870056999936 ], [ 112.751808166000046, -7.305860041999892 ], [ 112.751991272000282, -7.305850028999942 ], [ 112.752159118, -7.305840015999934 ], [ 112.752342224000017, -7.305830002999926 ], [ 112.752502441000047, -7.30581998699995 ], [ 112.75258636500007, -7.305814741999882 ], [ 112.752670289000093, -7.305809973999942 ], [ 112.752830506000123, -7.305799960999877 ], [ 112.753028869000104, -7.305777549999902 ], [ 112.753150939000079, -7.305769919999818 ], [ 112.753311157000212, -7.305759906999981 ], [ 112.753471374000014, -7.305749893999916 ], [ 112.753616333000195, -7.305729865999979 ], [ 112.753768921000074, -7.305719852999914 ], [ 112.753906250000114, -7.305709838999974 ], [ 112.75404357900004, -7.305699823999873 ], [ 112.754188538000221, -7.30569744099995 ], [ 112.754272462000017, -7.305689810999922 ], [ 112.754371644000116, -7.305689810999922 ], [ 112.754447937000123, -7.305689810999922 ], [ 112.75453186100026, -7.305689810999922 ], [ 112.754608155000028, -7.305699823999873 ], [ 112.754692079000051, -7.305709838999974 ], [ 112.754768372000058, -7.305719852999914 ], [ 112.754867554000043, -7.305729865999979 ], [ 112.754966737000018, -7.30573987899993 ], [ 112.755088805000014, -7.305759906999981 ], [ 112.755218506, -7.30577993299994 ], [ 112.755363465000187, -7.305799960999877 ], [ 112.755462647000058, -7.305814266999846 ], [ 112.755653381000116, -7.305840015999934 ], [ 112.755790710000042, -7.305860041999892 ], [ 112.75591278100012, -7.305880069999944 ], [ 112.75601959100004, -7.305890082999895 ], [ 112.756111145000204, -7.305900095999903 ], [ 112.756187439000087, -7.305910108999967 ], [ 112.756378173000257, -7.305932044999906 ], [ 112.756607056000121, -7.30595779399988 ], [ 112.756706238000106, -7.305560111999966 ], [ 112.75681304800014, -7.305150030999926 ], [ 112.756797790000064, -7.305029867999963 ], [ 112.756790162000016, -7.304739951999863 ], [ 112.757003785000165, -7.304783343999873 ], [ 112.757247924000012, -7.304862021999838 ], [ 112.757476807000216, -7.304920194999966 ], [ 112.757644652000181, -7.304963588999954 ], [ 112.757736206000118, -7.30498790799993 ], [ 112.758041381000226, -7.305080412999871 ], [ 112.758270264000089, -7.305140017999918 ], [ 112.758346558000198, -7.305160045999969 ], [ 112.758529664000207, -7.305210113999863 ], [ 112.758781433000195, -7.30529022199994 ], [ 112.759017944000107, -7.305359840999927 ], [ 112.75916290300006, -7.305399894999937 ], [ 112.759117126000092, -7.306340216999843 ], [ 112.759094238000216, -7.306525229999977 ], [ 112.759033202000296, -7.306910513999867 ], [ 112.758987427000193, -7.307189940999876 ], [ 112.758979797000052, -7.307398318999901 ], [ 112.758972167000138, -7.307519434999961 ], [ 112.758911134000186, -7.307680129999937 ], [ 112.758880615000066, -7.30775022499995 ], [ 112.758842468000012, -7.308219909999934 ], [ 112.758789063000108, -7.308793066999954 ], [ 112.758934020000083, -7.308862684999895 ], [ 112.759223939000208, -7.30881213999993 ], [ 112.759529113000212, -7.308838365999861 ], [ 112.759445191000054, -7.308951853999929 ], [ 112.759353637000117, -7.309084414999973 ], [ 112.759307860000149, -7.309142589999965 ], [ 112.759117126000092, -7.309417247999875 ], [ 112.75907134900001, -7.309473037999965 ], [ 112.758628846000079, -7.310024736999878 ], [ 112.758567810000159, -7.310107230999961 ], [ 112.758201598000028, -7.310573099999942 ], [ 112.757919312000013, -7.310941694999883 ], [ 112.757850647000055, -7.311029910999935 ], [ 112.757736206000118, -7.311178207999944 ], [ 112.75748443700013, -7.311487197999895 ], [ 112.757202149000022, -7.31183528899993 ], [ 112.757087708000086, -7.311960696999904 ], [ 112.756774902000188, -7.312315463999937 ], [ 112.756645203000176, -7.312222004999967 ], [ 112.756416320000312, -7.312155246999964 ], [ 112.756286621000186, -7.312077044999967 ], [ 112.756248474000131, -7.311998366999944 ], [ 112.756240844000217, -7.311906814999816 ], [ 112.756217956000114, -7.311699867999835 ], [ 112.756149292000032, -7.3116698259999 ], [ 112.756050110000047, -7.3116698259999 ], [ 112.755958558000088, -7.311659812999892 ], [ 112.755706787, -7.311810015999981 ], [ 112.755683898000143, -7.31198358599994 ], [ 112.755676270000208, -7.312081335999949 ], [ 112.755599976000099, -7.312111854999898 ], [ 112.755508422000162, -7.312119959999961 ], [ 112.755119324000134, -7.311841964999928 ], [ 112.755035400000111, -7.311812400999884 ], [ 112.754890443000136, -7.311763285999916 ], [ 112.75475311200023, -7.311741351999956 ], [ 112.754402160000154, -7.311687469999981 ], [ 112.754287720000093, -7.311659812999892 ], [ 112.753990173000034, -7.31159066999993 ], [ 112.75386047500001, -7.311579226999982 ], [ 112.753784179000036, -7.311546802999942 ], [ 112.753578187000016, -7.311513423999941 ], [ 112.753433227000187, -7.31150484099993 ], [ 112.753273010000157, -7.311604975999956 ], [ 112.753227233000189, -7.311794279999901 ], [ 112.753227233000189, -7.311937808999971 ], [ 112.753219605000027, -7.312017917999924 ], [ 112.753219605000027, -7.312096118999932 ], [ 112.753234863000102, -7.312213896999822 ], [ 112.753257752000081, -7.312391279999929 ], [ 112.753242493000016, -7.312469958999941 ], [ 112.753211975000113, -7.312550067999837 ], [ 112.753189086000134, -7.312660217999962 ], [ 112.75316620000001, -7.31275987499987 ], [ 112.753158569000107, -7.312857626999971 ], [ 112.753150939000079, -7.312950133999891 ], [ 112.753143311000144, -7.313063621999959 ], [ 112.753143311000144, -7.31316709399988 ], [ 112.753173828000058, -7.313374041999964 ], [ 112.753234863000102, -7.313563346999899 ], [ 112.753257752000081, -7.313659189999953 ], [ 112.753273010000157, -7.31376886299995 ], [ 112.753288268, -7.313876151999978 ], [ 112.75330352900005, -7.31397676499995 ], [ 112.753318787000126, -7.314113615999872 ], [ 112.753326415000174, -7.31419324899997 ], [ 112.753334045000088, -7.314294814999869 ], [ 112.753318787000126, -7.314495085999908 ], [ 112.753234863000102, -7.314682482999956 ], [ 112.753234863000102, -7.314793109999869 ], [ 112.753234863000102, -7.315158844999928 ], [ 112.753326415000174, -7.315176485999871 ], [ 112.753562928000292, -7.315224169999908 ], [ 112.753654480000023, -7.315299986999889 ], [ 112.753837586000145, -7.315346240999929 ], [ 112.754074097000057, -7.315150259999939 ], [ 112.754135133000091, -7.315241813999876 ], [ 112.754226685000049, -7.315298080999924 ], [ 112.754127502000074, -7.315390110999886 ], [ 112.754005432000099, -7.315481184999953 ], [ 112.753852844000107, -7.31560516299993 ], [ 112.753730774000019, -7.315710067999817 ], [ 112.753517151000324, -7.315884113999914 ], [ 112.753143311000144, -7.316218376999927 ], [ 112.752761841000051, -7.316552162999926 ], [ 112.752555846000064, -7.316741466999872 ], [ 112.752265930000135, -7.317000388999929 ], [ 112.752105713000105, -7.317143917999942 ], [ 112.751884460000156, -7.317339896999954 ], [ 112.751670837, -7.317529677999914 ], [ 112.751472473000263, -7.317699908999941 ], [ 112.75140381000017, -7.317749023999966 ], [ 112.750839233000079, -7.318088054999919 ], [ 112.750740051000093, -7.317930697999941 ], [ 112.750541687, -7.317901133999897 ], [ 112.750465393000241, -7.317894935999959 ], [ 112.750320434000059, -7.317883967999933 ], [ 112.750083923000147, -7.317857741999944 ], [ 112.749961852000069, -7.317790507999973 ], [ 112.749763488000212, -7.317722319999973 ], [ 112.74969482500012, -7.317697523999925 ], [ 112.749549865000176, -7.317650316999959 ], [ 112.749092102000077, -7.317529677999914 ], [ 112.748916626000096, -7.317484855999908 ], [ 112.748443604000045, -7.317382811999948 ], [ 112.748275756000226, -7.317350864999923 ], [ 112.748130799000023, -7.317324638999935 ], [ 112.748001098000032, -7.317454337999891 ], [ 112.747962951000318, -7.317516327999954 ], [ 112.747863769000105, -7.317746638999836 ], [ 112.747749329000044, -7.318166732999941 ], [ 112.747657777000086, -7.318496225999922 ], [ 112.74754333400017, -7.318910120999931 ], [ 112.747459412000126, -7.319204329999934 ], [ 112.747756959000185, -7.319209574999888 ], [ 112.748023986000135, -7.319678306999947 ], [ 112.748100280000017, -7.319814680999968 ], [ 112.747596741000052, -7.320112704999929 ], [ 112.747169494000104, -7.320363043999976 ], [ 112.746269227000198, -7.32085847899998 ], [ 112.746421814000087, -7.321118353999907 ], [ 112.746559143000013, -7.321297644999902 ], [ 112.746719360000043, -7.321520327999963 ], [ 112.746780396000077, -7.321648596999921 ], [ 112.746894836000138, -7.321785925999905 ], [ 112.747039795000319, -7.322185991999959 ], [ 112.74697113000002, -7.322291373999974 ], [ 112.746932983000193, -7.322439670999927 ], [ 112.746765137000011, -7.322966575999885 ], [ 112.746742249000022, -7.323061942999971 ], [ 112.74656677300004, -7.323034763999942 ], [ 112.74607086200001, -7.322951316999877 ], [ 112.745819091000044, -7.322902202999899 ], [ 112.745361329000048, -7.322780131999934 ], [ 112.745262147000176, -7.322804450999968 ], [ 112.745140076000098, -7.322786329999929 ], [ 112.744270325000116, -7.322648047999905 ], [ 112.743988037000236, -7.322602748999884 ], [ 112.743965149000132, -7.322688102999962 ], [ 112.743904113000212, -7.322872638999968 ], [ 112.743873597000174, -7.323010444999966 ], [ 112.743751526000096, -7.323623656999928 ], [ 112.743675232000214, -7.323963164999952 ], [ 112.743858336000244, -7.323976039999934 ], [ 112.743850708000195, -7.324142455999947 ], [ 112.743843078000054, -7.32434034299996 ], [ 112.743827820000206, -7.324753283999939 ], [ 112.743789673000038, -7.325517177999927 ], [ 112.743782043000238, -7.325638770999944 ], [ 112.743743896000069, -7.326250551999919 ], [ 112.743705749000014, -7.326629637999929 ], [ 112.743690491000166, -7.326832293999928 ], [ 112.743644714000197, -7.327336787999911 ], [ 112.743568420000088, -7.328031062999969 ], [ 112.743560792000153, -7.328145503999963 ], [ 112.743530273000033, -7.328412532999948 ], [ 112.743614197000056, -7.32840824099992 ], [ 112.743782043000238, -7.328405380999868 ], [ 112.743728638000221, -7.328836440999908 ], [ 112.743721007000204, -7.329117298999961 ], [ 112.743721007000204, -7.329238891999978 ], [ 112.743721007000204, -7.329329490999953 ], [ 112.743568420000088, -7.329330443999936 ], [ 112.743537903000288, -7.329547403999925 ], [ 112.743522643000119, -7.32965278599994 ], [ 112.743469238000216, -7.330021380999881 ], [ 112.743446350000113, -7.330175875999885 ], [ 112.743415833000313, -7.330340861999957 ], [ 112.743309021000186, -7.331006526999886 ], [ 112.743263246000083, -7.331345557999953 ], [ 112.743202210000163, -7.331920147999881 ], [ 112.743103028000064, -7.332394599999873 ], [ 112.743080140000188, -7.332499979999909 ], [ 112.743019104000268, -7.332793235999929 ], [ 112.7429733270003, -7.332943438999905 ], [ 112.742950439000197, -7.333028316999901 ], [ 112.742858887000239, -7.333320140999888 ], [ 112.742805482000222, -7.333485603999918 ], [ 112.742607117000034, -7.334099769999909 ], [ 112.742530824000028, -7.334167002999891 ], [ 112.742477417000146, -7.334342003999893 ], [ 112.742378234000171, -7.334685324999953 ], [ 112.742279052000185, -7.335058689999869 ], [ 112.742347718000133, -7.335133552999935 ], [ 112.742378234000171, -7.335237502999917 ], [ 112.742393493000122, -7.33560085299996 ], [ 112.742408753000177, -7.335849761999953 ], [ 112.742416381000226, -7.335949420999953 ], [ 112.742393493000122, -7.336180209999952 ], [ 112.742385865000188, -7.336325168999963 ], [ 112.742370606000122, -7.336509704999912 ], [ 112.742362976000209, -7.336632728999973 ], [ 112.742362976000209, -7.336976526999933 ], [ 112.742347718000133, -7.337066648999837 ], [ 112.742324829000154, -7.337163447999956 ], [ 112.742271424000023, -7.337472437999907 ], [ 112.742210389000093, -7.337844847999918 ], [ 112.742210389000093, -7.33796453399998 ], [ 112.742210389000093, -7.338313101999915 ], [ 112.742294311000251, -7.338398455999879 ], [ 112.742324829000154, -7.338604925999903 ], [ 112.741989136000143, -7.33867454499989 ], [ 112.741996764000078, -7.338870525999937 ], [ 112.742004394000332, -7.339097976999938 ], [ 112.742004394000332, -7.339178084999901 ], [ 112.741981506000229, -7.339563845999976 ], [ 112.74196624800004, -7.33990812199994 ], [ 112.741958617000023, -7.340162753999948 ], [ 112.74193573100024, -7.340672015999871 ], [ 112.742027283000198, -7.340705871999944 ], [ 112.742149353000173, -7.340726374999974 ], [ 112.742477417000146, -7.340783595999881 ], [ 112.742744446000074, -7.340824126999962 ], [ 112.742851257000325, -7.3408355709999 ], [ 112.743026732000203, -7.340815066999937 ], [ 112.742881775000228, -7.340953825999918 ], [ 112.742858887000239, -7.341034889999889 ] ] ] ] } },
{ "type": "Feature", "properties": { "GID_3": "IDN.11.35.31_1", "GID_0": "IDN", "COUNTRY": "Indonesia", "GID_1": "IDN.11_1", "NAME_1": "Jawa Timur", "NL_NAME_1": "NA", "GID_2": "IDN.11.35_1", "NAME_2": "Surabaya", "NL_NAME_2": "NA", "NAME_3": "Wonokromo", "VARNAME_3": "NA", "NL_NAME_3": "NA", "TYPE_3": "Kecamatan", "ENGTYPE_3": "Sub-district", "CC_3": "3578110", "HASC_3": "NA", "LULC2021": 95, "LULC2022": 95, "LULC2023": 96, "LULC2024": 96, "Kecamatan": "Wonokromo", "UFSI": 6778093847660000.0, "Kelas_Gena": "Tinggi", "n_titik_PU": 14, "Kelas_PU_2": "Tinggi", "Validasi": "Match", "Risiko_DBD": "5.549.965.107.738.320", "Kelas_DBD": "Sedang", "Ranking": 13 }, "geometry": { "type": "MultiPolygon", "coordinates": [ [ [ [ 112.73525238000002, -7.310550211999896 ], [ 112.735023499000135, -7.31052017199994 ], [ 112.734466553000061, -7.31040000899992 ], [ 112.734161377000078, -7.310346601999925 ], [ 112.734062195000206, -7.310329913999965 ], [ 112.73365783600002, -7.310262679999937 ], [ 112.732933044000106, -7.310140131999901 ], [ 112.732780457000217, -7.310110090999899 ], [ 112.732688903000053, -7.310070036999889 ], [ 112.732536316000164, -7.309982776999959 ], [ 112.732421875000341, -7.30991983399997 ], [ 112.732078552000075, -7.309830187999921 ], [ 112.731750489000092, -7.309770106999963 ], [ 112.731399537000129, -7.309740065999961 ], [ 112.730751037000118, -7.309679985999935 ], [ 112.730529784000055, -7.309720039999888 ], [ 112.730308534000187, -7.309810161999962 ], [ 112.730232238000099, -7.309850215999916 ], [ 112.730018615000063, -7.30994510599993 ], [ 112.729949952000197, -7.309974193999949 ], [ 112.729873658000088, -7.310009955999874 ], [ 112.729736327000182, -7.30999994299998 ], [ 112.729156495000211, -7.309800148999955 ], [ 112.729087829000036, -7.309770106999963 ], [ 112.72884369000019, -7.309700011999894 ], [ 112.728729247000047, -7.309666156999981 ], [ 112.728416443000015, -7.30956983599998 ], [ 112.728332519000219, -7.309539793999875 ], [ 112.727958679000039, -7.309360027999958 ], [ 112.727699279000035, -7.309199810999928 ], [ 112.727355958000317, -7.309012888999973 ], [ 112.727020264000089, -7.308839798999884 ], [ 112.726539612000124, -7.308588026999928 ], [ 112.726310729000261, -7.308465956999953 ], [ 112.726043701000208, -7.308300017999898 ], [ 112.72595977800006, -7.308279989999846 ], [ 112.725769043000014, -7.308219909999934 ], [ 112.725601196000071, -7.30815982699994 ], [ 112.724662781, -7.307819842999947 ], [ 112.72450256400009, -7.307759760999943 ], [ 112.723930360000054, -7.30767011599994 ], [ 112.723266601000091, -7.307683944999894 ], [ 112.723052979000045, -7.307645797999953 ], [ 112.722976685000049, -7.307690142999888 ], [ 112.721267700000226, -7.307933330999958 ], [ 112.720802308000088, -7.308000086999868 ], [ 112.720390319000103, -7.30719995499993 ], [ 112.720329284000172, -7.307139873999915 ], [ 112.720268249000014, -7.307079790999921 ], [ 112.720153808000077, -7.307040213999926 ], [ 112.719947816000058, -7.307030200999975 ], [ 112.719650269000226, -7.307059764999963 ], [ 112.719520568, -7.307079790999921 ], [ 112.719482422000056, -7.306879996999896 ], [ 112.719558715000062, -7.306700228999944 ], [ 112.719673158000091, -7.306590080999911 ], [ 112.719917297000052, -7.306479930999956 ], [ 112.720031737000113, -7.306419847999962 ], [ 112.720100403000174, -7.306350231999943 ], [ 112.72012329100005, -7.306154727999967 ], [ 112.720153808000077, -7.305910586999971 ], [ 112.720176697000056, -7.305669784999964 ], [ 112.720199585000046, -7.30551862599998 ], [ 112.720230102000301, -7.305290699999944 ], [ 112.720252990000063, -7.305140017999918 ], [ 112.720275879000269, -7.304903983999907 ], [ 112.720306397000172, -7.304614065999942 ], [ 112.720344544000227, -7.304306506999978 ], [ 112.720390319000103, -7.303892611999913 ], [ 112.720436096000071, -7.303489207999917 ], [ 112.720451354000147, -7.30338001299998 ], [ 112.72048187300004, -7.303170202999922 ], [ 112.720527648000029, -7.302843569999879 ], [ 112.720558167000036, -7.302613256999848 ], [ 112.720642091000059, -7.302012443999956 ], [ 112.720657349000021, -7.301889895999921 ], [ 112.720703126000217, -7.301583765999908 ], [ 112.72075653100012, -7.301167963999887 ], [ 112.720787048000034, -7.300930022999921 ], [ 112.720817566000051, -7.300735473999907 ], [ 112.720909118, -7.300099848999878 ], [ 112.720947265000063, -7.299836634999963 ], [ 112.721000672000287, -7.299668788999952 ], [ 112.721038819000114, -7.299530029999914 ], [ 112.721054078000066, -7.299363136999943 ], [ 112.721061706000228, -7.299270152999895 ], [ 112.721023559000173, -7.299009799999965 ], [ 112.720901490000074, -7.298679827999933 ], [ 112.720787048000034, -7.298439978999966 ], [ 112.720794678000289, -7.298070430999928 ], [ 112.720802308000088, -7.29751777599995 ], [ 112.720809936000137, -7.297200202999875 ], [ 112.720809936000137, -7.296830175999901 ], [ 112.720848083000192, -7.29647016399997 ], [ 112.720970154000042, -7.296020030999841 ], [ 112.721092224000017, -7.295770168999923 ], [ 112.721527100000117, -7.295372484999973 ], [ 112.721954345000086, -7.295125005999921 ], [ 112.722068787000126, -7.295060157999899 ], [ 112.722892761000253, -7.294919966999942 ], [ 112.723083495000083, -7.294879911999942 ], [ 112.723213196000074, -7.294809818999966 ], [ 112.723365783000304, -7.294607161999977 ], [ 112.723663330000022, -7.294219970999961 ], [ 112.723762512, -7.2941198339999 ], [ 112.723899841000048, -7.294079779999947 ], [ 112.724319458000082, -7.294050215999903 ], [ 112.724456787, -7.294010161999893 ], [ 112.724533081000118, -7.293960093999942 ], [ 112.724647521000179, -7.293879984999876 ], [ 112.724807739000084, -7.293710231999967 ], [ 112.724861146000308, -7.293598651999957 ], [ 112.724899293000021, -7.293519972999945 ], [ 112.724937439000314, -7.293310165999969 ], [ 112.724868774000015, -7.293079852999938 ], [ 112.724891662, -7.292852401999937 ], [ 112.72490692100007, -7.292643546999955 ], [ 112.724952698000038, -7.292210101999899 ], [ 112.728561402000082, -7.292499542999963 ], [ 112.72865295400004, -7.292508600999895 ], [ 112.728675842000143, -7.292185782999923 ], [ 112.728797913000221, -7.292109964999952 ], [ 112.728897095000207, -7.291979788999924 ], [ 112.729034424000133, -7.291693687999896 ], [ 112.729087829000036, -7.291508196999928 ], [ 112.729110718000015, -7.291419982999969 ], [ 112.729164123000146, -7.291267870999945 ], [ 112.729370117000258, -7.290709971999945 ], [ 112.729438781000113, -7.290579795999918 ], [ 112.729522705000136, -7.29050159399992 ], [ 112.72966766400009, -7.290359972999966 ], [ 112.729850770000326, -7.290219783999873 ], [ 112.7299728400003, -7.290050028999872 ], [ 112.730072022000172, -7.289808749999906 ], [ 112.730171205000147, -7.289569853999922 ], [ 112.730270387000019, -7.289298532999965 ], [ 112.730300903000057, -7.289229869999872 ], [ 112.730369569000231, -7.289020059999928 ], [ 112.730400086000145, -7.288829803999931 ], [ 112.730369569000231, -7.288760184999944 ], [ 112.730278015000067, -7.288569926999969 ], [ 112.730064392000031, -7.28827142699987 ], [ 112.729911805000143, -7.288060187999974 ], [ 112.729774476000102, -7.287884234999922 ], [ 112.729652405000024, -7.287717818999909 ], [ 112.729598998000142, -7.287590025999975 ], [ 112.729568482000104, -7.287240028999975 ], [ 112.729652405000024, -7.286980151999899 ], [ 112.729736327000182, -7.286719799999958 ], [ 112.729698180000014, -7.286037444999977 ], [ 112.729736327000182, -7.28586959799992 ], [ 112.729820251000206, -7.285767077999878 ], [ 112.729949952000197, -7.285600184999964 ], [ 112.730041504000155, -7.285500049999939 ], [ 112.730072022000172, -7.285395144999939 ], [ 112.730148316000054, -7.285170076999975 ], [ 112.730178833000082, -7.28493022899994 ], [ 112.730186463000109, -7.284850119999874 ], [ 112.730201721000185, -7.284581661999937 ], [ 112.730209351000099, -7.284450053999876 ], [ 112.730232238000099, -7.284230232999903 ], [ 112.730232238000099, -7.284143446999849 ], [ 112.730232238000099, -7.283969878999869 ], [ 112.730209351000099, -7.28388023399998 ], [ 112.730178833000082, -7.283668993999925 ], [ 112.730110169000227, -7.283500193999828 ], [ 112.730072022000172, -7.283400058999973 ], [ 112.729812623000157, -7.283079623999924 ], [ 112.729713441000058, -7.282939909999925 ], [ 112.729614259000073, -7.282718657999908 ], [ 112.729522705000136, -7.282509802999925 ], [ 112.729461669000216, -7.282393931999934 ], [ 112.729423522000161, -7.282310007999911 ], [ 112.729316712000013, -7.282129764999922 ], [ 112.729263305000131, -7.282010078999974 ], [ 112.729156495000211, -7.281889915999898 ], [ 112.729080201000102, -7.281809806999945 ], [ 112.72901153600003, -7.281740188999947 ], [ 112.728973389000089, -7.281620025999871 ], [ 112.728973389000089, -7.28142023099997 ], [ 112.729019166000057, -7.281254768999929 ], [ 112.729148864000194, -7.280879973999902 ], [ 112.729202270000314, -7.280700206999882 ], [ 112.729148864000194, -7.280509948999963 ], [ 112.729103088000102, -7.280395030999955 ], [ 112.729072571000188, -7.280320166999957 ], [ 112.728958130000024, -7.28020000399988 ], [ 112.728637695000089, -7.280054091999887 ], [ 112.728111268000134, -7.279813765999961 ], [ 112.727874755000016, -7.27970314099997 ], [ 112.727798461000248, -7.279669761999969 ], [ 112.7276916510001, -7.279550075999907 ], [ 112.72763061600017, -7.27940988499995 ], [ 112.727699279000035, -7.27875995699992 ], [ 112.7276916510001, -7.278502939999953 ], [ 112.727653504000045, -7.278349874999947 ], [ 112.727592469000115, -7.278174399999955 ], [ 112.727561950000108, -7.278059958999904 ], [ 112.727539062, -7.277800081999885 ], [ 112.72760009700005, -7.277530193999951 ], [ 112.727668762000121, -7.277369975999932 ], [ 112.72773742600009, -7.277259825999977 ], [ 112.727783203000058, -7.277036190999922 ], [ 112.727783203000058, -7.276889800999925 ], [ 112.727722168000241, -7.276717185999928 ], [ 112.727516175, -7.276461123999979 ], [ 112.727684021000073, -7.276330470999881 ], [ 112.727920532000098, -7.276619910999955 ], [ 112.728179932000103, -7.276953696999954 ], [ 112.728439331000345, -7.277289867999968 ], [ 112.728561402000082, -7.27744483999993 ], [ 112.728912353000055, -7.277880190999952 ], [ 112.72901153600003, -7.278009891999943 ], [ 112.729560851000087, -7.278679847999967 ], [ 112.729827881000119, -7.278989791999948 ], [ 112.730178833000082, -7.279349803999878 ], [ 112.730461121000076, -7.279689787999928 ], [ 112.730827331000228, -7.280079840999974 ], [ 112.730926513000099, -7.280179977999978 ], [ 112.731193543000018, -7.280491352999832 ], [ 112.731460570000081, -7.280809877999957 ], [ 112.731552124000018, -7.280920027999969 ], [ 112.731643676000203, -7.281010149999929 ], [ 112.73173523000014, -7.281205653999962 ], [ 112.732406617000152, -7.282619952999937 ], [ 112.732788085000266, -7.28334998999992 ], [ 112.732971191000161, -7.28369998799991 ], [ 112.733009338000215, -7.283780096999976 ], [ 112.733062745000097, -7.283889769999973 ], [ 112.733100892000152, -7.283979891999877 ], [ 112.73332977300015, -7.284423826999955 ], [ 112.733413697000174, -7.284570216999896 ], [ 112.733581542000138, -7.284890173999884 ], [ 112.73365783600002, -7.285052776999919 ], [ 112.733779907000098, -7.285309790999975 ], [ 112.734275817000139, -7.286251067999956 ], [ 112.734321594000107, -7.286340236999877 ], [ 112.734390260000055, -7.286479948999897 ], [ 112.734611511000026, -7.286950110999896 ], [ 112.734741211000028, -7.287199974999965 ], [ 112.734939576000215, -7.28757 ], [ 112.735183715000062, -7.288050174999967 ], [ 112.735679626000206, -7.289070129999971 ], [ 112.735832215000073, -7.289430141999844 ], [ 112.735923767000031, -7.289652346999844 ], [ 112.736297607000211, -7.289500234999934 ], [ 112.736732482000093, -7.289340019999941 ], [ 112.737327575000222, -7.289239882999823 ], [ 112.737648010000157, -7.289179801999978 ], [ 112.738342285000158, -7.289150238999866 ], [ 112.738693237, -7.289150238999866 ], [ 112.739112854000041, -7.28919982899987 ], [ 112.7398681640002, -7.289309978999938 ], [ 112.740142822000166, -7.289390086999902 ], [ 112.740432738000322, -7.289490221999927 ], [ 112.740821839000091, -7.289599894999924 ], [ 112.741127013000096, -7.289730070999951 ], [ 112.741271973000039, -7.28981685499997 ], [ 112.74141693200022, -7.289969921999898 ], [ 112.741508484000178, -7.290070056999923 ], [ 112.741653443000018, -7.290150165999933 ], [ 112.742080688000101, -7.290180206999821 ], [ 112.742568971000082, -7.290209770999979 ], [ 112.74266052300004, -7.290239809999946 ], [ 112.742828368000119, -7.290289878999943 ], [ 112.743438721000075, -7.289440154999966 ], [ 112.743888855000023, -7.288949966999894 ], [ 112.744194032000109, -7.288712024999938 ], [ 112.744285584000068, -7.288635729999839 ], [ 112.744850158000077, -7.288189887999977 ], [ 112.745292663000214, -7.287704467999959 ], [ 112.746040344000107, -7.286880016999874 ], [ 112.746162414000082, -7.286734102999958 ], [ 112.746582031000116, -7.286230086999922 ], [ 112.746986390000075, -7.285490034999953 ], [ 112.747200013000111, -7.284729956999968 ], [ 112.747222901000214, -7.284076690999939 ], [ 112.747230529000149, -7.283949851999978 ], [ 112.746994018, -7.283003805999954 ], [ 112.746879578000289, -7.282559871999979 ], [ 112.746704102000194, -7.282148837999898 ], [ 112.746459961000141, -7.281589031999943 ], [ 112.746330262000015, -7.281290052999907 ], [ 112.745811463000109, -7.280320166999957 ], [ 112.745117188000108, -7.279227255999956 ], [ 112.745010375000106, -7.27905988599997 ], [ 112.744468690000303, -7.278120041999898 ], [ 112.744323730000019, -7.277755259999935 ], [ 112.744110108000086, -7.277229784999975 ], [ 112.744369507000215, -7.277130127999897 ], [ 112.744560242000034, -7.277056693999953 ], [ 112.74478912300026, -7.276969909999877 ], [ 112.744911193000235, -7.276906966999888 ], [ 112.745178223000153, -7.27677011399993 ], [ 112.745292663000214, -7.27672004599998 ], [ 112.745429992000254, -7.276647089999813 ], [ 112.745727539000086, -7.276490210999953 ], [ 112.745948792000036, -7.276360033999936 ], [ 112.746002197000053, -7.276309966999975 ], [ 112.74607086200001, -7.276360033999936 ], [ 112.746582031000116, -7.276509760999886 ], [ 112.746742249000022, -7.276549815999942 ], [ 112.747077942000033, -7.276629924999895 ], [ 112.748008728000286, -7.276810167999884 ], [ 112.748397827000076, -7.27686977299993 ], [ 112.748481750000337, -7.276899814999922 ], [ 112.748947144000113, -7.27698993599995 ], [ 112.749153137, -7.2770400039999 ], [ 112.749359131, -7.277082920999874 ], [ 112.749481202000084, -7.277120112999967 ], [ 112.749732971000071, -7.277180194999971 ], [ 112.749999999000124, -7.277219771999967 ], [ 112.750167847000171, -7.277269839999974 ], [ 112.750320434000059, -7.277312278999943 ], [ 112.750282287, -7.277537344999928 ], [ 112.750022888000103, -7.278751848999946 ], [ 112.749969483000086, -7.279030321999926 ], [ 112.749839782000095, -7.279794214999981 ], [ 112.749809265000181, -7.279870033999941 ], [ 112.749748230000023, -7.280177592999962 ], [ 112.749710083000082, -7.280325889999972 ], [ 112.74961853100001, -7.280799389999913 ], [ 112.749542237000242, -7.281189440999924 ], [ 112.749465942000029, -7.281554222999944 ], [ 112.749450683000305, -7.281630038999879 ], [ 112.749382020000098, -7.281893253999897 ], [ 112.749305724000124, -7.282179831999827 ], [ 112.749153137, -7.282730102999949 ], [ 112.749046327000087, -7.283360004999963 ], [ 112.748916626000096, -7.283989906999921 ], [ 112.74870300300006, -7.284985065999933 ], [ 112.748527527000306, -7.285759924999923 ], [ 112.748428345000093, -7.286192892999964 ], [ 112.748397827000076, -7.286300182999923 ], [ 112.748329163000108, -7.286660193999978 ], [ 112.748229981, -7.287119865999898 ], [ 112.748199462000116, -7.287260054999877 ], [ 112.748191834000181, -7.287340163999943 ], [ 112.748146057000213, -7.287508486999911 ], [ 112.74812316900011, -7.287620066999978 ], [ 112.748085022000055, -7.287772178999887 ], [ 112.747993470000097, -7.288214206999953 ], [ 112.747909546000074, -7.288598059999913 ], [ 112.74782562200005, -7.288965224999913 ], [ 112.747650146000069, -7.289742468999918 ], [ 112.747627258000193, -7.289820194999947 ], [ 112.747528076000094, -7.290245532999961 ], [ 112.747512817000029, -7.290329933999942 ], [ 112.74736023000014, -7.290830134999965 ], [ 112.747245788000214, -7.291114330999903 ], [ 112.74771881200013, -7.291394233999881 ], [ 112.748008728000286, -7.291553973999953 ], [ 112.748229981, -7.291659830999947 ], [ 112.748641968000129, -7.291800022999894 ], [ 112.748809813000094, -7.291863917999933 ], [ 112.748916626000096, -7.29191017099987 ], [ 112.749191284000062, -7.292026518999819 ], [ 112.749504088000208, -7.292145251999955 ], [ 112.750495910000041, -7.292516708999869 ], [ 112.751068114000077, -7.292715072999954 ], [ 112.751655579000158, -7.292946338999968 ], [ 112.751884460000156, -7.293035505999967 ], [ 112.752571107000222, -7.293209075999869 ], [ 112.753730774000019, -7.293439864999868 ], [ 112.753929138000217, -7.293473720999941 ], [ 112.75420379600007, -7.293518065999933 ], [ 112.754333497000061, -7.293539523999925 ], [ 112.754737854000041, -7.293564795999885 ], [ 112.755104066000058, -7.293588161999878 ], [ 112.755722047000177, -7.293595313999958 ], [ 112.756546021000077, -7.293605326999966 ], [ 112.757133483000075, -7.293612957999869 ], [ 112.757080078000172, -7.29380988999992 ], [ 112.756935119000332, -7.294401644999937 ], [ 112.756912231000229, -7.294519899999955 ], [ 112.756858825000108, -7.294721126999946 ], [ 112.756629944000224, -7.295589922999966 ], [ 112.756568909000066, -7.295802592999962 ], [ 112.756500244000108, -7.296057699999949 ], [ 112.756408692000036, -7.296397685999978 ], [ 112.756362915000068, -7.296547889999886 ], [ 112.756187439000087, -7.297185419999892 ], [ 112.756149292000032, -7.297319888999937 ], [ 112.756034852000198, -7.297789573999978 ], [ 112.755851746000189, -7.29850864499997 ], [ 112.755790710000042, -7.298739909999881 ], [ 112.755706787, -7.299059867999915 ], [ 112.755500794000227, -7.299719810999875 ], [ 112.755477906000124, -7.299799917999962 ], [ 112.755210876000092, -7.300690173999953 ], [ 112.754959106000229, -7.30163907899987 ], [ 112.754859924000016, -7.302001952999888 ], [ 112.75475311200023, -7.302410124999938 ], [ 112.754577636000022, -7.303080080999905 ], [ 112.75450134200014, -7.303390025999875 ], [ 112.754470826000102, -7.303540229999896 ], [ 112.754455566000047, -7.303615093999952 ], [ 112.754440307000323, -7.303709982999976 ], [ 112.754402160000154, -7.303969859999938 ], [ 112.754432679000047, -7.304150103999973 ], [ 112.754570008000314, -7.304190157999926 ], [ 112.754669190000186, -7.304210186999967 ], [ 112.754783631, -7.304240225999877 ], [ 112.754913329000033, -7.304259776999913 ], [ 112.755050658000073, -7.304289817999916 ], [ 112.755187987000227, -7.304329871999926 ], [ 112.755348205000132, -7.304359911999939 ], [ 112.755500794000227, -7.304399965999949 ], [ 112.755653381000116, -7.304430006999951 ], [ 112.755798341000059, -7.304470061999893 ], [ 112.755950928000175, -7.30451011599996 ], [ 112.756111145000204, -7.30455016999997 ], [ 112.756263733000083, -7.30459022499997 ], [ 112.756431580000026, -7.304629801999965 ], [ 112.756607056000121, -7.304679870999962 ], [ 112.756790162000016, -7.304739951999863 ], [ 112.756797790000064, -7.305029867999963 ], [ 112.75681304800014, -7.305150030999926 ], [ 112.756706238000106, -7.305560111999966 ], [ 112.756607056000121, -7.30595779399988 ], [ 112.756378173000257, -7.305932044999906 ], [ 112.756187439000087, -7.305910108999967 ], [ 112.756111145000204, -7.305900095999903 ], [ 112.75601959100004, -7.305890082999895 ], [ 112.75591278100012, -7.305880069999944 ], [ 112.755790710000042, -7.305860041999892 ], [ 112.755653381000116, -7.305840015999934 ], [ 112.755462647000058, -7.305814266999846 ], [ 112.755363465000187, -7.305799960999877 ], [ 112.755218506, -7.30577993299994 ], [ 112.755088805000014, -7.305759906999981 ], [ 112.754966737000018, -7.30573987899993 ], [ 112.754867554000043, -7.305729865999979 ], [ 112.754768372000058, -7.305719852999914 ], [ 112.754692079000051, -7.305709838999974 ], [ 112.754608155000028, -7.305699823999873 ], [ 112.75453186100026, -7.305689810999922 ], [ 112.754447937000123, -7.305689810999922 ], [ 112.754371644000116, -7.305689810999922 ], [ 112.754272462000017, -7.305689810999922 ], [ 112.754188538000221, -7.30569744099995 ], [ 112.75404357900004, -7.305699823999873 ], [ 112.753906250000114, -7.305709838999974 ], [ 112.753768921000074, -7.305719852999914 ], [ 112.753616333000195, -7.305729865999979 ], [ 112.753471374000014, -7.305749893999916 ], [ 112.753311157000212, -7.305759906999981 ], [ 112.753150939000079, -7.305769919999818 ], [ 112.753028869000104, -7.305777549999902 ], [ 112.752830506000123, -7.305799960999877 ], [ 112.752670289000093, -7.305809973999942 ], [ 112.75258636500007, -7.305814741999882 ], [ 112.752502441000047, -7.30581998699995 ], [ 112.752342224000017, -7.305830002999926 ], [ 112.752159118, -7.305840015999934 ], [ 112.751991272000282, -7.305850028999942 ], [ 112.751808166000046, -7.305860041999892 ], [ 112.751617432000103, -7.305870056999936 ], [ 112.751426696000294, -7.305880069999944 ], [ 112.751228332000096, -7.305890082999895 ], [ 112.751136780000138, -7.305894375999969 ], [ 112.751022339000315, -7.305900095999903 ], [ 112.75079345600011, -7.305900095999903 ], [ 112.750518798000144, -7.305892467999911 ], [ 112.7503280640002, -7.305840015999934 ], [ 112.749992371000189, -7.305830002999926 ], [ 112.749664306000113, -7.305830002999926 ], [ 112.749366760000044, -7.305830002999926 ], [ 112.749076843000125, -7.305860041999892 ], [ 112.748970031000113, -7.305871486999933 ], [ 112.748748780000028, -7.305880069999944 ], [ 112.747932434000063, -7.305900095999903 ], [ 112.747512817000029, -7.305916786999887 ], [ 112.747413635000157, -7.305919646999939 ], [ 112.747161866000056, -7.305920123999897 ], [ 112.747032165000064, -7.305930136999905 ], [ 112.74672699000007, -7.305940150999959 ], [ 112.746292115000074, -7.30596017899984 ], [ 112.745597840000073, -7.305943965999916 ], [ 112.744918823000148, -7.305930136999905 ], [ 112.744728089000205, -7.305930136999905 ], [ 112.744461059000287, -7.305930136999905 ], [ 112.744201660000044, -7.305927276999967 ], [ 112.744049073000156, -7.305920123999897 ], [ 112.743591309000067, -7.305910108999967 ], [ 112.743446350000113, -7.305910108999967 ], [ 112.743286132000208, -7.305905818999975 ], [ 112.743202210000163, -7.305900095999903 ], [ 112.743019104000268, -7.305900095999903 ], [ 112.742523194000114, -7.305900095999903 ], [ 112.742370606000122, -7.305890082999895 ], [ 112.742050171000301, -7.305886744999952 ], [ 112.74174499500009, -7.305872439999973 ], [ 112.74160766600005, -7.306643962999942 ], [ 112.741561889000081, -7.306907652999882 ], [ 112.741394043000014, -7.307743071999937 ], [ 112.741378785000165, -7.307826518999889 ], [ 112.741241456000125, -7.308470725999882 ], [ 112.741111755000134, -7.308431624999969 ], [ 112.741043092000041, -7.308762549999869 ], [ 112.740837097000167, -7.309764384999937 ], [ 112.740577698000038, -7.31104421699996 ], [ 112.740409852000198, -7.311028003999922 ], [ 112.739860534000059, -7.310975073999884 ], [ 112.739173889000199, -7.310909270999957 ], [ 112.738990783000077, -7.312021254999934 ], [ 112.737930298000038, -7.311775683999883 ], [ 112.736541748000036, -7.31146335699998 ], [ 112.735221864000096, -7.311167239999975 ], [ 112.735336304000043, -7.310579775999884 ], [ 112.73525238000002, -7.310550211999896 ] ] ] ] } }
]
}
